run_id,scenario_type,attacks,scale,placement,density,seed,radio_seed,records,attacker_rows,attack_types,attackers,has_pcap
2026-06-17_11-27-10_decrease-n21-core-a5-w0,single,decrease,21,core,a5,42,123456,8839,1400,2,"2,3,4,7,8",yes
2026-06-17_11-29-40_decrease-n21-core-a1-w1,single,decrease,21,core,a1,42,123456,8801,275,2,3,yes
2026-06-17_11-32-10_decrease-n21-mid-a5-w2,single,decrease,21,mid,a5,42,123456,8901,1392,2,"6,9,10,12,13",yes
2026-06-17_11-34-40_decrease-n21-mid-a1-w3,single,decrease,21,mid,a1,42,123456,8957,288,2,11,yes
2026-06-17_11-37-10_decrease-n21-edge-a5-w4,single,decrease,21,edge,a5,42,123456,8843,1391,2,"14,15,18,19,20",yes
2026-06-17_11-39-40_decrease-n21-edge-a1-w5,single,decrease,21,edge,a1,42,123456,8822,277,2,17,yes
2026-06-17_11-42-10_decrease-n31-core-a5-w6,single,decrease,31,core,a5,42,123456,12905,1401,2,"2,3,4,9,10",yes
2026-06-17_11-44-40_decrease-n31-core-a1-w7,single,decrease,31,core,a1,42,123456,12544,281,2,2,yes
2026-06-17_12-31-59_decrease-n31-mid-a5-w0,single,decrease,31,mid,a5,42,123456,12622,1291,2,"12,13,16,18,21",yes
2026-06-17_12-47-42_decrease-n31-mid-a1-w1,single,decrease,31,mid,a1,42,123456,10402,55,2,15,yes
2026-06-17_12-51-10_decrease-n31-edge-a5-w2,single,decrease,31,edge,a5,42,123456,12883,1389,2,"22,24,25,27,29",yes
2026-06-17_12-56-36_decrease-n31-edge-a1-w3,single,decrease,31,edge,a1,42,123456,13003,277,2,29,yes
2026-06-17_12-59-28_dis-n21-core-a5-w4,single,dis,21,core,a5,42,123456,8949,1403,3,"2,3,4,7,8",yes
2026-06-17_13-04-10_dis-n21-core-a1-w5,single,dis,21,core,a1,42,123456,8822,277,3,3,yes
2026-06-17_13-41-46_dis-n21-mid-a5-w6,single,dis,21,mid,a5,42,123456,8854,1385,3,"6,9,10,12,13",yes
2026-06-17_14-22-49_dis-n21-mid-a1-w7,single,dis,21,mid,a1,42,123456,8688,270,3,13,yes
2026-06-17_14-44-25_dis-n31-mid-a1-w5,single,dis,31,mid,a1,42,123456,12770,293,3,15,yes
2026-06-17_14-54-56_dis-n31-mid-a5-w4,single,dis,31,mid,a5,42,123456,12853,1320,3,"12,13,14,20,21",yes
2026-06-17_15-21-50_dis-n21-edge-a5-w0,single,dis,21,edge,a5,42,123456,8863,1392,3,"14,15,16,19,21",yes
2026-06-17_15-29-22_dis-n21-edge-a1-w1,single,dis,21,edge,a1,42,123456,8716,288,3,17,yes
2026-06-17_15-29-22_dis-n31-edge-a5-w6,single,dis,31,edge,a5,42,123456,12736,1402,3,"22,23,24,29,30",yes
2026-06-17_15-50-19_dis-n31-core-a5-w2,single,dis,31,core,a5,42,123456,12862,1400,3,"2,4,5,7,9",yes
2026-06-17_15-51-33_dis-n31-core-a1-w3,single,dis,31,core,a1,42,123456,12735,280,3,9,yes
2026-06-17_15-52-31_dis-n31-edge-a1-w7,single,dis,31,edge,a1,42,123456,12656,275,3,22,yes
2026-06-17_17-07-53_flooding-n21-core-a5-w0,single,flooding,21,core,a5,42,123456,9020,1406,4,"2,3,4,7,8",yes
2026-06-17_17-11-52_flooding-n21-core-a1-w1,single,flooding,21,core,a1,42,123456,8954,275,4,3,yes
2026-06-17_17-34-28_flooding-n21-edge-a1-w5,single,flooding,21,edge,a1,42,123456,8707,280,4,17,yes
2026-06-17_17-55-32_flooding-n21-edge-a5-w4,single,flooding,21,edge,a5,42,123456,8774,1357,4,"14,15,18,19,20",yes
2026-06-17_18-40-49_flooding-n31-core-a5-w6,single,flooding,31,core,a5,42,123456,12810,1400,4,"2,3,4,9,10",yes
2026-06-17_18-55-01_flooding-n31-mid-a1-w1,single,flooding,31,mid,a1,42,123456,12864,279,4,15,yes
2026-06-17_18-55-34_flooding-n21-mid-a1-w3,single,flooding,21,mid,a1,42,123456,8993,277,4,11,yes
2026-06-17_18-59-34_flooding-n31-core-a1-w7,single,flooding,31,core,a1,42,123456,12605,275,4,2,yes
2026-06-17_19-05-26_flooding-n31-mid-a5-w0,single,flooding,31,mid,a5,42,123456,12764,1395,4,"12,13,16,18,21",yes
2026-06-17_19-07-36_flooding-n21-mid-a5-w2,single,flooding,21,mid,a5,42,123456,8922,1412,4,"6,9,10,12,13",yes
2026-06-17_19-12-33_shared-slot-n21-core-a1-w5,single,shared-slot,21,core,a1,42,123456,8866,107,5,3,yes
2026-06-17_19-36-42_shared-slot-n21-core-a5-w4,single,shared-slot,21,core,a5,42,123456,7313,368,5,"2,3,4,7,8",yes
2026-06-17_20-36-36_flooding-n31-edge-a1-w3,single,flooding,31,edge,a1,42,123456,12759,276,4,29,yes
2026-06-17_20-50-25_shared-slot-n31-mid-a1-w5,single,shared-slot,31,mid,a1,42,123456,12797,35,5,15,yes
2026-06-17_21-06-41_shared-slot-n31-mid-a5-w4,single,shared-slot,31,mid,a5,42,123456,12487,684,5,"12,13,14,20,21",yes
2026-06-17_21-08-11_flooding-n31-edge-a5-w2,single,flooding,31,edge,a5,42,123456,12701,1403,4,"22,24,25,27,29",yes
2026-06-17_21-41-35_shared-slot-n21-mid-a5-w6,single,shared-slot,21,mid,a5,42,123456,8612,577,5,"6,9,10,12,13",yes
2026-06-17_21-49-52_shared-slot-n21-edge-a1-w1,single,shared-slot,21,edge,a1,42,123456,8636,106,5,17,yes
2026-06-17_21-57-41_shared-slot-n21-mid-a1-w7,single,shared-slot,21,mid,a1,42,123456,8676,108,5,13,yes
2026-06-17_22-30-32_shared-slot-n21-edge-a5-w0,single,shared-slot,21,edge,a5,42,123456,8755,504,5,"14,15,16,19,21",yes
2026-06-17_23-22-51_shared-slot-n31-edge-a5-w6,single,shared-slot,31,edge,a5,42,123456,12443,567,5,"22,23,24,29,30",yes
2026-06-17_23-32-25_slot-exhaustion-n21-core-a1-w1,single,slot-exhaustion,21,core,a1,42,123456,8993,274,6,3,yes
2026-06-17_23-39-01_shared-slot-n31-edge-a1-w7,single,shared-slot,31,edge,a1,42,123456,12847,286,5,22,yes
2026-06-17_23-39-41_shared-slot-n31-core-a1-w3,single,shared-slot,31,core,a1,42,123456,12647,68,5,9,yes
2026-06-17_23-46-31_slot-exhaustion-n21-edge-a1-w5,single,slot-exhaustion,21,edge,a1,42,123456,8800,281,6,17,yes
2026-06-17_23-58-45_slot-exhaustion-n21-edge-a5-w4,single,slot-exhaustion,21,edge,a5,42,123456,8769,1376,6,"14,15,18,19,20",yes
2026-06-18_00-04-53_slot-exhaustion-n21-core-a5-w0,single,slot-exhaustion,21,core,a5,42,123456,8926,1405,6,"2,3,4,7,8",yes
2026-06-18_00-14-20_shared-slot-n31-core-a5-w2,single,shared-slot,31,core,a5,42,123456,12094,616,5,"2,4,5,7,9",yes
2026-06-18_01-06-38_slot-exhaustion-n31-mid-a1-w1,single,slot-exhaustion,31,mid,a1,42,123456,12565,270,6,15,yes
2026-06-18_01-24-50_timekeep-n21-core-a1-w5,single,timekeep,21,core,a1,42,123456,8866,272,7,3,yes
2026-06-18_01-50-58_slot-exhaustion-n31-mid-a5-w0,single,slot-exhaustion,31,mid,a5,42,123456,12786,1322,6,"12,13,16,18,21",yes
2026-06-18_01-51-40_timekeep-n21-core-a5-w4,single,timekeep,21,core,a5,42,123456,8866,1407,7,"2,3,4,7,8",yes
2026-06-18_02-04-46_slot-exhaustion-n31-core-a5-w6,single,slot-exhaustion,31,core,a5,42,123456,12533,1393,6,"2,3,4,9,10",yes
2026-06-18_02-27-33_slot-exhaustion-n31-core-a1-w7,single,slot-exhaustion,31,core,a1,42,123456,12772,282,6,2,yes
2026-06-18_02-34-44_slot-exhaustion-n21-mid-a1-w3,single,slot-exhaustion,21,mid,a1,42,123456,8967,282,6,11,yes
2026-06-18_02-58-24_timekeep-n31-mid-a1-w5,single,timekeep,31,mid,a1,42,123456,12822,282,7,15,yes
2026-06-18_03-07-32_slot-exhaustion-n21-mid-a5-w2,single,slot-exhaustion,21,mid,a5,42,123456,8938,1405,6,"6,9,10,12,13",yes
2026-06-18_03-26-17_timekeep-n31-mid-a5-w4,single,timekeep,31,mid,a5,42,123456,12041,1224,7,"12,13,14,20,21",yes
2026-06-18_03-59-28_timekeep-n21-edge-a1-w1,single,timekeep,21,edge,a1,42,123456,8683,286,7,17,yes
2026-06-18_04-13-41_slot-exhaustion-n31-edge-a1-w3,single,slot-exhaustion,31,edge,a1,42,123456,12920,283,6,29,yes
2026-06-18_04-58-04_timekeep-n21-edge-a5-w0,single,timekeep,21,edge,a5,42,123456,8837,1400,7,"14,15,16,19,21",yes
2026-06-18_04-59-09_timekeep-n21-mid-a5-w6,single,timekeep,21,mid,a5,42,123456,8871,1411,7,"6,9,10,12,13",yes
2026-06-18_05-06-23_slot-exhaustion-n31-edge-a5-w2,single,slot-exhaustion,31,edge,a5,42,123456,12587,1033,6,"22,24,25,27,29",yes
2026-06-18_05-17-25_blackhole-n21-core-a1-w1,single,blackhole,21,core,a1,42,123456,7034,292,1,3,yes
2026-06-18_05-22-19_timekeep-n21-mid-a1-w7,single,timekeep,21,mid,a1,42,123456,8777,279,7,13,yes
2026-06-18_05-43-45_blackhole-n21-edge-a1-w5,single,blackhole,21,edge,a1,42,123456,6596,254,1,17,yes
2026-06-18_06-12-08_blackhole-n21-edge-a5-w4,single,blackhole,21,edge,a5,42,123456,7320,703,1,"14,15,18,19,20",yes
2026-06-18_06-29-39_timekeep-n31-edge-a5-w6,single,timekeep,31,edge,a5,42,123456,12889,1401,7,"22,23,24,29,30",yes
2026-06-18_06-30-17_blackhole-n21-core-a5-w0,single,blackhole,21,core,a5,42,123456,6383,1144,1,"2,3,4,7,8",yes
2026-06-18_06-52-10_timekeep-n31-edge-a1-w7,single,timekeep,31,edge,a1,42,123456,12867,275,7,22,yes
2026-06-18_07-00-28_timekeep-n31-core-a1-w3,single,timekeep,31,core,a1,42,123456,12728,278,7,9,yes
2026-06-18_07-08-03_blackhole-n31-mid-a1-w1,single,blackhole,31,mid,a1,42,123456,8209,176,1,15,yes
2026-06-18_07-21-13_baseline-n31-w5,single,baseline,31,-,0,42,123456,8949,0,,-,yes
2026-06-18_07-57-37_baseline-n21-w4,single,baseline,21,-,0,42,123456,7857,0,,-,yes
2026-06-18_07-59-39_timekeep-n31-core-a5-w2,single,timekeep,31,core,a5,42,123456,12548,1405,7,"2,4,5,7,9",yes
2026-06-18_08-21-36_blackhole-n31-mid-a5-w0,single,blackhole,31,mid,a5,42,123456,8687,1030,1,"12,13,16,18,21",yes
2026-06-18_09-18-24_blackhole-n31-core-a5-w6,single,blackhole,31,core,a5,42,123456,5875,1066,1,"2,3,4,9,10",yes
2026-06-18_09-56-32_blackhole-n31-core-a1-w7,single,blackhole,31,core,a1,42,123456,8697,264,1,2,yes
2026-06-18_10-03-03_blackhole-n21-mid-a1-w3,single,blackhole,21,mid,a1,42,123456,7678,283,1,11,yes
2026-06-18_10-35-51_blackhole-n21-mid-a5-w2,single,blackhole,21,mid,a5,42,123456,7269,1176,1,"6,9,10,12,13",yes
2026-06-18_11-16-29_blackhole-n31-edge-a1-w3,single,blackhole,31,edge,a1,42,123456,9838,225,1,29,yes
2026-06-18_11-40-22_blackhole-n31-edge-a5-w2,single,blackhole,31,edge,a5,42,123456,9576,725,1,"22,24,25,27,29",yes
2026-06-18_16-03-06_multi-blackhole+dis-n21-s42-w0,multiattack,blackhole+dis,21,core+edge,2+2,42,123456,6468,826,"1,3","A:2,8 B:14,16",yes
2026-06-18_16-05-36_multi-blackhole+dis-n21-s43-w1,multiattack,blackhole+dis,21,core+edge,2+2,43,123456,6301,902,"1,3","A:4,7 B:16,17",yes
2026-06-18_16-08-06_multi-blackhole+dis-n21-s44-w2,multiattack,blackhole+dis,21,core+edge,2+2,44,123456,6726,834,"1,3","A:2,4 B:16,17",yes
2026-06-18_16-10-36_multi-blackhole+dis-n31-s42-w3,multiattack,blackhole+dis,31,core+edge,2+2,42,123456,8140,526,"1,3","A:5,9 B:28,30",yes
2026-06-18_16-13-06_multi-blackhole+dis-n31-s43-w4,multiattack,blackhole+dis,31,core+edge,2+2,43,123456,8193,613,"1,3","A:8,10 B:29,31",yes
2026-06-18_16-15-36_multi-blackhole+dis-n31-s44-w5,multiattack,blackhole+dis,31,core+edge,2+2,44,123456,9091,639,"1,3","A:5,8 B:22,25",yes
2026-06-18_16-18-06_multi-blackhole+timekeep-n21-s42-w6,multiattack,blackhole+timekeep,21,core+edge,2+2,42,123456,7172,913,"1,7","A:3,8 B:14,21",yes
2026-06-18_16-20-36_multi-blackhole+timekeep-n21-s43-w7,multiattack,blackhole+timekeep,21,core+edge,2+2,43,123456,6869,877,"1,7","A:2,8 B:15,19",yes
2026-06-18_17-16-58_multi-blackhole+timekeep-n31-s42-w1,multiattack,blackhole+timekeep,31,core+edge,2+2,42,123456,6984,613,"1,7","A:4,5 B:27,31",yes
2026-06-18_17-36-53_multi-blackhole+timekeep-n21-s44-w0,multiattack,blackhole+timekeep,21,core+edge,2+2,44,123456,7796,1005,"1,7","A:5,7 B:17,18",yes
2026-06-18_17-46-43_multi-blackhole+timekeep-n31-s43-w2,multiattack,blackhole+timekeep,31,core+edge,2+2,43,123456,8547,896,"1,7","A:5,9 B:23,27",yes
2026-06-18_18-10-37_multi-decrease+flooding-n31-s42-w7,multiattack,decrease+flooding,31,core+edge,2+2,42,123456,12810,1088,"2,4","A:2,7 B:22,23",yes
2026-06-18_18-21-39_multi-decrease+flooding-n21-s44-w6,multiattack,decrease+flooding,21,core+edge,2+2,44,123456,8705,1100,"2,4","A:2,8 B:16,21",yes
2026-06-18_18-56-25_multi-decrease+flooding-n21-s42-w4,multiattack,decrease+flooding,21,core+edge,2+2,42,123456,8880,1100,"2,4","A:2,7 B:18,20",yes
2026-06-18_19-01-47_multi-decrease+flooding-n21-s43-w5,multiattack,decrease+flooding,21,core+edge,2+2,43,123456,8944,1102,"2,4","A:4,5 B:17,20",yes
2026-06-18_19-03-34_multi-blackhole+timekeep-n31-s44-w3,multiattack,blackhole+timekeep,31,core+edge,2+2,44,123456,7531,628,"1,7","A:5,8 B:24,26",yes
2026-06-18_19-08-26_multi-decrease+flooding-n31-s43-w0,multiattack,decrease+flooding,31,core+edge,2+2,43,123456,12882,1144,"2,4","A:2,6 B:28,30",yes
2026-06-18_19-48-10_multi-decrease+flooding-n31-s44-w1,multiattack,decrease+flooding,31,core+edge,2+2,44,123456,12828,1113,"2,4","A:5,7 B:22,28",yes
2026-06-18_20-10-11_multi-decrease+dis-n31-s43-w6,multiattack,decrease+dis,31,core+edge,2+2,43,123456,12741,1113,"2,3","A:2,11 B:22,30",yes
2026-06-18_20-49-59_multi-decrease+dis-n21-s42-w2,multiattack,decrease+dis,21,core+edge,2+2,42,123456,8884,1108,"2,3","A:4,7 B:18,21",yes
2026-06-18_20-50-04_multi-decrease+dis-n31-s42-w5,multiattack,decrease+dis,31,core+edge,2+2,42,123456,12751,1104,"2,3","A:5,10 B:27,29",yes
2026-06-18_20-52-56_multi-decrease+dis-n21-s44-w4,multiattack,decrease+dis,21,core+edge,2+2,44,123456,8930,1107,"2,3","A:7,8 B:14,16",yes
2026-06-18_21-20-46_multi-decrease+dis-n31-s44-w7,multiattack,decrease+dis,31,core+edge,2+2,44,123456,12825,1115,"2,3","A:4,7 B:23,30",yes
2026-06-18_21-51-36_multi-decrease+dis-n21-s43-w3,multiattack,decrease+dis,21,core+edge,2+2,43,123456,8831,1112,"2,3","A:5,7 B:18,20",yes
2026-06-18_22-20-31_multi-shared-slot+timekeep-n21-s42-w0,multiattack,shared-slot+timekeep,21,core+edge,2+2,42,123456,8801,681,"5,7","A:2,8 B:14,16",yes
2026-06-18_22-40-39_multi-shared-slot+timekeep-n21-s44-w2,multiattack,shared-slot+timekeep,21,core+edge,2+2,44,123456,8909,775,"5,7","A:2,4 B:16,17",yes
2026-06-18_22-42-03_multi-shared-slot+timekeep-n31-s43-w4,multiattack,shared-slot+timekeep,31,core+edge,2+2,43,123456,12414,881,"5,7","A:8,10 B:29,31",yes
2026-06-18_22-52-23_multi-shared-slot+timekeep-n21-s43-w1,multiattack,shared-slot+timekeep,21,core+edge,2+2,43,123456,8573,672,"5,7","A:4,7 B:16,17",yes
2026-06-18_23-12-19_multi-flooding+shared-slot-n21-s42-w6,multiattack,flooding+shared-slot,21,core+edge,2+2,42,123456,8977,695,"4,5","A:3,8 B:14,21",yes
2026-06-18_23-33-55_multi-shared-slot+timekeep-n31-s42-w3,multiattack,shared-slot+timekeep,31,core+edge,2+2,42,123456,12559,760,"5,7","A:5,9 B:28,30",yes
2026-06-18_23-51-44_multi-shared-slot+timekeep-n31-s44-w5,multiattack,shared-slot+timekeep,31,core+edge,2+2,44,123456,12313,689,"5,7","A:5,8 B:22,25",yes
2026-06-18_23-53-40_multi-flooding+shared-slot-n21-s44-w0,multiattack,flooding+shared-slot,21,core+edge,2+2,44,123456,8707,669,"4,5","A:5,7 B:17,18",yes
2026-06-19_00-18-42_multi-flooding+shared-slot-n31-s43-w2,multiattack,flooding+shared-slot,31,core+edge,2+2,43,123456,12833,857,"4,5","A:5,9 B:23,27",yes
2026-06-19_00-23-53_multi-flooding+shared-slot-n21-s43-w7,multiattack,flooding+shared-slot,21,core+edge,2+2,43,123456,8903,875,"4,5","A:2,8 B:15,19",yes
2026-06-19_00-29-48_multi-flooding+shared-slot-n31-s42-w1,multiattack,flooding+shared-slot,31,core+edge,2+2,42,123456,13089,841,"4,5","A:4,5 B:27,31",yes
2026-06-19_02-02-21_multi-flooding+shared-slot-n31-s44-w3,multiattack,flooding+shared-slot,31,core+edge,2+2,44,123456,12270,714,"4,5","A:5,8 B:24,26",yes
2026-08-12_14-04-59_decrease-n21-core-a5-s7331-w0,multiseed,decrease,21,core,a5,42,7331,8662,1403,2,"2,3,4,7,8",yes
2026-08-12_14-06-26_decrease-n21-core-a5-s9173-w1,multiseed,decrease,21,core,a5,42,9173,8794,1392,2,"2,3,4,7,8",yes
2026-08-12_14-07-56_decrease-n21-mid-a5-s7331-w2,multiseed,decrease,21,mid,a5,42,7331,8847,1398,2,"6,9,10,12,13",yes
2026-08-12_14-09-26_decrease-n21-mid-a5-s9173-w3,multiseed,decrease,21,mid,a5,42,9173,8842,1410,2,"9,10,11,12,13",yes
2026-08-12_14-10-56_decrease-n21-edge-a5-s7331-w4,multiseed,decrease,21,edge,a5,42,7331,8883,1395,2,"14,15,18,19,20",yes
2026-08-12_14-12-26_decrease-n21-edge-a5-s9173-w5,multiseed,decrease,21,edge,a5,42,9173,8913,1384,2,"14,17,18,19,20",yes
2026-08-12_14-13-56_decrease-n31-core-a5-s7331-w6,multiseed,decrease,31,core,a5,42,7331,12585,1395,2,"2,3,4,9,10",yes
2026-08-12_14-15-26_decrease-n31-core-a5-s9173-w7,multiseed,decrease,31,core,a5,42,9173,12841,1401,2,"2,5,7,10,11",yes
2026-08-17_22-54-24_decrease-n31-mid-a5-s7331-w0,multiseed,decrease,31,mid,a5,42,7331,12978,1393,2,"12,13,16,18,21",yes
2026-08-17_22-55-54_decrease-n31-mid-a5-s9173-w1,multiseed,decrease,31,mid,a5,42,9173,12498,1400,2,"12,14,15,17,20",yes
2026-08-17_22-57-24_decrease-n31-edge-a5-s7331-w2,multiseed,decrease,31,edge,a5,42,7331,12696,1397,2,"22,24,25,27,29",yes
2026-08-17_22-58-54_decrease-n31-edge-a5-s9173-w3,multiseed,decrease,31,edge,a5,42,9173,11102,530,2,"24,25,27,29,31",yes
2026-08-17_23-00-24_dis-n21-core-a5-s7331-w4,multiseed,dis,21,core,a5,42,7331,8948,1413,3,"2,3,4,7,8",yes
2026-08-17_23-01-54_dis-n21-core-a5-s9173-w5,multiseed,dis,21,core,a5,42,9173,8828,1376,3,"2,3,4,5,7",yes
2026-08-17_23-03-25_dis-n21-mid-a5-s7331-w6,multiseed,dis,21,mid,a5,42,7331,8948,1404,3,"6,9,10,12,13",yes
2026-08-17_23-04-55_dis-n21-mid-a5-s9173-w7,multiseed,dis,21,mid,a5,42,9173,8891,1415,3,"6,10,11,12,13",yes
2026-08-18_00-20-56_dis-n31-edge-a5-s9173-w7,multiseed,dis,31,edge,a5,42,9173,12799,1386,3,"22,25,27,30,31",yes
2026-08-18_00-36-42_dis-n31-mid-a5-s7331-w4,multiseed,dis,31,mid,a5,42,7331,13002,1397,3,"12,13,14,20,21",yes
2026-08-18_00-43-24_dis-n31-edge-a5-s7331-w6,multiseed,dis,31,edge,a5,42,7331,12834,1406,3,"22,23,24,29,30",yes
2026-08-18_00-46-22_dis-n31-mid-a5-s9173-w5,multiseed,dis,31,mid,a5,42,9173,12782,1412,3,"12,13,15,17,20",yes
2026-08-18_00-59-47_dis-n31-core-a5-s7331-w2,multiseed,dis,31,core,a5,42,7331,12589,1382,3,"2,4,5,7,9",yes
2026-08-18_01-26-35_dis-n31-core-a5-s9173-w3,multiseed,dis,31,core,a5,42,9173,12707,1416,3,"4,5,7,9,11",yes
2026-08-18_01-26-42_dis-n21-edge-a5-s7331-w0,multiseed,dis,21,edge,a5,42,7331,8920,1410,3,"14,15,16,19,21",yes
2026-08-18_01-32-42_dis-n21-edge-a5-s9173-w1,multiseed,dis,21,edge,a5,42,9173,8795,1392,3,"14,15,16,17,19",yes
2026-08-18_03-17-22_flooding-n21-core-a5-s7331-w0,multiseed,flooding,21,core,a5,42,7331,8866,1409,4,"2,3,4,7,8",yes
2026-08-18_03-21-42_flooding-n31-core-a5-s9173-w7,multiseed,flooding,31,core,a5,42,9173,12713,1394,4,"2,5,7,10,11",yes
2026-08-18_03-41-22_flooding-n21-edge-a5-s7331-w4,multiseed,flooding,21,edge,a5,42,7331,8895,1397,4,"14,15,18,19,20",yes
2026-08-18_03-48-19_flooding-n21-edge-a5-s9173-w5,multiseed,flooding,21,edge,a5,42,9173,8903,1390,4,"14,17,18,19,20",yes
2026-08-18_03-49-20_flooding-n31-core-a5-s7331-w6,multiseed,flooding,31,core,a5,42,7331,12898,1402,4,"2,3,4,9,10",yes
2026-08-18_04-03-45_flooding-n21-mid-a5-s7331-w2,multiseed,flooding,21,mid,a5,42,7331,8951,1414,4,"6,9,10,12,13",yes
2026-08-18_04-23-34_flooding-n21-mid-a5-s9173-w3,multiseed,flooding,21,mid,a5,42,9173,8541,1322,4,"9,10,11,12,13",yes
2026-08-18_04-56-06_flooding-n31-mid-a5-s7331-w0,multiseed,flooding,31,mid,a5,42,7331,12807,1395,4,"12,13,16,18,21",yes
2026-08-18_05-39-02_shared-slot-n21-core-a5-s9173-w5,multiseed,shared-slot,21,core,a5,42,9173,7968,395,5,"2,3,4,5,7",yes
2026-08-18_05-43-50_shared-slot-n21-core-a5-s7331-w4,multiseed,shared-slot,21,core,a5,42,7331,7426,318,5,"2,3,4,7,8",yes
2026-08-18_05-58-20_flooding-n31-edge-a5-s7331-w2,multiseed,flooding,31,edge,a5,42,7331,12730,1394,4,"22,24,25,27,29",yes
2026-08-18_06-20-21_shared-slot-n21-mid-a5-s9173-w7,multiseed,shared-slot,21,mid,a5,42,9173,8235,352,5,"6,10,11,12,13",yes
2026-08-18_06-22-29_flooding-n31-edge-a5-s9173-w3,multiseed,flooding,31,edge,a5,42,9173,12734,1378,4,"24,25,27,29,31",yes
2026-08-18_06-48-22_shared-slot-n21-mid-a5-s7331-w6,multiseed,shared-slot,21,mid,a5,42,7331,8507,277,5,"6,9,10,12,13",yes
2026-08-18_07-05-27_shared-slot-n31-mid-a5-s7331-w4,multiseed,shared-slot,31,mid,a5,42,7331,12747,601,5,"12,13,14,20,21",yes
2026-08-18_07-08-16_shared-slot-n31-mid-a5-s9173-w5,multiseed,shared-slot,31,mid,a5,42,9173,12513,574,5,"12,13,15,17,20",yes
2026-08-18_07-46-36_shared-slot-n31-edge-a5-s9173-w7,multiseed,shared-slot,31,edge,a5,42,9173,12730,849,5,"22,25,27,30,31",yes
2026-08-18_07-55-33_shared-slot-n21-edge-a5-s7331-w0,multiseed,shared-slot,21,edge,a5,42,7331,8498,337,5,"14,15,16,19,21",yes
2026-08-18_07-58-59_flooding-n31-mid-a5-s9173-w1,multiseed,flooding,31,mid,a5,42,9173,12798,1399,4,"12,14,15,17,20",yes
2026-08-18_08-17-02_shared-slot-n31-edge-a5-s7331-w6,multiseed,shared-slot,31,edge,a5,42,7331,12640,522,5,"22,23,24,29,30",yes
2026-08-18_09-12-22_shared-slot-n31-core-a5-s7331-w2,multiseed,shared-slot,31,core,a5,42,7331,11049,343,5,"2,4,5,7,9",yes
2026-08-18_09-33-26_slot-exhaustion-n21-core-a5-s7331-w0,multiseed,slot-exhaustion,21,core,a5,42,7331,8894,1407,6,"2,3,4,7,8",yes
2026-08-18_09-46-33_shared-slot-n31-core-a5-s9173-w3,multiseed,shared-slot,31,core,a5,42,9173,10777,300,5,"4,5,7,9,11",yes
2026-08-18_10-01-14_slot-exhaustion-n21-edge-a5-s9173-w5,multiseed,slot-exhaustion,21,edge,a5,42,9173,8793,1401,6,"14,17,18,19,20",yes
2026-08-18_10-01-25_slot-exhaustion-n21-edge-a5-s7331-w4,multiseed,slot-exhaustion,21,edge,a5,42,7331,8810,1388,6,"14,15,18,19,20",yes
2026-08-18_10-42-21_slot-exhaustion-n31-core-a5-s9173-w7,multiseed,slot-exhaustion,31,core,a5,42,9173,12841,1394,6,"2,5,7,10,11",yes
2026-08-18_11-10-25_slot-exhaustion-n31-core-a5-s7331-w6,multiseed,slot-exhaustion,31,core,a5,42,7331,12563,1400,6,"2,3,4,9,10",yes
2026-08-18_11-16-52_slot-exhaustion-n31-mid-a5-s7331-w0,multiseed,slot-exhaustion,31,mid,a5,42,7331,12745,1404,6,"12,13,16,18,21",yes
2026-08-18_11-20-58_shared-slot-n21-edge-a5-s9173-w1,multiseed,shared-slot,21,edge,a5,42,9173,8553,493,5,"14,15,16,17,19",yes
2026-08-18_11-49-35_timekeep-n21-core-a5-s9173-w5,multiseed,timekeep,21,core,a5,42,9173,8942,1409,7,"2,3,4,5,7",yes
2026-08-18_11-54-42_slot-exhaustion-n21-mid-a5-s7331-w2,multiseed,slot-exhaustion,21,mid,a5,42,7331,8934,1380,6,"6,9,10,12,13",yes
2026-08-18_11-55-21_timekeep-n21-core-a5-s7331-w4,multiseed,timekeep,21,core,a5,42,7331,8807,1379,7,"2,3,4,7,8",yes
2026-08-18_12-26-54_slot-exhaustion-n21-mid-a5-s9173-w3,multiseed,slot-exhaustion,21,mid,a5,42,9173,8891,1382,6,"9,10,11,12,13",yes
2026-08-18_12-48-31_slot-exhaustion-n21-core-a5-s9173-w1,multiseed,slot-exhaustion,21,core,a5,42,9173,8996,1290,6,"2,3,4,7,8",yes
2026-08-18_13-29-44_timekeep-n31-mid-a5-s9173-w5,multiseed,timekeep,31,mid,a5,42,9173,12683,1398,7,"12,13,15,17,20",yes
2026-08-18_13-30-56_timekeep-n31-mid-a5-s7331-w4,multiseed,timekeep,31,mid,a5,42,7331,12701,1397,7,"12,13,14,20,21",yes
2026-08-18_13-41-53_timekeep-n21-mid-a5-s9173-w7,multiseed,timekeep,21,mid,a5,42,9173,8951,1410,7,"6,10,11,12,13",yes
2026-08-18_13-54-31_slot-exhaustion-n31-edge-a5-s7331-w2,multiseed,slot-exhaustion,31,edge,a5,42,7331,12982,1400,6,"22,24,25,27,29",yes
2026-08-18_14-04-34_timekeep-n21-mid-a5-s7331-w6,multiseed,timekeep,21,mid,a5,42,7331,8829,1413,7,"6,9,10,12,13",yes
2026-08-18_14-17-57_slot-exhaustion-n31-edge-a5-s9173-w3,multiseed,slot-exhaustion,31,edge,a5,42,9173,12772,1405,6,"24,25,27,29,31",yes
2026-08-18_14-19-56_timekeep-n21-edge-a5-s7331-w0,multiseed,timekeep,21,edge,a5,42,7331,8811,1399,7,"14,15,16,19,21",yes
2026-08-18_14-29-36_slot-exhaustion-n31-mid-a5-s9173-w1,multiseed,slot-exhaustion,31,mid,a5,42,9173,12774,1348,6,"12,14,15,17,20",yes
2026-08-18_15-14-29_timekeep-n31-edge-a5-s9173-w7,multiseed,timekeep,31,edge,a5,42,9173,12850,1386,7,"22,25,27,30,31",yes
2026-08-18_15-38-41_timekeep-n31-edge-a5-s7331-w6,multiseed,timekeep,31,edge,a5,42,7331,12818,1397,7,"22,23,24,29,30",yes
2026-08-18_15-57-13_blackhole-n21-core-a5-s7331-w0,multiseed,blackhole,21,core,a5,42,7331,5698,1085,1,"2,3,4,7,8",yes
2026-08-18_16-11-53_blackhole-n21-edge-a5-s9173-w5,multiseed,blackhole,21,edge,a5,42,9173,7448,979,1,"14,17,18,19,20",yes
2026-08-18_16-15-10_blackhole-n21-edge-a5-s7331-w4,multiseed,blackhole,21,edge,a5,42,7331,6797,898,1,"14,15,18,19,20",yes
2026-08-18_17-05-08_timekeep-n31-core-a5-s7331-w2,multiseed,timekeep,31,core,a5,42,7331,12804,1397,7,"2,4,5,7,9",yes
2026-08-18_17-31-26_timekeep-n31-core-a5-s9173-w3,multiseed,timekeep,31,core,a5,42,9173,12542,1414,7,"4,5,7,9,11",yes
2026-08-18_17-54-42_blackhole-n31-mid-a5-s7331-w0,multiseed,blackhole,31,mid,a5,42,7331,7292,393,1,"12,13,16,18,21",yes
2026-08-18_17-57-45_timekeep-n21-edge-a5-s9173-w1,multiseed,timekeep,21,edge,a5,42,9173,8784,1413,7,"14,15,16,17,19",yes
2026-08-18_18-11-25_blackhole-n31-core-a5-s9173-w7,multiseed,blackhole,31,core,a5,42,9173,9114,1232,1,"2,5,7,10,11",yes
2026-08-18_18-24-15_blackhole-n31-core-a5-s7331-w6,multiseed,blackhole,31,core,a5,42,7331,7370,1028,1,"2,3,4,9,10",yes
2026-08-18_19-18-40_blackhole-n21-core-a5-s9173-w1,multiseed,blackhole,21,core,a5,42,9173,5501,1126,1,"2,3,4,7,8",yes
2026-08-18_19-25-00_blackhole-n21-mid-a5-s7331-w2,multiseed,blackhole,21,mid,a5,42,7331,7027,1232,1,"6,9,10,12,13",yes
2026-08-18_19-45-44_blackhole-n21-mid-a5-s9173-w3,multiseed,blackhole,21,mid,a5,42,9173,7238,1132,1,"9,10,11,12,13",yes
2026-08-18_20-39-09_blackhole-n31-mid-a5-s9173-w1,multiseed,blackhole,31,mid,a5,42,9173,9874,1148,1,"12,14,15,17,20",yes
2026-08-18_20-53-38_blackhole-n31-edge-a5-s9173-w3,multiseed,blackhole,31,edge,a5,42,9173,6209,111,1,"24,25,27,29,31",yes
2026-08-18_23-23-21_blackhole-n31-edge-a5-s7331-w2,multiseed,blackhole,31,edge,a5,42,7331,6686,11,1,"22,24,25,27,29",yes
2026-08-18_23-23-21_flooding-n21-core-a5-s9173-w1,multiseed,flooding,21,core,a5,42,9173,7666,694,4,"2,3,4,7,8",yes
