scale,fold,model,macro_f1
21,0,flat LR,0.5384734041802863
21,0,flat RF,0.6242438617780222
21,0,layered LR+RF,0.5802899810445972
21,0,layered LR+LR,0.5926178109853215
21,0,layered RF+RF,0.6129716973890403
21,0,layered RF+LR,0.6527377818404521
21,1,flat LR,0.43763122559753015
21,1,flat RF,0.5285336623926501
21,1,layered LR+RF,0.552419371058956
21,1,layered LR+LR,0.4888676000265268
21,1,layered RF+RF,0.5610152764236643
21,1,layered RF+LR,0.566987784177354
21,2,flat LR,0.5193482370088692
21,2,flat RF,0.6003075284873687
21,2,layered LR+RF,0.5625280185370993
21,2,layered LR+LR,0.5448453375586817
21,2,layered RF+RF,0.5589532553087824
21,2,layered RF+LR,0.527727349860647
21,3,flat LR,0.5707490123713901
21,3,flat RF,0.6841178442061038
21,3,layered LR+RF,0.6853641772300254
21,3,layered LR+LR,0.6227623234400733
21,3,layered RF+RF,0.6503766699260662
21,3,layered RF+LR,0.6166017380212613
21,4,flat LR,0.6234473283055874
21,4,flat RF,0.6743913085973909
21,4,layered LR+RF,0.6514148379998588
21,4,layered LR+LR,0.6289263047821554
21,4,layered RF+RF,0.6877563482672797
21,4,layered RF+LR,0.6724065141872392
31,0,flat LR,0.4725756416628867
31,0,flat RF,0.6394864559884519
31,0,layered LR+RF,0.5580551336220232
31,0,layered LR+LR,0.5259290958740026
31,0,layered RF+RF,0.6425290198365283
31,0,layered RF+LR,0.6201916113055044
31,1,flat LR,0.4836794892542789
31,1,flat RF,0.7082989135653619
31,1,layered LR+RF,0.570024072054788
31,1,layered LR+LR,0.5612288286476488
31,1,layered RF+RF,0.7089762052705364
31,1,layered RF+LR,0.7063547114230235
31,2,flat LR,0.5123767637473552
31,2,flat RF,0.6086559270544484
31,2,layered LR+RF,0.5756386304646306
31,2,layered LR+LR,0.5609217238855528
31,2,layered RF+RF,0.6164813035515662
31,2,layered RF+LR,0.5935262010738016
31,3,flat LR,0.4800201399633062
31,3,flat RF,0.5861073909258746
31,3,layered LR+RF,0.5470848918833384
31,3,layered LR+LR,0.5309385071552586
31,3,layered RF+RF,0.6385977407071343
31,3,layered RF+LR,0.6145663423282963
31,4,flat LR,0.531965188566305
31,4,flat RF,0.5929537721691576
31,4,layered LR+RF,0.6020512530549341
31,4,layered LR+LR,0.5883062945779987
31,4,layered RF+RF,0.6633866604311844
31,4,layered RF+LR,0.6672362472903861
