scale,attack,run,seed,atk_ppm,nrm_ppm,atk_ctrl,nrm_ctrl,atk_rank,nrm_rank,atk_buf,nrm_buf
21,blackhole,2026-08-18_15-57-13_blackhole-n21-core-a5-s7331-w0,7331,3.974316134171265,6.727721675774279,18.2077736745361,16.96728223981146,689.7814797598135,1186.6247154789203,8.110453004678885,6.756632880075046
21,blackhole,2026-08-18_16-11-53_blackhole-n21-edge-a5-s9173-w5,9173,3.957853795590288,7.721549500373336,18.387373157634183,17.1573466420438,1447.259652220532,912.3572787751763,6.299397197424396,8.153246481879332
21,blackhole,2026-08-18_16-15-10_blackhole-n21-edge-a5-s7331-w4,7331,3.9808745953563487,7.694919056056767,17.517957687742033,16.44124119164521,1503.2360789729644,960.6557085217124,9.738455932798763,9.407850206896676
21,blackhole,2026-08-18_19-18-40_blackhole-n21-core-a5-s9173-w1,9173,3.9858431005107264,6.664649081081173,17.98720467909456,16.95098498046195,675.7100441451068,1175.5030586442895,9.850773138760498,7.007270162205758
21,blackhole,2026-08-18_19-25-00_blackhole-n21-mid-a5-s7331-w2,7331,3.9655095762359744,7.837075883261688,17.853899360703657,16.27389551646285,1081.7762506202675,1100.224349914686,5.613946130062077,8.048316589035007
21,blackhole,2026-08-18_19-45-44_blackhole-n21-mid-a5-s9173-w3,9173,3.9537194543646024,7.111046336382911,18.301828273235635,15.636161252833961,1013.5667632198296,1041.3981389875444,9.743306366986626,8.96612932530855
21,blackhole,2026-06-18_06-12-08_blackhole-n21-edge-a5-w4,123456,3.9636266977813763,6.775391149463445,18.02263599077782,14.935773470436231,1453.8724173667829,1016.855443721855,5.815916203641719,9.314218396469574
21,blackhole,2026-06-18_06-30-17_blackhole-n21-core-a5-w0,123456,3.943464599360135,6.802175479472892,17.73969717988488,16.89078695901202,683.9034537143127,1183.7499431439442,9.674368498864569,7.593750398798903
21,blackhole,2026-06-18_10-35-51_blackhole-n21-mid-a5-w2,123456,3.970188831635067,8.0007976843555,18.86331325515436,17.04146059229358,1067.7011318931782,1053.0288088214925,7.157920873231797,6.2460701266862895
21,decrease,2026-08-12_14-04-59_decrease-n21-core-a5-s7331-w0,7331,3.9793203757990705,8.714906633306816,15.532426852726863,15.016616882617605,387.2,789.1316872427983,7.448417744137589,2.0372536140269766
21,decrease,2026-08-12_14-06-26_decrease-n21-core-a5-s9173-w1,9173,4.004968222172053,8.730069170665137,15.366896344007468,14.977140963350834,387.2,803.0358490566038,6.104630778431036,1.9066268257148087
21,decrease,2026-08-12_14-07-56_decrease-n21-mid-a5-s7331-w2,7331,3.9946411551879883,8.758128186799224,15.09867424444227,14.954664575092501,524.8,744.5,4.369074821744887,2.430647836881543
21,decrease,2026-08-12_14-09-26_decrease-n21-mid-a5-s9173-w3,9173,3.9976949325868416,8.738524865765271,15.955540141049045,15.346070802256897,625.6,758.0,4.855588285368866,2.9165011576002087
21,decrease,2026-08-12_14-10-56_decrease-n21-edge-a5-s7331-w4,7331,3.9927166240939393,8.737412037605752,15.94100164925064,14.732582670169782,1035.2,833.0,2.3576871389644602,2.956602029515998
21,decrease,2026-08-12_14-12-26_decrease-n21-edge-a5-s9173-w5,9173,3.99655174146383,8.74352532284403,15.164663341659281,15.01535578022898,788.8,769.5,3.1225306707021603,2.62815039457598
21,decrease,2026-06-17_11-27-10_decrease-n21-core-a5-w0,123456,4.0068948879809225,8.749550681917277,15.4870450214864,15.259286866368079,387.2,814.1574803149606,9.134668277652338,2.060005929719708
21,decrease,2026-06-17_11-32-10_decrease-n21-mid-a5-w2,123456,3.990429598041485,8.734331729431887,16.01311418121728,15.171735735619276,524.8,728.7450296778654,6.982838453744682,2.1649658713851987
21,decrease,2026-06-17_11-37-10_decrease-n21-edge-a5-w4,123456,3.9869727211437676,8.759565454089486,15.838370977205333,14.569347383214991,1036.8,833.0,2.3949945415764597,3.209786219228343
21,dis,2026-08-17_23-00-24_dis-n21-core-a5-s7331-w4,7331,3.995790749482957,8.742946481602294,44.63028260526933,22.702735632721588,614.4,976.0,3.9755008254782624,2.3078814768429674
21,dis,2026-08-17_23-01-54_dis-n21-core-a5-s9173-w5,9173,3.9827637338018915,8.732401488346104,44.54046575288443,22.049169685290536,614.4,1120.0653061224489,3.8561108250397043,2.937881382656129
21,dis,2026-08-17_23-03-25_dis-n21-mid-a5-s7331-w6,7331,4.0015655276865525,8.746054307177301,39.97054419373184,23.03517557700244,870.8942084942086,928.0,2.7612660630584034,3.032870418271905
21,dis,2026-08-17_23-04-55_dis-n21-mid-a5-s9173-w7,9173,4.008799093055383,8.761605109924938,40.51894437884896,23.345083766319867,870.4,848.0,3.869544219316373,2.3649393080610226
21,dis,2026-08-18_01-26-42_dis-n21-edge-a5-s7331-w0,7331,4.002313920704831,8.751908180138932,41.09199640231081,20.463129698987423,1228.8,816.0,1.954457102823709,2.861047112410976
21,dis,2026-08-18_01-32-42_dis-n21-edge-a5-s9173-w1,9173,3.993880172096074,8.750127285210993,40.73040787455295,21.39993597091067,1177.6,832.0,2.169211975458177,2.8334949753442498
21,dis,2026-06-17_12-59-28_dis-n21-core-a5-w4,123456,4.000801995211029,8.736401788138998,43.97643621254899,22.784180549378807,614.4,1136.1238286278854,7.501125885006213,2.113151999451257
21,dis,2026-06-17_13-41-46_dis-n21-mid-a5-w6,123456,3.992348143895966,8.727284235677342,40.02172073208202,22.937836987983573,870.4,943.84375,3.002519784832468,3.2006509992612386
21,dis,2026-06-17_15-21-50_dis-n21-edge-a5-w0,123456,4.003798812229585,8.76073483471874,40.89318914695774,20.452916097725726,1331.2,864.0,1.7151264310902934,3.3937256063277683
21,flooding,2026-08-18_03-17-22_flooding-n21-core-a5-s7331-w0,7331,59.23097224901089,26.001690702762055,15.167812097631852,15.03105222290274,614.4,976.0,7.708758090454613,2.360353202542173
21,flooding,2026-08-18_03-41-22_flooding-n21-edge-a5-s7331-w4,7331,58.93710035391591,25.801474100836835,15.48275192005245,15.500246571582533,1299.451968503937,848.0,9.5284057726654,4.341233461365057
21,flooding,2026-08-18_03-48-19_flooding-n21-edge-a5-s9173-w5,9173,59.68370014696295,26.149875676856194,15.600454381340551,15.32134757644953,1177.6,784.0,6.627087177645237,3.2363036301193544
21,flooding,2026-08-18_04-03-45_flooding-n21-mid-a5-s7331-w2,7331,59.237218755839514,26.02724870788991,14.62153095323814,15.00390036587816,921.6,992.0,7.354296945594987,3.182632468491554
21,flooding,2026-08-18_04-23-34_flooding-n21-mid-a5-s9173-w3,9173,59.106016801386296,24.064950301608032,15.212198678476813,15.119027027825245,972.8,993.8823529411765,8.322142726032684,3.424611848998063
21,flooding,2026-08-18_23-23-21_flooding-n21-core-a5-s9173-w1,9173,58.84641626385572,14.382026226590172,15.215911499347376,14.390629289427368,716.8,952.6107324448498,6.015169187604004,5.041921640991306
21,flooding,2026-06-17_17-07-53_flooding-n21-core-a5-w0,123456,59.05971687966063,25.95356721208709,15.107110105390277,15.404802300082629,614.4,1120.0,8.499145640568951,2.0510428705376547
21,flooding,2026-06-17_17-55-32_flooding-n21-edge-a5-w4,123456,58.88774149897779,24.245860606991293,15.522283944927613,15.118057353470991,1280.0,888.4705882352941,8.85680340018109,3.7946613694793894
21,flooding,2026-06-17_19-07-36_flooding-n21-mid-a5-w2,123456,58.99493925907301,25.94007715207412,14.80163903597236,14.79003076259136,921.6,1008.0,6.423033507601613,3.4970002027816105
21,shared-slot,2026-08-18_05-39-02_shared-slot-n21-core-a5-s9173-w5,9173,1.2768953536329195,6.28945101014188,6.156073325554881,12.361016729256786,570.0266666666666,1004.1990602661605,12.584100456005572,5.815080983433968
21,shared-slot,2026-08-18_05-43-50_shared-slot-n21-core-a5-s7331-w4,7331,1.3573853813615586,5.2555996607119635,6.713909902445093,10.222380994460702,624.5374860956618,951.4174249159067,11.535728435609032,6.4876259851976545
21,shared-slot,2026-08-18_06-20-21_shared-slot-n21-mid-a5-s9173-w7,9173,1.170508377024963,6.123202979258151,4.774518637346368,10.813147297079865,974.2907857879994,983.7445885742976,4.884166298098187,4.801390979471593
21,shared-slot,2026-08-18_06-48-22_shared-slot-n21-mid-a5-s7331-w6,7331,2.487317845164705,6.847013139484695,9.093968170572525,13.507893132861826,881.5881481481481,947.4537717663006,3.2327770458205243,3.4161415481175887
21,shared-slot,2026-08-18_07-55-33_shared-slot-n21-edge-a5-s7331-w0,7331,1.9315898617750278,6.917503314356744,7.822448775811935,13.008253180215315,1256.9089700996678,923.4558964068889,5.214476137887254,3.8164055886261896
21,shared-slot,2026-08-18_11-20-58_shared-slot-n21-edge-a5-s9173-w1,9173,1.2078614532621272,7.2438931139036455,2.9442798588127914,13.992392974469734,1178.3876923076923,915.9673371802218,3.6022911579492067,4.149959097421283
21,shared-slot,2026-06-17_19-36-42_shared-slot-n21-core-a5-w4,123456,1.6975690033730835,4.164822508696551,9.413304207435667,5.868156542842423,615.1314285714286,1014.1546314619436,5.857007474374987,6.004113032635422
21,shared-slot,2026-06-17_21-41-35_shared-slot-n21-mid-a5-w6,123456,2.464274900756438,6.9507506591755694,9.801894367729846,12.605234460864986,912.4,962.9213385538127,5.978687889328754,4.3213364327400425
21,shared-slot,2026-06-17_22-30-32_shared-slot-n21-edge-a5-w0,123456,1.9403671517665912,7.502145277348973,7.56643576734524,14.394822719857578,1356.4170310701957,988.4976447471576,3.8063097766249143,3.693488576655748
21,slot-exhaustion,2026-08-18_09-33-26_slot-exhaustion-n21-core-a5-s7331-w0,7331,4.005338833193686,8.75633796315636,23.175531151822817,14.67005155193229,614.4,1008.1020599250936,1.382027636016581,3.054911473777231
21,slot-exhaustion,2026-08-18_10-01-14_slot-exhaustion-n21-edge-a5-s9173-w5,9173,3.996921243095012,8.760789072036669,23.93553881564274,14.883147148974174,1228.8,784.0,0.48380004593775305,3.308734393944082
21,slot-exhaustion,2026-08-18_10-01-25_slot-exhaustion-n21-edge-a5-s7331-w4,7331,3.994635045269527,8.74640531107724,23.33667416986848,14.9571245574163,1228.8,848.0027281746031,0.6269901384342133,2.973124890197484
21,slot-exhaustion,2026-08-18_11-54-42_slot-exhaustion-n21-mid-a5-s7331-w2,7331,4.001528901673519,8.734679574093471,23.877478378660083,14.530376670933117,921.6,1008.0615384615385,0.40990836971562566,3.2821152139343948
21,slot-exhaustion,2026-08-18_12-26-54_slot-exhaustion-n21-mid-a5-s9173-w3,9173,3.9954074345404136,8.736736769468529,22.92090425964517,14.95074698192183,972.8,976.0,0.6171785226667379,3.5951703655797767
21,slot-exhaustion,2026-08-18_12-48-31_slot-exhaustion-n21-core-a5-s9173-w1,9173,3.9920522495523905,8.457814929759088,23.669133643889133,14.65931166553757,614.4,1054.1176470588234,1.0628167517137945,2.330578201930828
21,slot-exhaustion,2026-06-17_23-58-45_slot-exhaustion-n21-edge-a5-w4,123456,3.997337191803338,8.740429320162285,23.771489934062856,14.628655068106962,1382.4,848.0,0.3263334494785203,2.9820609438917662
21,slot-exhaustion,2026-06-18_00-04-53_slot-exhaustion-n21-core-a5-w0,123456,4.010718102516525,8.750467974067682,22.828953819644273,14.91669226169468,614.4,1024.0,1.4925479496482477,1.9398005285901365
21,slot-exhaustion,2026-06-18_03-07-32_slot-exhaustion-n21-mid-a5-w2,123456,3.9957668787831295,8.7438909561902,23.02778458942351,14.850500021866573,921.6,960.3092495920168,0.5108263788098693,3.285636189655132
21,timekeep,2026-08-18_11-49-35_timekeep-n21-core-a5-s9173-w5,9173,4.000744674171179,8.7361480881753,15.995573127468285,14.699991209601794,636.8851711026616,1104.0,3.804013519721792,2.1117554083616836
21,timekeep,2026-08-18_11-55-21_timekeep-n21-core-a5-s7331-w4,7331,3.990409286567931,8.747018285857944,15.98552820822179,15.142204089262531,614.4,976.0,3.153836855442173,2.237157920436534
21,timekeep,2026-08-18_13-41-53_timekeep-n21-mid-a5-s9173-w7,9173,3.986239431987491,8.73911893434929,16.408171488959432,15.022844385779738,870.4,848.0,2.9791072077373366,2.407939973825087
21,timekeep,2026-08-18_14-04-34_timekeep-n21-mid-a5-s7331-w6,7331,3.988874916503349,8.75179242981876,15.62858297010374,15.029689268740157,870.4,928.0,2.6791333514159956,2.8763280700471974
21,timekeep,2026-08-18_14-19-56_timekeep-n21-edge-a5-s7331-w0,7331,3.9904373880104473,8.745571456397679,15.720516028220075,14.708023623470943,1126.4,784.0,1.8738860432622633,2.851739769228984
21,timekeep,2026-08-18_17-57-45_timekeep-n21-edge-a5-s9173-w1,9173,4.001155101327159,8.31050983915354,15.861040829920384,13.670979697339375,1177.6,832.266301869585,2.755921378837795,3.309431583083136
21,timekeep,2026-06-18_01-51-40_timekeep-n21-core-a5-w4,123456,3.994629289449281,8.735063682033093,15.435063344414209,15.127431977837379,614.4,1008.0,3.1944015983698577,1.947125106322368
21,timekeep,2026-06-18_04-58-04_timekeep-n21-edge-a5-w0,123456,4.00841446462818,8.738852114248942,16.16039944877414,14.630486913864262,1331.2,864.0,1.8788302985641945,3.2013221711654967
21,timekeep,2026-06-18_04-59-09_timekeep-n21-mid-a5-w6,123456,3.991941312130355,8.7384207527438,15.721986232075427,14.964685890729374,921.6,962.3875968992248,3.5297082815546887,2.929249401512343
31,blackhole,2026-08-18_17-54-42_blackhole-n31-mid-a5-s7331-w0,7331,3.0221031506539644,5.515896706863616,13.061061629271265,13.31791935901403,1218.1140498652292,1296.1185432719678,11.937034839280685,13.193834832552843
31,blackhole,2026-08-18_18-11-25_blackhole-n31-core-a5-s9173-w7,9173,3.967338552635291,6.385719724759779,17.924288026317953,14.87475137300345,972.8615630606952,1313.7509337980946,7.103195441110418,9.905310985852994
31,blackhole,2026-08-18_18-24-15_blackhole-n31-core-a5-s7331-w6,7331,3.9892698777119358,4.973438355801848,19.160165609375035,12.259621375347363,793.1067853947892,1313.2266795524872,6.80881632719521,10.688336320270736
31,blackhole,2026-08-18_20-39-09_blackhole-n31-mid-a5-s9173-w1,9173,3.978141418048755,7.187813177412429,19.902759486717304,17.7308070601467,1170.8360666472945,1214.299130863604,8.838068865346088,7.650036109039942
31,blackhole,2026-08-18_20-53-38_blackhole-n31-edge-a5-s9173-w3,9173,4.0489369501466275,4.97687901120898,18.41158052297165,13.798166533613282,1733.5384615384614,1138.924196634438,9.354214864083286,13.094830135923472
31,blackhole,2026-06-18_08-21-36_blackhole-n31-mid-a5-w0,123456,3.9598264955903417,6.1971336720757835,18.662996359200413,14.647066723390605,1205.3789015066736,1244.365402028506,8.774181694112253,12.124024584957109
31,blackhole,2026-06-18_09-18-24_blackhole-n31-core-a5-w6,123456,4.0072938970174645,4.57855911664429,17.610757500877362,9.810227239313326,771.7123507649336,1347.954282473237,9.265201388639147,12.82687527273651
31,blackhole,2026-06-18_11-40-22_blackhole-n31-edge-a5-w2,123456,3.9509678105784958,6.89909256017153,17.520001259318605,16.907019248451068,1710.5575419201855,1091.0995120070263,7.05410519889737,10.993225988613206
31,decrease,2026-08-12_14-13-56_decrease-n31-core-a5-s7331-w6,7331,4.000777109839747,8.459689102505012,16.11168215123681,15.573940887299626,443.2,1014.7692307692307,4.456129016757341,2.945251608775401
31,decrease,2026-08-12_14-15-26_decrease-n31-core-a5-s9173-w7,9173,3.991948273115611,8.425999485915826,15.479876899452526,15.857445194369477,467.2,919.7465581097373,7.164337283041645,3.3176828764937007
31,decrease,2026-08-17_22-54-24_decrease-n31-mid-a5-s7331-w0,7331,3.993488905437289,8.454392116809139,15.981724187534653,15.457070550217422,776.0,898.7692307692307,2.815133092122076,3.0175291391381154
31,decrease,2026-08-17_22-55-54_decrease-n31-mid-a5-s9173-w1,9173,4.002302904847155,8.424944100468286,15.607343024208664,15.55534834664404,779.2,941.4221531246653,4.048899475056748,2.929116692443155
31,decrease,2026-08-17_22-57-24_decrease-n31-edge-a5-s7331-w2,7331,4.006502783101777,8.449744407976002,16.4960089010301,15.562315812618086,1136.0,936.0800500312695,1.9629259631015388,2.7672682108978726
31,decrease,2026-08-17_22-58-54_decrease-n31-edge-a5-s9173-w3,9173,4.014349532932348,6.824575776550409,16.43720821710081,14.273602294862302,1087.8989306930694,978.0988034418099,2.576820135468715,2.9567668607645596
31,decrease,2026-06-17_11-42-10_decrease-n31-core-a5-w6,123456,3.995414572925644,8.454483903583553,15.413979420155982,15.507575548301617,388.8,941.9360828768278,6.193149772172375,2.4582632164094536
31,decrease,2026-06-17_12-31-59_decrease-n31-mid-a5-w0,123456,3.997247420533081,8.281608831960884,15.831330403871295,15.816970693517314,777.6,915.350078047396,4.357756195334088,3.0521610920513274
31,decrease,2026-06-17_12-51-10_decrease-n31-edge-a5-w2,123456,3.995419691914371,8.44221755531988,16.46420998761612,15.961171885947085,1037.8992366412215,966.5286935286936,2.68534613789839,3.278772498869824
31,dis,2026-08-18_00-20-56_dis-n31-edge-a5-s9173-w7,9173,3.997303528632179,8.457483877563782,39.6675573469474,19.709919571768904,1433.6,955.0769230769231,1.9753113170340542,3.0408506178190087
31,dis,2026-08-18_00-36-42_dis-n31-mid-a5-s7331-w4,7331,4.000380387309237,8.457719270915568,39.97518828661437,22.373808324439583,1024.0,1033.8461538461538,2.9040368387971287,2.7435645813154315
31,dis,2026-08-18_00-43-24_dis-n31-edge-a5-s7331-w6,7331,4.003054902073068,8.457338421062758,40.811819164853645,19.662026151303532,1484.8,974.7692307692307,1.8827915609508186,3.176159708281848
31,dis,2026-08-18_00-46-22_dis-n31-mid-a5-s9173-w5,9173,4.000373448552684,8.450199717842942,39.670395530806836,22.017716634933,1126.4,1024.0,1.9308991960049735,3.159157457273188
31,dis,2026-08-18_00-59-47_dis-n31-core-a5-s7331-w2,7331,4.008065252584102,8.454822311241308,43.19845687901353,20.822372967016236,665.6,1161.8484162895927,5.356498264488996,3.1792562698958227
31,dis,2026-08-18_01-26-35_dis-n31-core-a5-s9173-w3,9173,4.006502422938269,8.449468499453248,42.65948073523659,21.547229165318097,665.6,1220.923076923077,5.255495264347159,3.0899763865425767
31,dis,2026-06-17_14-54-56_dis-n31-mid-a5-w4,123456,4.010937062535409,8.26449088512647,39.779806458900495,22.057571477776637,1126.4,1059.8748262108263,1.7188927839075454,3.439259952313774
31,dis,2026-06-17_15-29-22_dis-n31-edge-a5-w6,123456,4.001917556049599,8.458674332058848,40.59868052335762,19.87517047150171,1382.4,994.4802573852004,2.116257062647441,3.2082052271510264
31,dis,2026-06-17_15-50-19_dis-n31-core-a5-w2,123456,4.017968369000036,8.457039221202171,42.69344578849096,20.745076068148016,716.8,1230.7692307692307,4.202584973196844,2.6973092885388086
31,flooding,2026-08-18_03-21-42_flooding-n31-core-a5-s9173-w7,9173,59.41662996587824,19.12408228727111,15.4679332452806,15.51205442612722,716.8,1152.0,6.003768478166602,2.8714459146096964
31,flooding,2026-08-18_03-49-20_flooding-n31-core-a5-s7331-w6,7331,59.074097961983384,19.017579003358843,15.911236262147895,15.964073581449362,665.6,1111.5184273724344,7.167862027918391,2.7298269808119766
31,flooding,2026-08-18_04-56-06_flooding-n31-mid-a5-s7331-w0,7331,59.75161710876521,19.152340276468696,15.299402130180834,15.756855408203906,1075.2,1033.8461538461538,6.0818668770876725,3.8269712420500834
31,flooding,2026-08-18_05-58-20_flooding-n31-edge-a5-s7331-w2,7331,59.222464045826676,19.0799309625193,16.036961644870225,15.600879185302961,1433.6,974.7692307692307,4.902098702999402,4.767977376466451
31,flooding,2026-08-18_06-22-29_flooding-n31-edge-a5-s9173-w3,9173,59.143765513659524,19.0513525302881,15.836376435351273,15.796288322973153,1433.6,964.9230769230769,6.865725998075655,4.455821316795327
31,flooding,2026-08-18_07-58-59_flooding-n31-mid-a5-s9173-w1,9173,59.26464459888509,19.078024530920576,15.803269550024249,15.598516509143963,1075.2,1033.8461538461538,5.9615902499560125,3.0760565600630523
31,flooding,2026-06-17_18-40-49_flooding-n31-core-a5-w6,123456,59.28264247864998,19.089104024472768,15.556821859353505,15.560706151892568,665.6,1043.6923076923076,8.012705406456686,3.153318396558432
31,flooding,2026-06-17_19-05-26_flooding-n31-mid-a5-w0,123456,59.42053461231418,19.121323549970633,15.090289812448692,15.670011671383339,1075.2,1073.2307692307693,6.0240570028764395,3.0894540671740747
31,flooding,2026-06-17_21-08-11_flooding-n31-edge-a5-w2,123456,59.07106345628639,19.02935673469572,15.48960814161019,15.433455717683792,1382.4,935.3846153846154,6.484871971234696,3.8494915529585496
31,shared-slot,2026-08-18_07-05-27_shared-slot-n31-mid-a5-s7331-w4,7331,2.515418260137815,7.652205962647932,12.345973006670743,15.467032638250192,1072.15938697318,1038.1423370227922,3.710344337635104,3.4747050394820835
31,shared-slot,2026-08-18_07-08-16_shared-slot-n31-mid-a5-s9173-w5,9173,2.809234508877796,7.544671053849877,11.647473859496817,14.485498835385672,1077.8790697674417,1007.5758358801975,2.8715240386451293,3.0594904098937694
31,shared-slot,2026-08-18_07-46-36_shared-slot-n31-edge-a5-s9173-w7,9173,2.9570481564332316,7.809618894810868,11.32603317080596,14.749845621478288,1485.5796954314721,1016.9013334521661,2.9450468992390926,3.6472151951644274
31,shared-slot,2026-08-18_08-17-02_shared-slot-n31-edge-a5-s7331-w6,7331,1.3475764799216265,7.511679466542974,3.8727739751025196,14.95835074825643,1433.6,1051.7897995526807,1.8347381864623244,3.2723019018922197
31,shared-slot,2026-08-18_09-12-22_shared-slot-n31-core-a5-s7331-w2,7331,2.659434009875482,6.72701293627527,10.434588067172232,14.86448443422195,667.8505494505495,1117.064419307437,7.3669950738916254,5.805628108022844
31,shared-slot,2026-08-18_09-46-33_shared-slot-n31-core-a5-s9173-w3,9173,1.6186577676282456,6.117850779820629,6.253747834892838,12.486532106850069,666.7636363636364,1165.144466753354,7.005214617707746,5.868040633116525
31,shared-slot,2026-06-17_21-06-41_shared-slot-n31-mid-a5-w4,123456,2.2768302706341794,7.646217993951664,8.196677191465673,15.294993458296608,1024.0,1023.2881184091724,2.115350347327092,3.995002679186453
31,shared-slot,2026-06-17_23-22-51_shared-slot-n31-edge-a5-w6,123456,2.5733678193548806,7.578785443187813,9.711812791770864,15.440852899342326,1434.209523809524,1060.5774418067301,2.083441274386156,3.3931249318941967
31,shared-slot,2026-06-18_00-14-20_shared-slot-n31-core-a5-w2,123456,3.0833302044480315,6.422275016457576,13.962669163646126,11.507978733509498,717.5456310679613,1159.8151221856363,4.937077370418483,4.569431002480325
31,slot-exhaustion,2026-08-18_10-42-21_slot-exhaustion-n31-core-a5-s9173-w7,9173,4.002669555880211,8.460874314301893,23.84979339526212,15.421481558103718,716.8,1083.076923076923,0.7703399059222235,3.1237588745675797
31,slot-exhaustion,2026-08-18_11-10-25_slot-exhaustion-n31-core-a5-s7331-w6,7331,3.9820165012640976,8.453978533460873,23.146395293876306,15.346339887975374,665.6,1142.4913347522042,1.509454778355392,3.059048779072902
31,slot-exhaustion,2026-08-18_11-16-52_slot-exhaustion-n31-mid-a5-s7331-w0,7331,4.003057624310046,8.471322472800658,24.288996848084793,15.536914604685903,1075.2,1024.0766237653397,0.4126584024518213,2.844238660692848
31,slot-exhaustion,2026-08-18_13-54-31_slot-exhaustion-n31-edge-a5-s7331-w2,7331,4.001161718317045,8.4637410887338,23.67344323864771,15.524788433259804,1331.2,945.2307692307693,0.9159558289222135,2.554200651697431
31,slot-exhaustion,2026-08-18_14-17-57_slot-exhaustion-n31-edge-a5-s9173-w3,9173,3.98965387396348,8.456602027712247,24.012291120656656,15.508448299033798,1433.6,955.0769230769231,0.6076869335887246,2.9348172697983306
31,slot-exhaustion,2026-08-18_14-29-36_slot-exhaustion-n31-mid-a5-s9173-w1,9173,3.9799910985565234,8.302557346285395,23.58571464769496,15.436965390789,1126.4,1137.833551198257,0.4191390148030837,2.714604990005412
31,slot-exhaustion,2026-06-18_01-50-58_slot-exhaustion-n31-mid-a5-w0,123456,4.002600128859621,8.28300295541359,23.654729296465742,15.431054299820744,1075.2,1071.4074074074074,0.8206499019584446,2.7896349400175087
31,slot-exhaustion,2026-06-18_02-04-46_slot-exhaustion-n31-core-a5-w6,123456,3.9934922348425195,8.44994793253423,23.19202313222222,15.25488679339251,665.6,1112.6153846153845,1.4142197181432488,2.609727920464046
31,slot-exhaustion,2026-06-18_05-06-23_slot-exhaustion-n31-edge-a5-w2,123456,3.998830434463214,8.086105095008852,24.518707627304618,15.536420047116474,1484.8,1034.4256634327965,0.41238337574215433,3.8990965316889477
31,timekeep,2026-08-18_13-29-44_timekeep-n31-mid-a5-s9173-w5,9173,3.9985191398417967,8.448733024394599,16.52168586224166,15.448268949850409,1126.4,994.5367563694412,1.777532568388019,3.014482771417803
31,timekeep,2026-08-18_13-30-56_timekeep-n31-mid-a5-s7331-w4,7331,3.978961677625171,8.456302762734497,16.10964486515701,15.348647513021499,1075.2,1024.0,3.4168909842225865,2.5968440329879607
31,timekeep,2026-08-18_15-14-29_timekeep-n31-edge-a5-s9173-w7,9173,4.01033459500286,8.443209253390712,15.945004873185212,15.605738447948998,1433.6,955.0769230769231,2.073969771217614,2.7986562309759244
31,timekeep,2026-08-18_15-38-41_timekeep-n31-edge-a5-s7331-w6,7331,3.9942587386215087,8.463664761786557,16.2762801444514,15.174890366881755,1536.0,1004.3076923076923,2.015766947223496,3.2764782599055797
31,timekeep,2026-08-18_17-05-08_timekeep-n31-core-a5-s7331-w2,7331,3.9950202650670144,8.450425780204766,15.870578150721519,15.61514708521091,665.6,1142.1538461538462,4.247725887440862,3.090186739840248
31,timekeep,2026-08-18_17-31-26_timekeep-n31-core-a5-s9173-w3,9173,3.990822323608293,8.448595080823218,17.048923749314625,15.570742992661394,700.5003745318352,1191.3846153846155,3.722411198862376,2.967473610798173
31,timekeep,2026-06-18_03-26-17_timekeep-n31-mid-a5-w4,123456,3.991956188663005,7.685209889523853,18.804681703210377,15.735246411939196,1129.0825267818857,1080.0775371375876,2.9025303500073902,5.233039993775751
31,timekeep,2026-06-18_06-29-39_timekeep-n31-edge-a5-w6,123456,3.9927481073184894,8.455727949341249,16.361524470647602,15.414257468192899,1331.2,984.689138576779,1.9508943963138776,3.257053882276392
31,timekeep,2026-06-18_07-59-39_timekeep-n31-core-a5-w2,123456,3.9946200283142517,8.449120644161102,15.88050441711402,15.404468773650564,665.6,1152.0,3.8384973876519313,2.969237938466325
