scale,attack,atk_ppm,nrm_ppm,atk_ctrl,nrm_ctrl,atk_rank,nrm_rank,atk_buf,nrm_buf,atk_ppm_sd,nrm_ppm_sd,atk_ctrl_sd,nrm_ctrl_sd,atk_rank_sd,nrm_rank_sd,atk_buf_sd,nrm_buf_sd,n
21,blackhole,3.97,7.26,18.1,16.48,1068.53,1070.04,8.0,7.94,0.01,0.55,0.4,0.75,340.92,99.58,1.82,1.14,9
21,decrease,3.99,8.74,15.6,15.0,633.07,785.9,5.2,2.48,0.01,0.01,0.35,0.24,263.11,38.03,2.39,0.47,9
21,dis,4.0,8.75,41.82,22.13,910.28,940.45,3.42,2.78,0.01,0.01,1.96,1.11,277.82,119.17,1.75,0.43,9
21,flooding,59.11,24.29,15.19,15.08,946.52,951.44,7.7,3.44,0.26,3.8,0.33,0.34,265.63,98.97,1.2,0.92,9
21,shared-slot,1.73,6.37,7.14,11.86,929.97,965.76,6.3,4.72,0.52,1.07,2.27,2.63,290.91,34.42,3.41,1.12,9
21,slot-exhaustion,4.0,8.71,23.39,14.78,944.36,945.62,0.77,2.97,0.01,0.1,0.43,0.16,292.01,94.89,0.43,0.52,9
21,timekeep,3.99,8.69,15.88,14.78,907.03,922.96,2.87,2.65,0.01,0.14,0.29,0.46,261.82,100.64,0.66,0.49,9
31,blackhole,3.87,5.84,17.78,14.17,1197.01,1244.97,8.64,11.31,0.34,0.97,2.07,2.52,367.82,91.4,1.69,1.91,8
31,decrease,4.0,8.25,15.98,15.51,765.98,945.86,4.03,2.97,0.01,0.54,0.43,0.49,285.18,35.67,1.75,0.26,9
31,dis,4.01,8.43,41.01,20.98,1069.51,1072.84,3.04,3.08,0.01,0.06,1.45,1.07,328.28,105.17,1.5,0.23,9
31,flooding,59.29,19.08,15.61,15.65,1058.13,1035.91,6.39,3.54,0.21,0.04,0.31,0.16,318.72,70.3,0.88,0.72,9
31,shared-slot,2.43,7.22,9.75,14.36,1064.4,1071.14,3.87,4.12,0.59,0.63,3.17,1.4,333.17,60.89,2.11,1.07,9
31,slot-exhaustion,3.99,8.38,23.77,15.44,1063.82,1056.25,0.81,2.95,0.01,0.13,0.46,0.1,321.56,72.71,0.41,0.4,9
31,timekeep,3.99,8.37,16.54,15.48,1073.69,1058.69,2.88,3.24,0.01,0.26,0.93,0.17,333.12,85.31,0.95,0.77,9
