scale,attack,placement,RF_naive,LR_naive,n_attacker_rows
21,Blackhole,core,1.0,0.9589,292
21,Blackhole,mid,0.9982,0.9669,283
21,Blackhole,edge,0.9961,0.8474,254
21,Decrease,core,1.0,0.9538,275
21,Decrease,mid,0.9983,1.0,288
21,Decrease,edge,0.9982,0.9946,277
21,DIS,core,0.9982,0.9669,277
21,DIS,mid,0.9963,0.9249,270
21,DIS,edge,0.9965,0.9713,288
21,AppFlood,core,1.0,0.9982,275
21,AppFlood,mid,0.9982,0.9875,277
21,AppFlood,edge,1.0,1.0,280
21,Shared,core,0.986,0.658,107
21,Shared,mid,0.9719,0.484,108
21,Shared,edge,0.9951,0.4476,106
21,6P,core,0.9982,0.9946,274
21,6P,mid,0.9982,0.993,282
21,6P,edge,0.9964,0.9947,281
21,Desync,core,1.0,0.9095,272
21,Desync,mid,1.0,0.9348,279
21,Desync,edge,0.9983,0.8766,286
31,Blackhole,core,0.9981,0.5723,264
31,Blackhole,mid,0.8547,0.5046,176
31,Blackhole,edge,1.0,0.9978,225
31,Decrease,core,1.0,0.993,281
31,Decrease,mid,0.9905,0.9265,55
31,Decrease,edge,1.0,1.0,277
31,DIS,core,0.9982,0.9545,280
31,DIS,mid,0.9966,0.9683,293
31,DIS,edge,0.9982,0.9414,275
31,AppFlood,core,0.9982,0.9964,275
31,AppFlood,mid,1.0,0.9982,279
31,AppFlood,edge,1.0,0.9946,276
31,Shared,core,0.9383,0.2806,68
31,Shared,mid,0.9667,0.0583,35
31,Shared,edge,0.9964,0.561,286
31,6P,core,1.0,0.9982,282
31,6P,mid,0.9981,0.9981,270
31,6P,edge,0.9964,0.993,283
31,Desync,core,0.9945,0.9259,278
31,Desync,mid,0.9964,0.5102,282
31,Desync,edge,0.9982,0.637,275
