scale,attack,placement,RF,LR
21,Blackhole,core,0.5939,0.5618
21,Blackhole,mid,0.6104,0.738
21,Blackhole,edge,0.3368,0.5307
21,Decrease,core,1.0,0.9836
21,Decrease,mid,0.9918,0.5502
21,Decrease,edge,0.8,0.9378
21,DIS,core,0.9935,0.9637
21,DIS,mid,0.9509,0.9652
21,DIS,edge,0.9901,0.9388
21,AppFlood,core,1.0,0.9829
21,AppFlood,mid,1.0,0.9982
21,AppFlood,edge,0.9997,0.9958
21,Shared,core,0.4103,0.403
21,Shared,mid,0.3572,0.2842
21,Shared,edge,0.2562,0.1666
21,6P,core,0.9968,0.9553
21,6P,mid,0.9683,0.9975
21,6P,edge,0.8586,0.7777
21,Desync,core,0.642,0.7038
21,Desync,mid,0.2933,0.4654
21,Desync,edge,0.3092,0.4423
31,Blackhole,core,0.4366,0.7147
31,Blackhole,mid,0.6117,0.7302
31,Blackhole,edge,0.5581,0.5029
31,Decrease,core,1.0,0.8911
31,Decrease,mid,0.7996,0.8261
31,Decrease,edge,0.9982,0.9715
31,DIS,core,0.9649,0.9401
31,DIS,mid,0.9858,0.9858
31,DIS,edge,0.984,0.9849
31,AppFlood,core,1.0,0.9971
31,AppFlood,mid,0.9852,0.9953
31,AppFlood,edge,0.9971,0.9918
31,Shared,core,0.0,0.1376
31,Shared,mid,0.3099,0.356
31,Shared,edge,0.3492,0.3277
31,6P,core,0.9978,0.9918
31,6P,mid,0.8772,0.9984
31,6P,edge,0.7987,0.9969
31,Desync,core,0.527,0.4874
31,Desync,mid,0.7538,0.6906
31,Desync,edge,0.3339,0.7726
