feature,6P,AppFlood,Blackhole,DIS,Decrease,Desync,Shared
app_packet_count,0.0608,0.3056,0.1669,0.0497,0.0536,0.1437,0.2087
bcast_tx,0.0768,0.0012,0.0009,0.1782,0.0003,0.1807,0.0014
buf_occupancy,0.0113,0.0041,0.0022,0.0004,0.0007,0.0008,0.0012
d_app,0.0002,0.563,0.0009,0.0004,0.0,0.0017,0.0003
dao_sent,0.0209,0.0058,0.1244,0.0179,0.0392,0.0508,0.0694
delta_rx,0.006,0.0042,0.006,0.0066,0.0054,0.0328,0.0084
delta_tx,0.0067,0.0345,0.0106,0.0074,0.0137,0.0333,0.0107
dio_sent,0.0957,0.0627,0.2123,0.0828,0.0894,0.171,0.2976
dis_sent,0.0122,0.0039,0.0907,0.607,0.022,0.0986,0.1404
forward_ratio,0.0,0.0,0.1151,0.0,0.0,0.0,0.0
nbr_count,0.0013,0.0009,0.02,0.0057,0.0041,0.0262,0.0296
parent_switch_count,0.0051,0.0024,0.0987,0.0076,0.0086,0.0381,0.0562
rank,0.0062,0.0012,0.0441,0.0148,0.1543,0.0698,0.0676
rank_increase,0.0014,0.0005,0.0082,0.0021,0.5563,0.0054,0.0102
route_count,0.0079,0.0052,0.0546,0.0113,0.0294,0.0764,0.0442
rssi,0.0051,0.0025,0.04,0.0074,0.0188,0.0655,0.0516
tx_slot_count,0.6823,0.0023,0.0044,0.0006,0.004,0.0053,0.0026
