attack,feature,importance,std,rank
6P,tx_slot_count,0.6823,0.0049,1
6P,dio_sent,0.0957,0.0026,2
6P,bcast_tx,0.0768,0.0047,3
AppFlood,d_app,0.563,0.0057,1
AppFlood,app_packet_count,0.3056,0.0073,2
AppFlood,dio_sent,0.0627,0.0029,3
Blackhole,dio_sent,0.2123,0.0133,1
Blackhole,app_packet_count,0.1669,0.0082,2
Blackhole,dao_sent,0.1244,0.0131,3
DIS,dis_sent,0.607,0.0262,1
DIS,bcast_tx,0.1782,0.0132,2
DIS,dio_sent,0.0828,0.0049,3
Decrease,rank_increase,0.5563,0.0177,1
Decrease,rank,0.1543,0.0255,2
Decrease,dio_sent,0.0894,0.0032,3
Desync,bcast_tx,0.1807,0.0217,1
Desync,dio_sent,0.171,0.0136,2
Desync,app_packet_count,0.1437,0.0088,3
Shared,dio_sent,0.2976,0.02,1
Shared,app_packet_count,0.2087,0.0137,2
Shared,dis_sent,0.1404,0.0104,3
