attack,feature,importance,std
Blackhole,rank,0.0441,0.0029
Blackhole,buf_occupancy,0.0022,0.0003
Blackhole,dio_sent,0.2123,0.0133
Blackhole,dao_sent,0.1244,0.0131
Blackhole,dis_sent,0.0907,0.0122
Blackhole,nbr_count,0.02,0.0096
Blackhole,tx_slot_count,0.0044,0.0008
Blackhole,parent_switch_count,0.0987,0.0144
Blackhole,rssi,0.04,0.013
Blackhole,route_count,0.0546,0.013
Blackhole,delta_tx,0.0106,0.0017
Blackhole,delta_rx,0.006,0.0008
Blackhole,app_packet_count,0.1669,0.0082
Blackhole,forward_ratio,0.1151,0.01
Blackhole,bcast_tx,0.0009,0.0001
Blackhole,rank_increase,0.0082,0.0015
Blackhole,d_app,0.0009,0.0001
Decrease,rank,0.1543,0.0255
Decrease,buf_occupancy,0.0007,0.0002
Decrease,dio_sent,0.0894,0.0032
Decrease,dao_sent,0.0392,0.0049
Decrease,dis_sent,0.022,0.0039
Decrease,nbr_count,0.0041,0.0021
Decrease,tx_slot_count,0.004,0.0016
Decrease,parent_switch_count,0.0086,0.0014
Decrease,rssi,0.0188,0.002
Decrease,route_count,0.0294,0.0031
Decrease,delta_tx,0.0137,0.0022
Decrease,delta_rx,0.0054,0.0011
Decrease,app_packet_count,0.0536,0.0064
Decrease,forward_ratio,0.0,0.0
Decrease,bcast_tx,0.0003,0.0001
Decrease,rank_increase,0.5563,0.0177
Decrease,d_app,0.0,0.0
DIS,rank,0.0148,0.0029
DIS,buf_occupancy,0.0004,0.0001
DIS,dio_sent,0.0828,0.0049
DIS,dao_sent,0.0179,0.003
DIS,dis_sent,0.607,0.0262
DIS,nbr_count,0.0057,0.0016
DIS,tx_slot_count,0.0006,0.0002
DIS,parent_switch_count,0.0076,0.002
DIS,rssi,0.0074,0.0017
DIS,route_count,0.0113,0.0091
DIS,delta_tx,0.0074,0.0009
DIS,delta_rx,0.0066,0.0009
DIS,app_packet_count,0.0497,0.0032
DIS,forward_ratio,0.0,0.0
DIS,bcast_tx,0.1782,0.0132
DIS,rank_increase,0.0021,0.0006
DIS,d_app,0.0004,0.0002
AppFlood,rank,0.0012,0.0002
AppFlood,buf_occupancy,0.0041,0.0006
AppFlood,dio_sent,0.0627,0.0029
AppFlood,dao_sent,0.0058,0.0007
AppFlood,dis_sent,0.0039,0.0006
AppFlood,nbr_count,0.0009,0.0005
AppFlood,tx_slot_count,0.0023,0.0012
AppFlood,parent_switch_count,0.0024,0.0014
AppFlood,rssi,0.0025,0.0009
AppFlood,route_count,0.0052,0.0023
AppFlood,delta_tx,0.0345,0.0048
AppFlood,delta_rx,0.0042,0.0019
AppFlood,app_packet_count,0.3056,0.0073
AppFlood,forward_ratio,0.0,0.0
AppFlood,bcast_tx,0.0012,0.0004
AppFlood,rank_increase,0.0005,0.0002
AppFlood,d_app,0.563,0.0057
Shared,rank,0.0676,0.0082
Shared,buf_occupancy,0.0012,0.0004
Shared,dio_sent,0.2976,0.02
Shared,dao_sent,0.0694,0.0085
Shared,dis_sent,0.1404,0.0104
Shared,nbr_count,0.0296,0.0052
Shared,tx_slot_count,0.0026,0.0003
Shared,parent_switch_count,0.0562,0.0188
Shared,rssi,0.0516,0.0131
Shared,route_count,0.0442,0.0043
Shared,delta_tx,0.0107,0.0007
Shared,delta_rx,0.0084,0.0008
Shared,app_packet_count,0.2087,0.0137
Shared,forward_ratio,0.0,0.0
Shared,bcast_tx,0.0014,0.0003
Shared,rank_increase,0.0102,0.0026
Shared,d_app,0.0003,0.0001
6P,rank,0.0062,0.0017
6P,buf_occupancy,0.0113,0.0026
6P,dio_sent,0.0957,0.0026
6P,dao_sent,0.0209,0.008
6P,dis_sent,0.0122,0.0026
6P,nbr_count,0.0013,0.0005
6P,tx_slot_count,0.6823,0.0049
6P,parent_switch_count,0.0051,0.0003
6P,rssi,0.0051,0.0035
6P,route_count,0.0079,0.001
6P,delta_tx,0.0067,0.0018
6P,delta_rx,0.006,0.0011
6P,app_packet_count,0.0608,0.0076
6P,forward_ratio,0.0,0.0
6P,bcast_tx,0.0768,0.0047
6P,rank_increase,0.0014,0.0008
6P,d_app,0.0002,0.0001
Desync,rank,0.0698,0.0322
Desync,buf_occupancy,0.0008,0.0002
Desync,dio_sent,0.171,0.0136
Desync,dao_sent,0.0508,0.0029
Desync,dis_sent,0.0986,0.0233
Desync,nbr_count,0.0262,0.0066
Desync,tx_slot_count,0.0053,0.001
Desync,parent_switch_count,0.0381,0.0041
Desync,rssi,0.0655,0.0155
Desync,route_count,0.0764,0.0086
Desync,delta_tx,0.0333,0.0054
Desync,delta_rx,0.0328,0.0066
Desync,app_packet_count,0.1437,0.0088
Desync,forward_ratio,0.0,0.0
Desync,bcast_tx,0.1807,0.0217
Desync,rank_increase,0.0054,0.0011
Desync,d_app,0.0017,0.0007
