attack,fold,model,config,f1
blackhole,0,LR,default,0.2897526501766784
blackhole,0,LR,small,0.2936507936507936
blackhole,0,LR,large,0.2907981698017285
blackhole,0,RF,default,0.301994301994302
blackhole,0,RF,small,0.3430345362824991
blackhole,0,RF,large,0.2289156626506024
blackhole,0,XGBoost,default,0.2388469457789979
blackhole,0,XGBoost,small,0.3208076275939427
blackhole,0,XGBoost,large,0.2831858407079646
blackhole,0,LightGBM,default,0.2852807283763277
blackhole,0,LightGBM,small,0.301278488048916
blackhole,0,LightGBM,large,0.2932604735883424
blackhole,0,kNN,default,0.2229965156794424
blackhole,0,kNN,small,0.2216666666666666
blackhole,0,kNN,large,0.2226720647773279
blackhole,0,MLP,default,0.2859437751004016
blackhole,0,MLP,small,0.2038488952245188
blackhole,0,MLP,large,0.2491039426523297
blackhole,0,1D-CNN,default,0.4921465968586387
blackhole,0,1D-CNN,small,0.4960698689956331
blackhole,0,1D-CNN,large,0.4623853211009174
blackhole,0,GRU,default,0.4573438874230431
blackhole,0,GRU,small,0.4502712477396022
blackhole,0,GRU,large,0.4977618621307072
blackhole,0,Transformer,default,0.4977538185085355
blackhole,0,Transformer,small,0.472518457752256
blackhole,0,Transformer,large,0.430188679245283
blackhole,1,LR,default,0.3140123804164321
blackhole,1,LR,small,0.3107122826696578
blackhole,1,LR,large,0.3143661971830985
blackhole,1,RF,default,0.2227880330999363
blackhole,1,RF,small,0.2966775854000935
blackhole,1,RF,large,0.3333333333333333
blackhole,1,XGBoost,default,0.2814698983580923
blackhole,1,XGBoost,small,0.2508428860418071
blackhole,1,XGBoost,large,0.2965061378659113
blackhole,1,LightGBM,default,0.2994304312449145
blackhole,1,LightGBM,small,0.2585209003215433
blackhole,1,LightGBM,large,0.3643263757115749
blackhole,1,kNN,default,0.324853228962818
blackhole,1,kNN,small,0.3348837209302325
blackhole,1,kNN,large,0.3132530120481927
blackhole,1,MLP,default,0.3501628664495114
blackhole,1,MLP,small,0.3297959183673469
blackhole,1,MLP,large,0.302019315188762
blackhole,1,1D-CNN,default,0.6195286195286196
blackhole,1,1D-CNN,small,0.6419098143236074
blackhole,1,1D-CNN,large,0.6310344827586206
blackhole,1,GRU,default,0.5244252873563218
blackhole,1,GRU,small,0.6054590570719603
blackhole,1,GRU,large,0.5232308791994281
blackhole,1,Transformer,default,0.6440397350993378
blackhole,1,Transformer,small,0.6636904761904762
blackhole,1,Transformer,large,0.6677115987460815
blackhole,2,LR,default,0.3774011299435028
blackhole,2,LR,small,0.3781654473832301
blackhole,2,LR,large,0.3771880293619424
blackhole,2,RF,default,0.3470507544581619
blackhole,2,RF,small,0.3241296518607443
blackhole,2,RF,large,0.3106796116504854
blackhole,2,XGBoost,default,0.3335593220338983
blackhole,2,XGBoost,small,0.3432835820895522
blackhole,2,XGBoost,large,0.2763433356594557
blackhole,2,LightGBM,default,0.3226229508196721
blackhole,2,LightGBM,small,0.3271461716937355
blackhole,2,LightGBM,large,0.2791983413959917
blackhole,2,kNN,default,0.3621227887617065
blackhole,2,kNN,small,0.3755020080321285
blackhole,2,kNN,large,0.3804100227790433
blackhole,2,MLP,default,0.3399668325041459
blackhole,2,MLP,small,0.3462157809983897
blackhole,2,MLP,large,0.3380753138075313
blackhole,2,1D-CNN,default,0.6417910447761194
blackhole,2,1D-CNN,small,0.7013201320132013
blackhole,2,1D-CNN,large,0.6362946089597569
blackhole,2,GRU,default,0.663594470046083
blackhole,2,GRU,small,0.6222537207654145
blackhole,2,GRU,large,0.7238742565845371
blackhole,2,Transformer,default,0.5770536320434487
blackhole,2,Transformer,small,0.7951807228915663
blackhole,2,Transformer,large,0.6455598455598455
blackhole,3,LR,default,0.3574423480083857
blackhole,3,LR,small,0.3568812140240711
blackhole,3,LR,large,0.3574423480083857
blackhole,3,RF,default,0.4005201560468141
blackhole,3,RF,small,0.362778730703259
blackhole,3,RF,large,0.4954682779456193
blackhole,3,XGBoost,default,0.3583406884377758
blackhole,3,XGBoost,small,0.3851132686084142
blackhole,3,XGBoost,large,0.3497942386831276
blackhole,3,LightGBM,default,0.4450354609929078
blackhole,3,LightGBM,small,0.4199346405228757
blackhole,3,LightGBM,large,0.4577205882352941
blackhole,3,kNN,default,0.411297440423654
blackhole,3,kNN,small,0.4232715008431703
blackhole,3,kNN,large,0.4376899696048632
blackhole,3,MLP,default,0.4381625441696112
blackhole,3,MLP,small,0.4076990376202974
blackhole,3,MLP,large,0.4274406332453825
blackhole,3,1D-CNN,default,0.7590940288263555
blackhole,3,1D-CNN,small,0.7491638795986623
blackhole,3,1D-CNN,large,0.7225806451612903
blackhole,3,GRU,default,0.7545638945233266
blackhole,3,GRU,small,0.6534190531852717
blackhole,3,GRU,large,0.7070186735350934
blackhole,3,Transformer,default,0.7177597641857038
blackhole,3,Transformer,small,0.7243172951885565
blackhole,3,Transformer,large,0.7351351351351352
blackhole,4,LR,default,0.2331354560172693
blackhole,4,LR,small,0.2342047930283224
blackhole,4,LR,large,0.2320561252023746
blackhole,4,RF,default,0.2219354838709678
blackhole,4,RF,small,0.2025664527956003
blackhole,4,RF,large,0.4285714285714285
blackhole,4,XGBoost,default,0.385499557913351
blackhole,4,XGBoost,small,0.3121232417950435
blackhole,4,XGBoost,large,0.5214899713467049
blackhole,4,LightGBM,default,0.3714759535655058
blackhole,4,LightGBM,small,0.3754940711462451
blackhole,4,LightGBM,large,0.4787234042553192
blackhole,4,kNN,default,0.317829457364341
blackhole,4,kNN,small,0.347906976744186
blackhole,4,kNN,large,0.3304157549234136
blackhole,4,MLP,default,0.4134078212290503
blackhole,4,MLP,small,0.4808575803981623
blackhole,4,MLP,large,0.4715189873417722
blackhole,4,1D-CNN,default,0.5980015372790162
blackhole,4,1D-CNN,small,0.583963691376702
blackhole,4,1D-CNN,large,0.5865457294028723
blackhole,4,GRU,default,0.5496074232690936
blackhole,4,GRU,small,0.5629397967161845
blackhole,4,GRU,large,0.5983421250941975
blackhole,4,Transformer,default,0.6101426307448494
blackhole,4,Transformer,small,0.6371100164203612
blackhole,4,Transformer,large,0.5668934240362813
decrease,0,LR,default,0.4927849927849927
decrease,0,LR,small,0.589897562698693
decrease,0,LR,large,0.4787310742609949
decrease,0,RF,default,0.9489105935386928
decrease,0,RF,small,0.9516019086571234
decrease,0,RF,large,0.9271472392638036
decrease,0,XGBoost,default,1.0
decrease,0,XGBoost,small,1.0
decrease,0,XGBoost,large,1.0
decrease,0,LightGBM,default,1.0
decrease,0,LightGBM,small,1.0
decrease,0,LightGBM,large,1.0
decrease,0,kNN,default,0.7074946466809421
decrease,0,kNN,small,0.712457337883959
decrease,0,kNN,large,0.6652040368582712
decrease,0,MLP,default,0.4921658986175116
decrease,0,MLP,small,0.2964205816554809
decrease,0,MLP,large,0.4600798403193613
decrease,0,1D-CNN,default,0.5201923076923076
decrease,0,1D-CNN,small,0.5147717099373322
decrease,0,1D-CNN,large,0.4925650557620818
decrease,0,GRU,default,0.4428865979381443
decrease,0,GRU,small,0.4691983122362869
decrease,0,GRU,large,0.6117957746478874
decrease,0,Transformer,default,0.4991423670668953
decrease,0,Transformer,small,0.4974988631195999
decrease,0,Transformer,large,0.6681514476614699
decrease,1,LR,default,0.8628428927680797
decrease,1,LR,small,0.8669581511555279
decrease,1,LR,large,0.8569659442724458
decrease,1,RF,default,0.990572878897752
decrease,1,RF,small,0.990572878897752
decrease,1,RF,large,0.990572878897752
decrease,1,XGBoost,default,0.9978494623655914
decrease,1,XGBoost,small,0.9978494623655914
decrease,1,XGBoost,large,0.9978494623655914
decrease,1,LightGBM,default,0.9978494623655914
decrease,1,LightGBM,small,0.9978494623655914
decrease,1,LightGBM,large,0.9978494623655914
decrease,1,kNN,default,0.8488612836438924
decrease,1,kNN,small,0.8413696715583509
decrease,1,kNN,large,0.8651994497936726
decrease,1,MLP,default,0.8764195056780227
decrease,1,MLP,small,0.8456747404844291
decrease,1,MLP,large,0.8476912474155754
decrease,1,1D-CNN,default,0.8358422939068101
decrease,1,1D-CNN,small,0.9015829318651066
decrease,1,1D-CNN,large,0.891745602165088
decrease,1,GRU,default,0.8684759916492693
decrease,1,GRU,small,0.8813559322033897
decrease,1,GRU,large,0.8577405857740587
decrease,1,Transformer,default,0.8676574663835811
decrease,1,Transformer,small,0.8675055514433753
decrease,1,Transformer,large,0.8219383921863262
decrease,2,LR,default,0.9011600928074246
decrease,2,LR,small,0.8725314183123878
decrease,2,LR,large,0.924401913875598
decrease,2,RF,default,1.0
decrease,2,RF,small,0.9319271332694152
decrease,2,RF,large,1.0
decrease,2,XGBoost,default,1.0
decrease,2,XGBoost,small,1.0
decrease,2,XGBoost,large,1.0
decrease,2,LightGBM,default,1.0
decrease,2,LightGBM,small,1.0
decrease,2,LightGBM,large,1.0
decrease,2,kNN,default,0.9175879396984924
decrease,2,kNN,small,0.912368552829244
decrease,2,kNN,large,0.9257375381485248
decrease,2,MLP,default,0.9109589041095892
decrease,2,MLP,small,0.9062346588119784
decrease,2,MLP,large,0.899753086419753
decrease,2,1D-CNN,default,0.9295639674173454
decrease,2,1D-CNN,small,0.9154997585707388
decrease,2,1D-CNN,large,0.924184261036468
decrease,2,GRU,default,0.9125549584758184
decrease,2,GRU,small,0.9218146718146718
decrease,2,GRU,large,0.8927680798004988
decrease,2,Transformer,default,0.8722109533468559
decrease,2,Transformer,small,0.9126403123474868
decrease,2,Transformer,large,0.9307692307692308
decrease,3,LR,default,0.8181388757675956
decrease,3,LR,small,0.8021978021978022
decrease,3,LR,large,0.8448780487804879
decrease,3,RF,default,1.0
decrease,3,RF,small,1.0
decrease,3,RF,large,1.0
decrease,3,XGBoost,default,1.0
decrease,3,XGBoost,small,1.0
decrease,3,XGBoost,large,1.0
decrease,3,LightGBM,default,1.0
decrease,3,LightGBM,small,1.0
decrease,3,LightGBM,large,1.0
decrease,3,kNN,default,0.7195195195195195
decrease,3,kNN,small,0.724985020970641
decrease,3,kNN,large,0.7070828331332532
decrease,3,MLP,default,0.8566739606126914
decrease,3,MLP,small,0.9173989455184536
decrease,3,MLP,large,0.8604395604395604
decrease,3,1D-CNN,default,0.7737313432835822
decrease,3,1D-CNN,small,0.8031400966183574
decrease,3,1D-CNN,large,0.812933025404157
decrease,3,GRU,default,0.7272727272727273
decrease,3,GRU,small,0.7477954144620811
decrease,3,GRU,large,0.8488120950323974
decrease,3,Transformer,default,0.7923211169284468
decrease,3,Transformer,small,0.7908611599297011
decrease,3,Transformer,large,0.8724233983286908
decrease,4,LR,default,0.4691780821917808
decrease,4,LR,small,0.4462540716612378
decrease,4,LR,large,0.479020979020979
decrease,4,RF,default,0.996389891696751
decrease,4,RF,small,0.7076923076923077
decrease,4,RF,large,0.996389891696751
decrease,4,XGBoost,default,0.996389891696751
decrease,4,XGBoost,small,0.996389891696751
decrease,4,XGBoost,large,0.996389891696751
decrease,4,LightGBM,default,0.996389891696751
decrease,4,LightGBM,small,0.996389891696751
decrease,4,LightGBM,large,0.996389891696751
decrease,4,kNN,default,0.6386946386946386
decrease,4,kNN,small,0.6261682242990654
decrease,4,kNN,large,0.6634615384615384
decrease,4,MLP,default,0.4709897610921502
decrease,4,MLP,small,0.6433566433566433
decrease,4,MLP,large,0.4630872483221477
decrease,4,1D-CNN,default,0.6748166259168704
decrease,4,1D-CNN,small,0.5786163522012578
decrease,4,1D-CNN,large,0.6714975845410629
decrease,4,GRU,default,0.4758620689655173
decrease,4,GRU,small,0.6919191919191919
decrease,4,GRU,large,0.5255198487712666
decrease,4,Transformer,default,0.4656616415410384
decrease,4,Transformer,small,0.486013986013986
decrease,4,Transformer,large,0.4641068447412353
dis,0,LR,default,0.9869942196531792
dis,0,LR,small,0.9796806966618288
dis,0,LR,large,0.9877785765636232
dis,0,RF,default,0.99060014461316
dis,0,RF,small,0.9884225759768452
dis,0,RF,large,0.9898697539797396
dis,0,XGBoost,default,0.9878136200716844
dis,0,XGBoost,small,0.9885057471264368
dis,0,XGBoost,large,0.987831066571224
dis,0,LightGBM,default,0.98567335243553
dis,0,LightGBM,small,0.98567335243553
dis,0,LightGBM,large,0.98567335243553
dis,0,kNN,default,0.8493543758967002
dis,0,kNN,small,0.8418079096045197
dis,0,kNN,large,0.8703427719821163
dis,0,MLP,default,0.9756097560975612
dis,0,MLP,small,0.9841726618705036
dis,0,MLP,large,0.9661139149242968
dis,0,1D-CNN,default,0.96011396011396
dis,0,1D-CNN,small,0.985632183908046
dis,0,1D-CNN,large,0.94775570272259
dis,0,GRU,default,0.9876900796524256
dis,0,GRU,small,0.9884726224783862
dis,0,GRU,large,0.9906137184115524
dis,0,Transformer,default,0.9793887704335468
dis,0,Transformer,small,0.9014454664914586
dis,0,Transformer,large,0.98921639108555
dis,1,LR,default,0.9923430321592648
dis,1,LR,small,0.9877049180327868
dis,1,LR,large,0.993877551020408
dis,1,RF,default,0.9897435897435898
dis,1,RF,small,0.99077868852459
dis,1,RF,large,0.990261404407996
dis,1,XGBoost,default,0.9928498467824308
dis,1,XGBoost,small,0.9908256880733946
dis,1,XGBoost,large,0.990816326530612
dis,1,LightGBM,default,0.9923352069494124
dis,1,LightGBM,small,0.9918283963227784
dis,1,LightGBM,large,0.9907881269191402
dis,1,kNN,default,0.907295666483818
dis,1,kNN,small,0.9082969432314412
dis,1,kNN,large,0.8943543879262157
dis,1,MLP,default,0.9933571793561574
dis,1,MLP,small,0.9897435897435898
dis,1,MLP,large,0.9918116683725692
dis,1,1D-CNN,default,0.9907881269191402
dis,1,1D-CNN,small,0.9923273657289
dis,1,1D-CNN,large,0.9881990764494611
dis,1,GRU,default,0.9954105048444672
dis,1,GRU,small,0.9938712972420838
dis,1,GRU,large,0.9948979591836734
dis,1,Transformer,default,0.9943848902501276
dis,1,Transformer,small,0.9948979591836734
dis,1,Transformer,large,0.986842105263158
dis,2,LR,default,0.9867310012062726
dis,2,LR,small,0.977643504531722
dis,2,LR,large,0.98735701384708
dis,2,RF,default,0.9812688821752268
dis,2,RF,small,0.9730700179533214
dis,2,RF,large,0.9842615012106538
dis,2,XGBoost,default,0.9861529199277542
dis,2,XGBoost,small,0.980884109916368
dis,2,XGBoost,large,0.9861695730607336
dis,2,LightGBM,default,0.9903381642512076
dis,2,LightGBM,small,0.985594237695078
dis,2,LightGBM,large,0.9873417721518988
dis,2,kNN,default,0.8674854557207498
dis,2,kNN,small,0.8636942675159236
dis,2,kNN,large,0.8707124010554089
dis,2,MLP,default,0.9854368932038836
dis,2,MLP,small,0.986682808716707
dis,2,MLP,large,0.9812914906457452
dis,2,1D-CNN,default,0.9790794979079498
dis,2,1D-CNN,small,0.9673977474807348
dis,2,1D-CNN,large,0.9786975045648204
dis,2,GRU,default,0.9933694996986135
dis,2,GRU,small,0.993968636911942
dis,2,GRU,large,0.9903614457831325
dis,2,Transformer,default,0.9837837837837838
dis,2,Transformer,small,0.9879227053140096
dis,2,Transformer,large,0.9368686868686869
dis,3,LR,default,0.9816069699903196
dis,3,LR,small,0.9681774349083896
dis,3,LR,large,0.9864077669902912
dis,3,RF,default,0.9872922776148584
dis,3,RF,small,0.9872922776148584
dis,3,RF,large,0.9872922776148584
dis,3,XGBoost,default,0.9873417721518988
dis,3,XGBoost,small,0.9834791059280856
dis,3,XGBoost,large,0.9844054580896686
dis,3,LightGBM,default,0.98635477582846
dis,3,LightGBM,small,0.9777347531461762
dis,3,LightGBM,large,0.984375
dis,3,kNN,default,0.8344086021505377
dis,3,kNN,small,0.8303094983991463
dis,3,kNN,large,0.8474204171240396
dis,3,MLP,default,0.980353634577603
dis,3,MLP,small,0.9803921568627452
dis,3,MLP,large,0.967551622418879
dis,3,1D-CNN,default,0.989310009718173
dis,3,1D-CNN,small,0.989310009718173
dis,3,1D-CNN,large,0.9823874755381604
dis,3,GRU,default,0.9902534113060428
dis,3,GRU,small,0.9912536443148688
dis,3,GRU,large,0.991236611489776
dis,3,Transformer,default,0.9806949806949808
dis,3,Transformer,small,0.9751434034416828
dis,3,Transformer,large,0.9864341085271318
dis,4,LR,default,0.9900811541929666
dis,4,LR,small,0.9809437386569873
dis,4,LR,large,0.99055330634278
dis,4,RF,default,0.9886724059809696
dis,4,RF,small,0.9882139619220308
dis,4,RF,large,0.9886724059809696
dis,4,XGBoost,default,0.988277727682597
dis,4,XGBoost,small,0.9892280071813284
dis,4,XGBoost,large,0.990990990990991
dis,4,LightGBM,default,0.9892086330935252
dis,4,LightGBM,small,0.9892086330935252
dis,4,LightGBM,large,0.99009009009009
dis,4,kNN,default,0.8950221784130113
dis,4,kNN,small,0.8966535433070867
dis,4,kNN,large,0.8793189784677016
dis,4,MLP,default,0.9877883310719132
dis,4,MLP,small,0.9864130434782608
dis,4,MLP,large,0.9822807814629716
dis,4,1D-CNN,default,0.9845313921747044
dis,4,1D-CNN,small,0.9874551971326164
dis,4,1D-CNN,large,0.9923388913925192
dis,4,GRU,default,0.9914452949122016
dis,4,GRU,small,0.99096657633243
dis,4,GRU,large,0.9905787348586812
dis,4,Transformer,default,0.986883763003166
dis,4,Transformer,small,0.991891891891892
dis,4,Transformer,large,0.9923388913925192
flooding,0,LR,default,0.99644128113879
flooding,0,LR,small,0.99644128113879
flooding,0,LR,large,0.99644128113879
flooding,0,RF,default,1.0
flooding,0,RF,small,1.0
flooding,0,RF,large,1.0
flooding,0,XGBoost,default,1.0
flooding,0,XGBoost,small,1.0
flooding,0,XGBoost,large,1.0
flooding,0,LightGBM,default,1.0
flooding,0,LightGBM,small,1.0
flooding,0,LightGBM,large,1.0
flooding,0,kNN,default,0.8209876543209876
flooding,0,kNN,small,0.8134556574923548
flooding,0,kNN,large,0.8613376835236541
flooding,0,MLP,default,0.9982174688057042
flooding,0,MLP,small,0.9982174688057042
flooding,0,MLP,large,0.9982174688057042
flooding,0,1D-CNN,default,1.0
flooding,0,1D-CNN,small,1.0
flooding,0,1D-CNN,large,1.0
flooding,0,GRU,default,1.0
flooding,0,GRU,small,1.0
flooding,0,GRU,large,1.0
flooding,0,Transformer,default,0.9929328621908128
flooding,0,Transformer,small,1.0
flooding,0,Transformer,large,1.0
flooding,1,LR,default,0.9994884910485932
flooding,1,LR,small,0.9994884910485932
flooding,1,LR,large,0.9994884910485932
flooding,1,RF,default,1.0
flooding,1,RF,small,1.0
flooding,1,RF,large,1.0
flooding,1,XGBoost,default,0.9994884910485932
flooding,1,XGBoost,small,1.0
flooding,1,XGBoost,large,0.9994884910485932
flooding,1,LightGBM,default,1.0
flooding,1,LightGBM,small,1.0
flooding,1,LightGBM,large,1.0
flooding,1,kNN,default,0.9584221748400852
flooding,1,kNN,small,0.959531416400426
flooding,1,kNN,large,0.9534011783610068
flooding,1,MLP,default,0.9969230769230768
flooding,1,MLP,small,0.9969230769230768
flooding,1,MLP,large,0.9994879672299026
flooding,1,1D-CNN,default,0.9974345818368392
flooding,1,1D-CNN,small,0.9969199178644764
flooding,1,1D-CNN,large,0.997948717948718
flooding,1,GRU,default,0.9974345818368392
flooding,1,GRU,small,0.9974345818368392
flooding,1,GRU,large,0.997948717948718
flooding,1,Transformer,default,0.9994879672299026
flooding,1,Transformer,small,0.9989754098360656
flooding,1,Transformer,large,0.9989754098360656
flooding,2,LR,default,0.998633257403189
flooding,2,LR,small,0.997720018239854
flooding,2,LR,large,0.998633257403189
flooding,2,RF,default,1.0
flooding,2,RF,small,1.0
flooding,2,RF,large,1.0
flooding,2,XGBoost,default,1.0
flooding,2,XGBoost,small,1.0
flooding,2,XGBoost,large,1.0
flooding,2,LightGBM,default,1.0
flooding,2,LightGBM,small,0.999089253187614
flooding,2,LightGBM,large,1.0
flooding,2,kNN,default,0.93542600896861
flooding,2,kNN,small,0.9353544360231832
flooding,2,kNN,large,0.9443678160919542
flooding,2,MLP,default,0.9990884229717412
flooding,2,MLP,small,0.9981751824817516
flooding,2,MLP,large,0.9981768459434822
flooding,2,1D-CNN,default,0.9981768459434822
flooding,2,1D-CNN,small,0.9981735159817352
flooding,2,1D-CNN,large,0.9981785063752278
flooding,2,GRU,default,0.9977158519872088
flooding,2,GRU,small,0.9977158519872088
flooding,2,GRU,large,0.9986307622090368
flooding,2,Transformer,default,0.9677704194260486
flooding,2,Transformer,small,0.997270245677889
flooding,2,Transformer,large,0.999087591240876
flooding,3,LR,default,0.9973142345568488
flooding,3,LR,small,0.996415770609319
flooding,3,LR,large,0.998211091234347
flooding,3,RF,default,0.9973190348525468
flooding,3,RF,small,0.9973190348525468
flooding,3,RF,large,0.9973190348525468
flooding,3,XGBoost,default,0.9973190348525468
flooding,3,XGBoost,small,0.9973190348525468
flooding,3,XGBoost,large,0.9973190348525468
flooding,3,LightGBM,default,0.9973190348525468
flooding,3,LightGBM,small,0.9973190348525468
flooding,3,LightGBM,large,0.9973190348525468
flooding,3,kNN,default,0.9845594913714806
flooding,3,kNN,small,0.985480943738657
flooding,3,kNN,large,0.9808568824065634
flooding,3,MLP,default,0.9964093357271095
flooding,3,MLP,small,0.9964093357271095
flooding,3,MLP,large,0.9991047448522828
flooding,3,1D-CNN,default,0.996422182468694
flooding,3,1D-CNN,small,0.9955237242614144
flooding,3,1D-CNN,large,0.996422182468694
flooding,3,GRU,default,0.9928571428571428
flooding,3,GRU,small,0.9919571045576407
flooding,3,GRU,large,0.991971454058876
flooding,3,Transformer,default,0.9902048085485308
flooding,3,Transformer,small,0.9849955869373346
flooding,3,Transformer,large,0.9867139061116031
flooding,4,LR,default,0.9976340694006308
flooding,4,LR,small,0.9976340694006308
flooding,4,LR,large,0.9980291683090264
flooding,4,RF,default,0.998818432453722
flooding,4,RF,small,0.9992125984251968
flooding,4,RF,large,0.998818432453722
flooding,4,XGBoost,default,0.998818432453722
flooding,4,XGBoost,small,0.9992125984251968
flooding,4,XGBoost,large,0.998818432453722
flooding,4,LightGBM,default,0.9984239558707644
flooding,4,LightGBM,small,0.9992125984251968
flooding,4,LightGBM,large,0.9984239558707644
flooding,4,kNN,default,0.9484536082474226
flooding,4,kNN,small,0.9498355263157896
flooding,4,kNN,large,0.9422517656834232
flooding,4,MLP,default,0.9980291683090264
flooding,4,MLP,small,0.9980291683090264
flooding,4,MLP,large,0.9980291683090264
flooding,4,1D-CNN,default,0.9980291683090264
flooding,4,1D-CNN,small,0.9917679341434732
flooding,4,1D-CNN,large,0.998818432453722
flooding,4,GRU,default,0.9976340694006308
flooding,4,GRU,small,0.9964525029562474
flooding,4,GRU,large,0.996852871754524
flooding,4,Transformer,default,0.998818432453722
flooding,4,Transformer,small,0.998818432453722
flooding,4,Transformer,large,0.998818432453722
shared-slot,0,LR,default,0.14351851851851855
shared-slot,0,LR,small,0.14347107438016532
shared-slot,0,LR,large,0.14342366159947126
shared-slot,0,RF,default,0.19161676646706588
shared-slot,0,RF,small,0.2803398058252427
shared-slot,0,RF,large,0.05413105413105413
shared-slot,0,XGBoost,default,0.27313769751693
shared-slot,0,XGBoost,small,0.24608150470219434
shared-slot,0,XGBoost,large,0.2333785617367707
shared-slot,0,LightGBM,default,0.24417314095449502
shared-slot,0,LightGBM,small,0.25141015310233683
shared-slot,0,LightGBM,large,0.24265644955300128
shared-slot,0,kNN,default,0.1309192200557103
shared-slot,0,kNN,small,0.15074024226110364
shared-slot,0,kNN,large,0.07445008460236886
shared-slot,0,MLP,default,0.33890214797136037
shared-slot,0,MLP,small,0.2895054282267792
shared-slot,0,MLP,large,0.3175
shared-slot,0,1D-CNN,default,0.3735849056603774
shared-slot,0,1D-CNN,small,0.37601626016260165
shared-slot,0,1D-CNN,large,0.4601156069364162
shared-slot,0,GRU,default,0.36964285714285716
shared-slot,0,GRU,small,0.3573792190602251
shared-slot,0,GRU,large,0.35510204081632657
shared-slot,0,Transformer,default,0.3188073394495413
shared-slot,0,Transformer,small,0.30910609857978283
shared-slot,0,Transformer,large,0.26057906458797325
shared-slot,1,LR,default,0.08710601719197707
shared-slot,1,LR,small,0.08085612366230678
shared-slot,1,LR,large,0.08646188850967007
shared-slot,1,RF,default,0.19491525423728814
shared-slot,1,RF,small,0.20470262793914246
shared-slot,1,RF,large,0.0
shared-slot,1,XGBoost,default,0.040100250626566414
shared-slot,1,XGBoost,small,0.14624881291547956
shared-slot,1,XGBoost,large,0.024064171122994655
shared-slot,1,LightGBM,default,0.05219454329774614
shared-slot,1,LightGBM,small,0.11915673693858846
shared-slot,1,LightGBM,large,0.014705882352941178
shared-slot,1,kNN,default,0.04878048780487805
shared-slot,1,kNN,small,0.04281345565749235
shared-slot,1,kNN,large,0.06707317073170732
shared-slot,1,MLP,default,0.08661417322834646
shared-slot,1,MLP,small,0.06521739130434782
shared-slot,1,MLP,large,0.11021505376344087
shared-slot,1,1D-CNN,default,0.16080402010050251
shared-slot,1,1D-CNN,small,0.24857468643101482
shared-slot,1,1D-CNN,large,0.16242424242424242
shared-slot,1,GRU,default,0.20915032679738563
shared-slot,1,GRU,small,0.17940876656472987
shared-slot,1,GRU,large,0.2845953002610966
shared-slot,1,Transformer,default,0.11825192802056554
shared-slot,1,Transformer,small,0.13948256467941508
shared-slot,1,Transformer,large,0.16705336426914152
shared-slot,2,LR,default,0.1399239543726236
shared-slot,2,LR,small,0.1415525114155251
shared-slot,2,LR,large,0.1398176291793313
shared-slot,2,RF,default,0.2255520504731861
shared-slot,2,RF,small,0.27769110764430577
shared-slot,2,RF,large,0.010968921389396707
shared-slot,2,XGBoost,default,0.24971623155505104
shared-slot,2,XGBoost,small,0.2857142857142857
shared-slot,2,XGBoost,large,0.0866965620328849
shared-slot,2,LightGBM,default,0.19013237063778582
shared-slot,2,LightGBM,small,0.2799702159344751
shared-slot,2,LightGBM,large,0.040756914119359534
shared-slot,2,kNN,default,0.008695652173913042
shared-slot,2,kNN,small,0.030013642564802184
shared-slot,2,kNN,large,0.0
shared-slot,2,MLP,default,0.3548951048951049
shared-slot,2,MLP,small,0.21805183199285075
shared-slot,2,MLP,large,0.29609445958219793
shared-slot,2,1D-CNN,default,0.32619926199261995
shared-slot,2,1D-CNN,small,0.1601588352084712
shared-slot,2,1D-CNN,large,0.3164673413063478
shared-slot,2,GRU,default,0.2353870458135861
shared-slot,2,GRU,small,0.13179571663920922
shared-slot,2,GRU,large,0.20625000000000002
shared-slot,2,Transformer,default,0.3540169823644677
shared-slot,2,Transformer,small,0.2752293577981651
shared-slot,2,Transformer,large,0.24431339511373212
shared-slot,3,LR,default,0.02351313969571231
shared-slot,3,LR,small,0.022137668626772744
shared-slot,3,LR,large,0.02352127291594604
shared-slot,3,RF,default,0.10110584518167455
shared-slot,3,RF,small,0.1038647342995169
shared-slot,3,RF,large,0.11607142857142858
shared-slot,3,XGBoost,default,0.09567198177676538
shared-slot,3,XGBoost,small,0.13721413721413722
shared-slot,3,XGBoost,large,0.10377358490566037
shared-slot,3,LightGBM,default,0.1213235294117647
shared-slot,3,LightGBM,small,0.03815937149270482
shared-slot,3,LightGBM,large,0.16129032258064516
shared-slot,3,kNN,default,0.05314009661835749
shared-slot,3,kNN,small,0.0639269406392694
shared-slot,3,kNN,large,0.04266666666666667
shared-slot,3,MLP,default,0.09576427255985268
shared-slot,3,MLP,small,0.09611829944547136
shared-slot,3,MLP,large,0.11428571428571428
shared-slot,3,1D-CNN,default,0.10401188707280833
shared-slot,3,1D-CNN,small,0.09562563580874874
shared-slot,3,1D-CNN,large,0.16013628620102213
shared-slot,3,GRU,default,0.1792349726775956
shared-slot,3,GRU,small,0.15670103092783505
shared-slot,3,GRU,large,0.04126984126984127
shared-slot,3,Transformer,default,0.05605095541401275
shared-slot,3,Transformer,small,0.032828282828282825
shared-slot,3,Transformer,large,0.012121212121212121
shared-slot,4,LR,default,0.1111111111111111
shared-slot,4,LR,small,0.11054545454545454
shared-slot,4,LR,large,0.11098941219423147
shared-slot,4,RF,default,0.18394950405770963
shared-slot,4,RF,small,0.17419354838709677
shared-slot,4,RF,large,0.05392156862745098
shared-slot,4,XGBoost,default,0.0802919708029197
shared-slot,4,XGBoost,small,0.13975576662143827
shared-slot,4,XGBoost,large,0.12371134020618556
shared-slot,4,LightGBM,default,0.07135969141755062
shared-slot,4,LightGBM,small,0.12605588044184535
shared-slot,4,LightGBM,large,0.11877394636015327
shared-slot,4,kNN,default,0.030441400304414
shared-slot,4,kNN,small,0.05082212257100149
shared-slot,4,kNN,large,0.032906764168190134
shared-slot,4,MLP,default,0.21719457013574658
shared-slot,4,MLP,small,0.0
shared-slot,4,MLP,large,0.09876543209876543
shared-slot,4,1D-CNN,default,0.20448877805486285
shared-slot,4,1D-CNN,small,0.23818770226537217
shared-slot,4,1D-CNN,large,0.21143847487001735
shared-slot,4,GRU,default,0.1464465183058148
shared-slot,4,GRU,small,0.1536293164200141
shared-slot,4,GRU,large,0.15344827586206897
shared-slot,4,Transformer,default,0.19913419913419914
shared-slot,4,Transformer,small,0.21891418563922943
shared-slot,4,Transformer,large,0.20016542597187756
slot-exhaustion,0,LR,default,0.9982758620689656
slot-exhaustion,0,LR,small,0.9965457685664939
slot-exhaustion,0,LR,large,0.9948453608247423
slot-exhaustion,0,RF,default,0.999137187230371
slot-exhaustion,0,RF,small,0.999137187230371
slot-exhaustion,0,RF,large,0.999137187230371
slot-exhaustion,0,XGBoost,default,0.999137187230371
slot-exhaustion,0,XGBoost,small,0.999137187230371
slot-exhaustion,0,XGBoost,large,0.999137187230371
slot-exhaustion,0,LightGBM,default,0.999137187230371
slot-exhaustion,0,LightGBM,small,0.999137187230371
slot-exhaustion,0,LightGBM,large,0.999137187230371
slot-exhaustion,0,kNN,default,0.7689161554192229
slot-exhaustion,0,kNN,small,0.7640449438202247
slot-exhaustion,0,kNN,large,0.7531380753138076
slot-exhaustion,0,MLP,default,0.999137187230371
slot-exhaustion,0,MLP,small,0.999137187230371
slot-exhaustion,0,MLP,large,0.9956709956709957
slot-exhaustion,0,1D-CNN,default,0.9965397923875432
slot-exhaustion,0,1D-CNN,small,0.9965397923875432
slot-exhaustion,0,1D-CNN,large,0.9974070872947277
slot-exhaustion,0,GRU,default,0.9956784788245463
slot-exhaustion,0,GRU,small,0.9845626072041166
slot-exhaustion,0,GRU,large,0.9974070872947277
slot-exhaustion,0,Transformer,default,0.999137187230371
slot-exhaustion,0,Transformer,small,0.999137187230371
slot-exhaustion,0,Transformer,large,0.999137187230371
slot-exhaustion,1,LR,default,0.9980506822612086
slot-exhaustion,1,LR,small,0.99609375
slot-exhaustion,1,LR,large,0.9980506822612086
slot-exhaustion,1,RF,default,0.9980506822612086
slot-exhaustion,1,RF,small,0.9980506822612086
slot-exhaustion,1,RF,large,0.9980506822612086
slot-exhaustion,1,XGBoost,default,0.997078870496592
slot-exhaustion,1,XGBoost,small,0.9980506822612086
slot-exhaustion,1,XGBoost,large,0.9980506822612086
slot-exhaustion,1,LightGBM,default,0.9980506822612086
slot-exhaustion,1,LightGBM,small,0.9980506822612086
slot-exhaustion,1,LightGBM,large,0.9980506822612086
slot-exhaustion,1,kNN,default,0.8553054662379421
slot-exhaustion,1,kNN,small,0.8571428571428571
slot-exhaustion,1,kNN,large,0.8731501057082454
slot-exhaustion,1,MLP,default,0.9970731707317073
slot-exhaustion,1,MLP,small,0.9970731707317073
slot-exhaustion,1,MLP,large,0.9980506822612086
slot-exhaustion,1,1D-CNN,default,0.9931439764936337
slot-exhaustion,1,1D-CNN,small,0.9931439764936337
slot-exhaustion,1,1D-CNN,large,0.9951124144672532
slot-exhaustion,1,GRU,default,0.9931439764936337
slot-exhaustion,1,GRU,small,0.9931439764936337
slot-exhaustion,1,GRU,large,0.99609375
slot-exhaustion,1,Transformer,default,0.9980506822612086
slot-exhaustion,1,Transformer,small,0.9970731707317073
slot-exhaustion,1,Transformer,large,0.9951124144672532
slot-exhaustion,2,LR,default,0.9983543609434997
slot-exhaustion,2,LR,small,0.9967032967032967
slot-exhaustion,2,LR,large,0.9989035087719299
slot-exhaustion,2,RF,default,0.9989035087719299
slot-exhaustion,2,RF,small,0.9989035087719299
slot-exhaustion,2,RF,large,0.9989035087719299
slot-exhaustion,2,XGBoost,default,0.9983561643835617
slot-exhaustion,2,XGBoost,small,0.9989035087719299
slot-exhaustion,2,XGBoost,large,0.9978094194961665
slot-exhaustion,2,LightGBM,default,0.9978094194961665
slot-exhaustion,2,LightGBM,small,0.9978094194961665
slot-exhaustion,2,LightGBM,large,0.9983561643835617
slot-exhaustion,2,kNN,default,0.8920353982300885
slot-exhaustion,2,kNN,small,0.8905882352941177
slot-exhaustion,2,kNN,large,0.8933649289099526
slot-exhaustion,2,MLP,default,0.9972542559033498
slot-exhaustion,2,MLP,small,0.9972542559033498
slot-exhaustion,2,MLP,large,0.9972542559033498
slot-exhaustion,2,1D-CNN,default,0.9961517317207257
slot-exhaustion,2,1D-CNN,small,0.9955995599559956
slot-exhaustion,2,1D-CNN,large,0.9950684931506849
slot-exhaustion,2,GRU,default,0.9950467804072648
slot-exhaustion,2,GRU,small,0.9939460649422124
slot-exhaustion,2,GRU,large,0.9961517317207257
slot-exhaustion,2,Transformer,default,0.9967141292442497
slot-exhaustion,2,Transformer,small,0.9983543609434997
slot-exhaustion,2,Transformer,large,0.9983543609434997
slot-exhaustion,3,LR,default,0.9980119284294234
slot-exhaustion,3,LR,small,0.9968152866242038
slot-exhaustion,3,LR,large,0.9964299880999603
slot-exhaustion,3,RF,default,0.9964299880999603
slot-exhaustion,3,RF,small,0.9964299880999603
slot-exhaustion,3,RF,large,0.9964299880999603
slot-exhaustion,3,XGBoost,default,0.9964299880999603
slot-exhaustion,3,XGBoost,small,0.9964299880999603
slot-exhaustion,3,XGBoost,large,0.9964299880999603
slot-exhaustion,3,LightGBM,default,0.9964299880999603
slot-exhaustion,3,LightGBM,small,0.9964299880999603
slot-exhaustion,3,LightGBM,large,0.9964299880999603
slot-exhaustion,3,kNN,default,0.7885607126113455
slot-exhaustion,3,kNN,small,0.7885874649204864
slot-exhaustion,3,kNN,large,0.7819123881300046
slot-exhaustion,3,MLP,default,0.9776876267748479
slot-exhaustion,3,MLP,small,0.976857490864799
slot-exhaustion,3,MLP,large,0.9621087314662273
slot-exhaustion,3,1D-CNN,default,0.9956227616394747
slot-exhaustion,3,1D-CNN,small,0.9701675521046179
slot-exhaustion,3,1D-CNN,large,0.9735234215885947
slot-exhaustion,3,GRU,default,0.995219123505976
slot-exhaustion,3,GRU,small,0.994026284348865
slot-exhaustion,3,GRU,large,0.994440031771247
slot-exhaustion,3,Transformer,default,0.9972144846796658
slot-exhaustion,3,Transformer,small,0.996415770609319
slot-exhaustion,3,Transformer,large,0.9972144846796658
slot-exhaustion,4,LR,default,0.997855611150822
slot-exhaustion,4,LR,small,0.9971387696709586
slot-exhaustion,4,LR,large,0.997855611150822
slot-exhaustion,4,RF,default,0.9985714285714286
slot-exhaustion,4,RF,small,0.9985714285714286
slot-exhaustion,4,RF,large,0.9985714285714286
slot-exhaustion,4,XGBoost,default,0.9971428571428571
slot-exhaustion,4,XGBoost,small,0.9971387696709586
slot-exhaustion,4,XGBoost,large,0.9957142857142858
slot-exhaustion,4,LightGBM,default,0.9950035688793718
slot-exhaustion,4,LightGBM,small,0.9935851746258019
slot-exhaustion,4,LightGBM,large,0.9964260185847034
slot-exhaustion,4,kNN,default,0.9921033740129217
slot-exhaustion,4,kNN,small,0.9928263988522238
slot-exhaustion,4,kNN,large,0.9892008639308855
slot-exhaustion,4,MLP,default,0.997855611150822
slot-exhaustion,4,MLP,small,0.997855611150822
slot-exhaustion,4,MLP,large,0.997855611150822
slot-exhaustion,4,1D-CNN,default,0.9964209019327129
slot-exhaustion,4,1D-CNN,small,0.9964209019327129
slot-exhaustion,4,1D-CNN,large,0.9971428571428571
slot-exhaustion,4,GRU,default,0.995702005730659
slot-exhaustion,4,GRU,small,0.994261119081779
slot-exhaustion,4,GRU,large,0.9964209019327129
slot-exhaustion,4,Transformer,default,0.997855611150822
slot-exhaustion,4,Transformer,small,0.9985714285714286
slot-exhaustion,4,Transformer,large,0.997855611150822
timekeep,0,LR,default,0.47889322454771194
timekeep,0,LR,small,0.47699929228591653
timekeep,0,LR,large,0.47923322683706066
timekeep,0,RF,default,0.5709302325581396
timekeep,0,RF,small,0.4448012846246487
timekeep,0,RF,large,0.5480093676814989
timekeep,0,XGBoost,default,0.45572755417956656
timekeep,0,XGBoost,small,0.5611222444889781
timekeep,0,XGBoost,large,0.47795527156549517
timekeep,0,LightGBM,default,0.5116809116809117
timekeep,0,LightGBM,small,0.5421052631578948
timekeep,0,LightGBM,large,0.47983310152990266
timekeep,0,kNN,default,0.47822983583154893
timekeep,0,kNN,small,0.4971830985915493
timekeep,0,kNN,large,0.48335745296671484
timekeep,0,MLP,default,0.3803967327887981
timekeep,0,MLP,small,0.39501557632398754
timekeep,0,MLP,large,0.37945492662473795
timekeep,0,1D-CNN,default,0.8356605800214822
timekeep,0,1D-CNN,small,0.8516483516483516
timekeep,0,1D-CNN,large,0.8467072495849475
timekeep,0,GRU,default,0.8769574944071589
timekeep,0,GRU,small,0.874439461883408
timekeep,0,GRU,large,0.8834841628959276
timekeep,0,Transformer,default,0.7274762171236709
timekeep,0,Transformer,small,0.8321428571428571
timekeep,0,Transformer,large,0.734221192819919
timekeep,1,LR,default,0.4344135802469136
timekeep,1,LR,small,0.43535314550366655
timekeep,1,LR,large,0.43397683397683395
timekeep,1,RF,default,0.4842421210605302
timekeep,1,RF,small,0.47017543859649125
timekeep,1,RF,large,0.30020847810979845
timekeep,1,XGBoost,default,0.2318271119842829
timekeep,1,XGBoost,small,0.37984134391040597
timekeep,1,XGBoost,large,0.2795341098169717
timekeep,1,LightGBM,default,0.25506294471811713
timekeep,1,LightGBM,small,0.44060657118786856
timekeep,1,LightGBM,large,0.21892816419612318
timekeep,1,kNN,default,0.44414168937329696
timekeep,1,kNN,small,0.4389593062041361
timekeep,1,kNN,large,0.44677661169415295
timekeep,1,MLP,default,0.15914489311163896
timekeep,1,MLP,small,0.1938073394495413
timekeep,1,MLP,large,0.29960871995528227
timekeep,1,1D-CNN,default,0.84946908182386
timekeep,1,1D-CNN,small,0.867454884878656
timekeep,1,1D-CNN,large,0.8358974358974359
timekeep,1,GRU,default,0.8471337579617834
timekeep,1,GRU,small,0.8236057068741893
timekeep,1,GRU,large,0.8537859007832898
timekeep,1,Transformer,default,0.8342785129174543
timekeep,1,Transformer,small,0.8560411311053985
timekeep,1,Transformer,large,0.7650727650727651
timekeep,2,LR,default,0.4418356456776948
timekeep,2,LR,small,0.4418481147105682
timekeep,2,LR,large,0.4418356456776948
timekeep,2,RF,default,0.3812621990891346
timekeep,2,RF,small,0.42371967654986525
timekeep,2,RF,large,0.2674323215750615
timekeep,2,XGBoost,default,0.1175045427013931
timekeep,2,XGBoost,small,0.29114676173499704
timekeep,2,XGBoost,large,0.2775842044134727
timekeep,2,LightGBM,default,0.24725943970767358
timekeep,2,LightGBM,small,0.40293453724604966
timekeep,2,LightGBM,large,0.2796092796092796
timekeep,2,kNN,default,0.2769450392576731
timekeep,2,kNN,small,0.2809688581314879
timekeep,2,kNN,large,0.28527607361963186
timekeep,2,MLP,default,0.28105906313645623
timekeep,2,MLP,small,0.25993883792048933
timekeep,2,MLP,large,0.3178348369188064
timekeep,2,1D-CNN,default,0.7416741674167416
timekeep,2,1D-CNN,small,0.7594339622641509
timekeep,2,1D-CNN,large,0.7476793248945148
timekeep,2,GRU,default,0.8982402448355011
timekeep,2,GRU,small,0.8633879781420766
timekeep,2,GRU,large,0.841927303465765
timekeep,2,Transformer,default,0.6849999999999999
timekeep,2,Transformer,small,0.8323603002502085
timekeep,2,Transformer,large,0.661172161172161
timekeep,3,LR,default,0.3663203936577365
timekeep,3,LR,small,0.36452665941240475
timekeep,3,LR,large,0.3637356635718187
timekeep,3,RF,default,0.416260162601626
timekeep,3,RF,small,0.41052029731275014
timekeep,3,RF,large,0.24105960264900664
timekeep,3,XGBoost,default,0.19300911854103342
timekeep,3,XGBoost,small,0.3589743589743589
timekeep,3,XGBoost,large,0.26019080659150046
timekeep,3,LightGBM,default,0.28594122319301035
timekeep,3,LightGBM,small,0.420916720464816
timekeep,3,LightGBM,large,0.23659574468085107
timekeep,3,kNN,default,0.387037037037037
timekeep,3,kNN,small,0.3893967093235832
timekeep,3,kNN,large,0.39603960396039606
timekeep,3,MLP,default,0.2511715089034677
timekeep,3,MLP,small,0.27841409691629954
timekeep,3,MLP,large,0.27413127413127414
timekeep,3,1D-CNN,default,0.6809421841541756
timekeep,3,1D-CNN,small,0.7096114519427403
timekeep,3,1D-CNN,large,0.6174920969441517
timekeep,3,GRU,default,0.8649669499527858
timekeep,3,GRU,small,0.846223839854413
timekeep,3,GRU,large,0.7612244897959184
timekeep,3,Transformer,default,0.6911907066795739
timekeep,3,Transformer,small,0.7565543071161049
timekeep,3,Transformer,large,0.6762114537444934
timekeep,4,LR,default,0.5791798107255521
timekeep,4,LR,small,0.5848398350777038
timekeep,4,LR,large,0.5787153652392947
timekeep,4,RF,default,0.2919389978213508
timekeep,4,RF,small,0.4342948717948718
timekeep,4,RF,large,0.21563342318059298
timekeep,4,XGBoost,default,0.146735990756788
timekeep,4,XGBoost,small,0.35849975645396975
timekeep,4,XGBoost,large,0.20468557336621454
timekeep,4,LightGBM,default,0.22956730769230774
timekeep,4,LightGBM,small,0.34886025768087214
timekeep,4,LightGBM,large,0.24407171775592826
timekeep,4,kNN,default,0.5107421875
timekeep,4,kNN,small,0.5014218009478674
timekeep,4,kNN,large,0.5031185031185031
timekeep,4,MLP,default,0.1744807121661721
timekeep,4,MLP,small,0.17028985507246375
timekeep,4,MLP,large,0.18679950186799502
timekeep,4,1D-CNN,default,0.7548262548262548
timekeep,4,1D-CNN,small,0.7821969696969697
timekeep,4,1D-CNN,large,0.7295285359801488
timekeep,4,GRU,default,0.852060737527115
timekeep,4,GRU,small,0.930822758902988
timekeep,4,GRU,large,0.8188539741219965
timekeep,4,Transformer,default,0.6771096513390602
timekeep,4,Transformer,small,0.8356596127870328
timekeep,4,Transformer,large,0.6900826446280992
