attack,model,logo_run_node,lono_node_id,loro_run,naive,leakage_identity,shift_run,delta_loro_minus_logo
Blackhole,LR,0.67,0.408,0.315,0.415,0.262,0.093,-0.355
Blackhole,RF,0.517,0.33,0.253,0.767,0.187,0.077,-0.264
Decrease,LR,0.921,0.916,0.72,0.856,0.005,0.197,-0.202
Decrease,RF,0.996,0.984,0.931,1.0,0.012,0.053,-0.065
DIS,LR,0.99,0.985,0.984,0.986,0.005,0.001,-0.006
DIS,RF,0.99,0.988,0.982,0.992,0.002,0.006,-0.008
AppFlood,LR,0.999,0.998,0.998,0.998,0.001,0.0,-0.001
AppFlood,RF,1.0,0.999,1.0,1.0,0.0,-0.0,-0.0
Shared,LR,0.314,0.15,0.051,0.165,0.163,0.099,-0.262
Shared,RF,0.393,0.194,0.094,0.63,0.199,0.1,-0.299
6P,LR,0.998,0.997,0.997,0.998,0.001,0.0,-0.001
6P,RF,0.998,0.998,0.997,0.998,0.0,0.001,-0.001
Desync,LR,0.765,0.503,0.358,0.484,0.262,0.145,-0.408
Desync,RF,0.524,0.446,0.251,0.818,0.078,0.196,-0.274
