attack,nodes,placement,n,mean,std,ci95
blackhole,21,core,3,0.582,0.023,0.058
blackhole,21,edge,3,0.509,0.02,0.049
blackhole,21,mid,3,0.739,0.049,0.121
blackhole,31,core,3,0.647,0.121,0.3
blackhole,31,edge,2,0.431,0.101,0.91
blackhole,31,mid,3,0.677,0.08,0.198
decrease,21,core,3,0.91,0.084,0.209
decrease,21,edge,3,0.979,0.036,0.089
decrease,21,mid,3,0.581,0.12,0.299
decrease,31,core,3,0.676,0.3,0.745
decrease,31,edge,3,0.984,0.014,0.035
decrease,31,mid,3,0.808,0.2,0.498
dis,21,core,3,0.953,0.016,0.039
dis,21,edge,3,0.964,0.022,0.054
dis,21,mid,3,0.966,0.004,0.009
dis,31,core,3,0.959,0.023,0.058
dis,31,edge,3,0.97,0.016,0.039
dis,31,mid,3,0.978,0.008,0.021
flooding,21,core,3,0.987,0.004,0.011
flooding,21,edge,3,0.993,0.002,0.006
flooding,21,mid,3,0.997,0.002,0.004
flooding,31,core,3,0.997,0.0,0.001
flooding,31,edge,3,0.989,0.01,0.025
flooding,31,mid,3,0.998,0.002,0.005
shared-slot,21,core,3,0.366,0.075,0.187
shared-slot,21,edge,3,0.278,0.119,0.296
shared-slot,21,mid,3,0.263,0.09,0.223
shared-slot,31,core,3,0.229,0.119,0.296
shared-slot,31,edge,3,0.362,0.121,0.3
shared-slot,31,mid,3,0.268,0.12,0.298
slot-exhaustion,21,core,3,0.918,0.098,0.243
slot-exhaustion,21,edge,3,0.924,0.127,0.315
slot-exhaustion,21,mid,3,0.997,0.0,0.001
slot-exhaustion,31,core,3,0.982,0.011,0.027
slot-exhaustion,31,edge,3,0.924,0.109,0.271
slot-exhaustion,31,mid,3,0.998,0.001,0.002
timekeep,21,core,3,0.519,0.174,0.432
timekeep,21,edge,3,0.616,0.169,0.421
timekeep,21,mid,3,0.519,0.06,0.149
timekeep,31,core,3,0.352,0.249,0.619
timekeep,31,edge,3,0.6,0.15,0.374
timekeep,31,mid,3,0.583,0.094,0.233
