attack,nodes,placement,seed,f1,atk_rows,log
blackhole,21,core,123456,0.5617513971178887,1144,2026-06-18_06-30-17_blackhole-n21-core-a5-w0.log
blackhole,21,core,7331,0.5769567936952481,1085,2026-08-18_15-57-13_blackhole-n21-core-a5-s7331-w0.log
blackhole,21,core,9173,0.6077306097594256,1126,2026-08-18_19-18-40_blackhole-n21-core-a5-s9173-w1.log
blackhole,21,mid,123456,0.7380167989321869,1176,2026-06-18_10-35-51_blackhole-n21-mid-a5-w2.log
blackhole,21,mid,7331,0.690821438439044,1232,2026-08-18_19-25-00_blackhole-n21-mid-a5-s7331-w2.log
blackhole,21,mid,9173,0.7882253967856468,1132,2026-08-18_19-45-44_blackhole-n21-mid-a5-s9173-w3.log
blackhole,21,edge,123456,0.5306640846424293,703,2026-06-18_06-12-08_blackhole-n21-edge-a5-w4.log
blackhole,21,edge,7331,0.5035562267929983,898,2026-08-18_16-15-10_blackhole-n21-edge-a5-s7331-w4.log
blackhole,21,edge,9173,0.49239026351043913,979,2026-08-18_16-11-53_blackhole-n21-edge-a5-s9173-w5.log
blackhole,31,core,123456,0.7146675898483633,1066,2026-06-18_09-18-24_blackhole-n31-core-a5-w6.log
blackhole,31,core,7331,0.7187322221207926,1028,2026-08-18_18-24-15_blackhole-n31-core-a5-s7331-w6.log
blackhole,31,core,9173,0.5078037623803301,1232,2026-08-18_18-11-25_blackhole-n31-core-a5-s9173-w7.log
blackhole,31,mid,123456,0.7301665567909753,1030,2026-06-18_08-21-36_blackhole-n31-mid-a5-w0.log
blackhole,31,mid,7331,0.5851025285307788,393,2026-08-18_17-54-42_blackhole-n31-mid-a5-s7331-w0.log
blackhole,31,mid,9173,0.7154499881605589,1148,2026-08-18_20-39-09_blackhole-n31-mid-a5-s9173-w1.log
blackhole,31,edge,123456,0.5028889943978536,725,2026-06-18_11-40-22_blackhole-n31-edge-a5-w2.log
blackhole,31,edge,7331,,11,2026-08-18_23-23-21_blackhole-n31-edge-a5-s7331-w2.log
blackhole,31,edge,9173,0.35964912280701755,111,2026-08-18_20-53-38_blackhole-n31-edge-a5-s9173-w3.log
decrease,21,core,123456,0.9836094865705676,1400,2026-06-17_11-27-10_decrease-n21-core-a5-w0.log
decrease,21,core,7331,0.8182487230151295,1403,2026-08-12_14-04-59_decrease-n21-core-a5-s7331-w0.log
decrease,21,core,9173,0.9277609896435223,1392,2026-08-12_14-06-26_decrease-n21-core-a5-s9173-w1.log
decrease,21,mid,123456,0.5501734326824255,1392,2026-06-17_11-32-10_decrease-n21-mid-a5-w2.log
decrease,21,mid,7331,0.7133747350627011,1398,2026-08-12_14-07-56_decrease-n21-mid-a5-s7331-w2.log
decrease,21,mid,9173,0.4789255239345492,1410,2026-08-12_14-09-26_decrease-n21-mid-a5-s9173-w3.log
decrease,21,edge,123456,0.9378220001363685,1391,2026-06-17_11-37-10_decrease-n21-edge-a5-w4.log
decrease,21,edge,7331,1.0,1395,2026-08-12_14-10-56_decrease-n21-edge-a5-s7331-w4.log
decrease,21,edge,9173,0.9996472663139329,1384,2026-08-12_14-12-26_decrease-n21-edge-a5-s9173-w5.log
decrease,31,core,123456,0.8910873814559654,1401,2026-06-17_11-42-10_decrease-n31-core-a5-w6.log
decrease,31,core,7331,0.8031331978425221,1395,2026-08-12_14-13-56_decrease-n31-core-a5-s7331-w6.log
decrease,31,core,9173,0.33345748575430556,1401,2026-08-12_14-15-26_decrease-n31-core-a5-s9173-w7.log
decrease,31,mid,123456,0.8260586319218242,1291,2026-06-17_12-31-59_decrease-n31-mid-a5-w0.log
decrease,31,mid,7331,0.5996383363471971,1393,2026-08-17_22-54-24_decrease-n31-mid-a5-s7331-w0.log
decrease,31,mid,9173,0.9992727272727272,1400,2026-08-17_22-55-54_decrease-n31-mid-a5-s9173-w1.log
decrease,31,edge,123456,0.9714876474873932,1389,2026-06-17_12-51-10_decrease-n31-edge-a5-w2.log
decrease,31,edge,7331,0.9992752457698053,1397,2026-08-17_22-57-24_decrease-n31-edge-a5-s7331-w2.log
decrease,31,edge,9173,0.9827355080467115,530,2026-08-17_22-58-54_decrease-n31-edge-a5-s9173-w3.log
dis,21,core,123456,0.9636680119578628,1403,2026-06-17_12-59-28_dis-n21-core-a5-w4.log
dis,21,core,7331,0.9353976205646909,1413,2026-08-17_23-00-24_dis-n21-core-a5-s7331-w4.log
dis,21,core,9173,0.9609700082369581,1376,2026-08-17_23-01-54_dis-n21-core-a5-s9173-w5.log
dis,21,mid,123456,0.9651565615765231,1385,2026-06-17_13-41-46_dis-n21-mid-a5-w6.log
dis,21,mid,7331,0.9705597078812371,1404,2026-08-17_23-03-25_dis-n21-mid-a5-s7331-w6.log
dis,21,mid,9173,0.9634064664274293,1415,2026-08-17_23-04-55_dis-n21-mid-a5-s9173-w7.log
dis,21,edge,123456,0.9388392599451059,1392,2026-06-17_15-21-50_dis-n21-edge-a5-w0.log
dis,21,edge,7331,0.9745756424676723,1410,2026-08-18_01-26-42_dis-n21-edge-a5-s7331-w0.log
dis,21,edge,9173,0.978303161064121,1392,2026-08-18_01-32-42_dis-n21-edge-a5-s9173-w1.log
dis,31,core,123456,0.9400715904444453,1400,2026-06-17_15-50-19_dis-n31-core-a5-w2.log
dis,31,core,7331,0.9514735005998796,1382,2026-08-18_00-59-47_dis-n31-core-a5-s7331-w2.log
dis,31,core,9173,0.9850279357055278,1416,2026-08-18_01-26-35_dis-n31-core-a5-s9173-w3.log
dis,31,mid,123456,0.9857933702574083,1320,2026-06-17_14-54-56_dis-n31-mid-a5-w4.log
dis,31,mid,7331,0.9693283346555122,1397,2026-08-18_00-36-42_dis-n31-mid-a5-s7331-w4.log
dis,31,mid,9173,0.978859224655167,1412,2026-08-18_00-46-22_dis-n31-mid-a5-s9173-w5.log
dis,31,edge,123456,0.9849181078170666,1402,2026-06-17_15-29-22_dis-n31-edge-a5-w6.log
dis,31,edge,7331,0.9714654991541962,1406,2026-08-18_00-43-24_dis-n31-edge-a5-s7331-w6.log
dis,31,edge,9173,0.9535238051615306,1386,2026-08-18_00-20-56_dis-n31-edge-a5-s9173-w7.log
flooding,21,core,123456,0.9829210198668328,1406,2026-06-17_17-07-53_flooding-n21-core-a5-w0.log
flooding,21,core,7331,0.9856821773244706,1409,2026-08-18_03-17-22_flooding-n21-core-a5-s7331-w0.log
flooding,21,core,9173,0.9914637790833563,694,2026-08-18_23-23-21_flooding-n21-core-a5-s9173-w1.log
flooding,21,mid,123456,0.9982374478549161,1412,2026-06-17_19-07-36_flooding-n21-mid-a5-w2.log
flooding,21,mid,7331,0.9953701019063377,1414,2026-08-18_04-03-45_flooding-n21-mid-a5-s7331-w2.log
flooding,21,mid,9173,0.9959677690850934,1322,2026-08-18_04-23-34_flooding-n21-mid-a5-s9173-w3.log
flooding,21,edge,123456,0.9957827672188599,1357,2026-06-17_17-55-32_flooding-n21-edge-a5-w4.log
flooding,21,edge,7331,0.9925566567495432,1397,2026-08-18_03-41-22_flooding-n21-edge-a5-s7331-w4.log
flooding,21,edge,9173,0.991213304946035,1390,2026-08-18_03-48-19_flooding-n21-edge-a5-s9173-w5.log
flooding,31,core,123456,0.9971061027676967,1400,2026-06-17_18-40-49_flooding-n31-core-a5-w6.log
flooding,31,core,7331,0.997501651433429,1402,2026-08-18_03-49-20_flooding-n31-core-a5-s7331-w6.log
flooding,31,core,9173,0.9970344151220687,1394,2026-08-18_03-21-42_flooding-n31-core-a5-s9173-w7.log
flooding,31,mid,123456,0.9953367398734961,1395,2026-06-17_19-05-26_flooding-n31-mid-a5-w0.log
flooding,31,mid,7331,0.9988826815642458,1395,2026-08-18_04-56-06_flooding-n31-mid-a5-s7331-w0.log
flooding,31,mid,9173,0.9992805732123505,1399,2026-08-18_07-58-59_flooding-n31-mid-a5-s9173-w1.log
flooding,31,edge,123456,0.991764347323363,1403,2026-06-17_21-08-11_flooding-n31-edge-a5-w2.log
flooding,31,edge,7331,0.9967195304529856,1394,2026-08-18_05-58-20_flooding-n31-edge-a5-s7331-w2.log
flooding,31,edge,9173,0.9772853797935263,1378,2026-08-18_06-22-29_flooding-n31-edge-a5-s9173-w3.log
shared-slot,21,core,123456,0.40300164276395173,368,2026-06-17_19-36-42_shared-slot-n21-core-a5-w4.log
shared-slot,21,core,7331,0.27948795722884995,318,2026-08-18_05-43-50_shared-slot-n21-core-a5-s7331-w4.log
shared-slot,21,core,9173,0.41576249837485185,395,2026-08-18_05-39-02_shared-slot-n21-core-a5-s9173-w5.log
shared-slot,21,mid,123456,0.28423769129617615,577,2026-06-17_21-41-35_shared-slot-n21-mid-a5-w6.log
shared-slot,21,mid,7331,0.16479787346990565,277,2026-08-18_06-48-22_shared-slot-n21-mid-a5-s7331-w6.log
shared-slot,21,mid,9173,0.34075999759127595,352,2026-08-18_06-20-21_shared-slot-n21-mid-a5-s9173-w7.log
shared-slot,21,edge,123456,0.1665767249827971,504,2026-06-17_22-30-32_shared-slot-n21-edge-a5-w0.log
shared-slot,21,edge,7331,0.26451515818125415,337,2026-08-18_07-55-33_shared-slot-n21-edge-a5-s7331-w0.log
shared-slot,21,edge,9173,0.40341627341627334,493,2026-08-18_11-20-58_shared-slot-n21-edge-a5-s9173-w1.log
shared-slot,31,core,123456,0.13755721579921257,616,2026-06-18_00-14-20_shared-slot-n31-core-a5-w2.log
shared-slot,31,core,7331,0.18682790559344,343,2026-08-18_09-12-22_shared-slot-n31-core-a5-s7331-w2.log
shared-slot,31,core,9173,0.3637743259619663,300,2026-08-18_09-46-33_shared-slot-n31-core-a5-s9173-w3.log
shared-slot,31,mid,123456,0.35597147775691074,684,2026-06-17_21-06-41_shared-slot-n31-mid-a5-w4.log
shared-slot,31,mid,7331,0.13114541070892466,601,2026-08-18_07-05-27_shared-slot-n31-mid-a5-s7331-w4.log
shared-slot,31,mid,9173,0.31539825200632315,574,2026-08-18_07-08-16_shared-slot-n31-mid-a5-s9173-w5.log
shared-slot,31,edge,123456,0.3277245025774438,567,2026-06-17_23-22-51_shared-slot-n31-edge-a5-w6.log
shared-slot,31,edge,7331,0.261692087888631,522,2026-08-18_08-17-02_shared-slot-n31-edge-a5-s7331-w6.log
shared-slot,31,edge,9173,0.49578231984141297,849,2026-08-18_07-46-36_shared-slot-n31-edge-a5-s9173-w7.log
slot-exhaustion,21,core,123456,0.9552709484963051,1405,2026-06-18_00-04-53_slot-exhaustion-n21-core-a5-w0.log
slot-exhaustion,21,core,7331,0.8072952929906668,1407,2026-08-18_09-33-26_slot-exhaustion-n21-core-a5-s7331-w0.log
slot-exhaustion,21,core,9173,0.9925124533961016,1290,2026-08-18_12-48-31_slot-exhaustion-n21-core-a5-s9173-w1.log
slot-exhaustion,21,mid,123456,0.9975037753265784,1405,2026-06-18_03-07-32_slot-exhaustion-n21-mid-a5-w2.log
slot-exhaustion,21,mid,7331,0.9974683235910673,1380,2026-08-18_11-54-42_slot-exhaustion-n21-mid-a5-s7331-w2.log
slot-exhaustion,21,mid,9173,0.9967177023078448,1382,2026-08-18_12-26-54_slot-exhaustion-n21-mid-a5-s9173-w3.log
slot-exhaustion,21,edge,123456,0.7777004892443142,1376,2026-06-17_23-58-45_slot-exhaustion-n21-edge-a5-w4.log
slot-exhaustion,21,edge,7331,0.99818836477066,1388,2026-08-18_10-01-25_slot-exhaustion-n21-edge-a5-s7331-w4.log
slot-exhaustion,21,edge,9173,0.9967690999854618,1401,2026-08-18_10-01-14_slot-exhaustion-n21-edge-a5-s9173-w5.log
slot-exhaustion,31,core,123456,0.9918482771928862,1393,2026-06-18_02-04-46_slot-exhaustion-n31-core-a5-w6.log
slot-exhaustion,31,core,7331,0.9704740472586788,1400,2026-08-18_11-10-25_slot-exhaustion-n31-core-a5-s7331-w6.log
slot-exhaustion,31,core,9173,0.9836294257303961,1394,2026-08-18_10-42-21_slot-exhaustion-n31-core-a5-s9173-w7.log
slot-exhaustion,31,mid,123456,0.9984196792275475,1322,2026-06-18_01-50-58_slot-exhaustion-n31-mid-a5-w0.log
slot-exhaustion,31,mid,7331,0.998214509658094,1404,2026-08-18_11-16-52_slot-exhaustion-n31-mid-a5-s7331-w0.log
slot-exhaustion,31,mid,9173,0.9966454746385567,1348,2026-08-18_14-29-36_slot-exhaustion-n31-mid-a5-s9173-w1.log
slot-exhaustion,31,edge,123456,0.9969255809938303,1033,2026-06-18_05-06-23_slot-exhaustion-n31-edge-a5-w2.log
slot-exhaustion,31,edge,7331,0.7985739342637077,1400,2026-08-18_13-54-31_slot-exhaustion-n31-edge-a5-s7331-w2.log
slot-exhaustion,31,edge,9173,0.9766019143451171,1405,2026-08-18_14-17-57_slot-exhaustion-n31-edge-a5-s9173-w3.log
timekeep,21,core,123456,0.7038243322955093,1407,2026-06-18_01-51-40_timekeep-n21-core-a5-w4.log
timekeep,21,core,7331,0.35854352695365066,1379,2026-08-18_11-55-21_timekeep-n21-core-a5-s7331-w4.log
timekeep,21,core,9173,0.49480814551080066,1409,2026-08-18_11-49-35_timekeep-n21-core-a5-s9173-w5.log
timekeep,21,mid,123456,0.465380712386546,1411,2026-06-18_04-59-09_timekeep-n21-mid-a5-w6.log
timekeep,21,mid,7331,0.507964968687692,1413,2026-08-18_14-04-34_timekeep-n21-mid-a5-s7331-w6.log
timekeep,21,mid,9173,0.5837010469108963,1410,2026-08-18_13-41-53_timekeep-n21-mid-a5-s9173-w7.log
timekeep,21,edge,123456,0.44228632637086474,1400,2026-06-18_04-58-04_timekeep-n21-edge-a5-w0.log
timekeep,21,edge,7331,0.6253112176591518,1399,2026-08-18_14-19-56_timekeep-n21-edge-a5-s7331-w0.log
timekeep,21,edge,9173,0.780853929802972,1413,2026-08-18_17-57-45_timekeep-n21-edge-a5-s9173-w1.log
timekeep,31,core,123456,0.48741658053931836,1405,2026-06-18_07-59-39_timekeep-n31-core-a5-w2.log
timekeep,31,core,7331,0.06477072640285414,1397,2026-08-18_17-05-08_timekeep-n31-core-a5-s7331-w2.log
timekeep,31,core,9173,0.5051104128438861,1414,2026-08-18_17-31-26_timekeep-n31-core-a5-s9173-w3.log
timekeep,31,mid,123456,0.6906201627536774,1224,2026-06-18_03-26-17_timekeep-n31-mid-a5-w4.log
timekeep,31,mid,7331,0.5162415947870431,1397,2026-08-18_13-30-56_timekeep-n31-mid-a5-s7331-w4.log
timekeep,31,mid,9173,0.5436123452001379,1398,2026-08-18_13-29-44_timekeep-n31-mid-a5-s9173-w5.log
timekeep,31,edge,123456,0.772637164669283,1401,2026-06-18_06-29-39_timekeep-n31-edge-a5-w6.log
timekeep,31,edge,7331,0.5266639559684443,1397,2026-08-18_15-38-41_timekeep-n31-edge-a5-s7331-w6.log
timekeep,31,edge,9173,0.499557478558929,1386,2026-08-18_15-14-29_timekeep-n31-edge-a5-s9173-w7.log
