attack,fold,model,f1
blackhole,0,LR,0.42834138486312395
blackhole,0,RF,0.7927170868347339
blackhole,0,GBoost,0.6551724137931034
blackhole,0,XGBoost,0.9272281275551922
blackhole,0,LightGBM,0.9556485355648535
blackhole,0,DT,0.656441717791411
blackhole,0,SVM,0.6464285714285715
blackhole,0,kNN,0.8365650969529086
blackhole,0,MLP,0.9405594405594406
blackhole,0,NB,0.4245660881174899
blackhole,0,1D-CNN,0.8779304769603881
blackhole,0,LSTM,0.8967795210569777
blackhole,0,GRU,0.8569051580698837
blackhole,0,BiLSTM,0.859375
blackhole,0,CNN-LSTM,0.9362416107382551
blackhole,0,TCN,0.9064279902359641
blackhole,0,Transformer,0.9145646867371847
blackhole,1,LR,0.41408751334044824
blackhole,1,RF,0.7946741415557114
blackhole,1,GBoost,0.6327944572748269
blackhole,1,XGBoost,0.9210950080515298
blackhole,1,LightGBM,0.9533333333333334
blackhole,1,DT,0.6535626535626535
blackhole,1,SVM,0.6500000000000001
blackhole,1,kNN,0.8226555246053854
blackhole,1,MLP,0.9335664335664337
blackhole,1,NB,0.38744884038199184
blackhole,1,1D-CNN,0.8629600626468286
blackhole,1,LSTM,0.8674304418985269
blackhole,1,GRU,0.8337273443656422
blackhole,1,BiLSTM,0.850965250965251
blackhole,1,CNN-LSTM,0.8849840255591055
blackhole,1,TCN,0.8604294478527608
blackhole,1,Transformer,0.9234650967199328
blackhole,2,LR,0.4087513340448239
blackhole,2,RF,0.7681849082256967
blackhole,2,GBoost,0.6388888888888888
blackhole,2,XGBoost,0.9083601286173634
blackhole,2,LightGBM,0.9356435643564355
blackhole,2,DT,0.625421822272216
blackhole,2,SVM,0.64
blackhole,2,kNN,0.8093023255813954
blackhole,2,MLP,0.92987012987013
blackhole,2,NB,0.4076086956521739
blackhole,2,1D-CNN,0.8521870286576169
blackhole,2,LSTM,0.8851674641148325
blackhole,2,GRU,0.8338762214983714
blackhole,2,BiLSTM,0.8905597326649959
blackhole,2,CNN-LSTM,0.8637059724349158
blackhole,2,TCN,0.919093851132686
blackhole,2,Transformer,0.8786482334869431
blackhole,3,LR,0.4153522607781283
blackhole,3,RF,0.7669576897246474
blackhole,3,GBoost,0.6461187214611872
blackhole,3,XGBoost,0.9099601593625498
blackhole,3,LightGBM,0.9549248747913188
blackhole,3,DT,0.6692556634304208
blackhole,3,SVM,0.6538461538461539
blackhole,3,kNN,0.8450184501845018
blackhole,3,MLP,0.9483648881239242
blackhole,3,NB,0.4621409921671018
blackhole,3,1D-CNN,0.8714395688991532
blackhole,3,LSTM,0.8950366151342556
blackhole,3,GRU,0.8261851015801354
blackhole,3,BiLSTM,0.8731942215088283
blackhole,3,CNN-LSTM,0.9096826688364524
blackhole,3,TCN,0.9118835893290218
blackhole,3,Transformer,0.9276315789473685
blackhole,4,LR,0.41142252776308835
blackhole,4,RF,0.7800829875518672
blackhole,4,GBoost,0.6461187214611872
blackhole,4,XGBoost,0.9225806451612903
blackhole,4,LightGBM,0.9524603836530442
blackhole,4,DT,0.6249301285634433
blackhole,4,SVM,0.652962515114873
blackhole,4,kNN,0.8309726156751651
blackhole,4,MLP,0.9431321084864391
blackhole,4,NB,0.4167794316644114
blackhole,4,1D-CNN,0.9098712446351931
blackhole,4,LSTM,0.8318181818181818
blackhole,4,GRU,0.8498769483182937
blackhole,4,BiLSTM,0.8918918918918919
blackhole,4,CNN-LSTM,0.9000812347684809
blackhole,4,TCN,0.8314606741573034
blackhole,4,Transformer,0.8927680798004988
decrease,0,LR,0.8540031397174254
decrease,0,RF,0.9993935718617344
decrease,0,GBoost,0.9993935718617344
decrease,0,XGBoost,0.9993935718617344
decrease,0,LightGBM,0.9993935718617344
decrease,0,DT,0.9993935718617344
decrease,0,SVM,0.9664902998236332
decrease,0,kNN,0.979890310786106
decrease,0,MLP,0.9987864077669902
decrease,0,NB,0.741613780598368
decrease,0,1D-CNN,0.9879518072289156
decrease,0,LSTM,0.9945222154595252
decrease,0,GRU,0.9692307692307691
decrease,0,BiLSTM,0.9831325301204819
decrease,0,CNN-LSTM,0.9921450151057402
decrease,0,TCN,0.996964177292046
decrease,0,Transformer,0.9909801563439566
decrease,1,LR,0.8542872172540769
decrease,1,RF,1.0
decrease,1,GBoost,1.0
decrease,1,XGBoost,1.0
decrease,1,LightGBM,1.0
decrease,1,DT,0.9993950393224441
decrease,1,SVM,0.9649122807017543
decrease,1,kNN,0.9792682926829268
decrease,1,MLP,0.9993943064809208
decrease,1,NB,0.7340857787810383
decrease,1,1D-CNN,0.9903614457831325
decrease,1,LSTM,0.9939172749391727
decrease,1,GRU,0.9652736904061213
decrease,1,BiLSTM,0.9945421467556096
decrease,1,CNN-LSTM,0.9945222154595252
decrease,1,TCN,0.9945553539019965
decrease,1,Transformer,0.9987878787878788
decrease,2,LR,0.8542872172540769
decrease,2,RF,0.9993943064809208
decrease,2,GBoost,1.0
decrease,2,XGBoost,1.0
decrease,2,LightGBM,1.0
decrease,2,DT,1.0
decrease,2,SVM,0.96766607877719
decrease,2,kNN,0.9816849816849816
decrease,2,MLP,0.998180715585203
decrease,2,NB,0.7198218262806235
decrease,2,1D-CNN,0.9945684972842487
decrease,2,LSTM,0.9915662650602409
decrease,2,GRU,0.9705535924617196
decrease,2,BiLSTM,0.9932967702620353
decrease,2,CNN-LSTM,0.9903030303030302
decrease,2,TCN,0.9885885885885884
decrease,2,Transformer,0.9951397326852977
decrease,3,LR,0.8583509513742071
decrease,3,RF,1.0
decrease,3,GBoost,1.0
decrease,3,XGBoost,1.0
decrease,3,LightGBM,1.0
decrease,3,DT,1.0
decrease,3,SVM,0.9683098591549296
decrease,3,kNN,0.9817739975698664
decrease,3,MLP,0.9993943064809208
decrease,3,NB,0.7294751009421266
decrease,3,1D-CNN,0.9868263473053893
decrease,3,LSTM,0.9879518072289157
decrease,3,GRU,0.975286317058469
decrease,3,BiLSTM,0.9933373712901272
decrease,3,CNN-LSTM,0.9903614457831325
decrease,3,TCN,0.9927623642943305
decrease,3,Transformer,0.9631363370392042
decrease,4,LR,0.8729222520107239
decrease,4,RF,1.0
decrease,4,GBoost,1.0
decrease,4,XGBoost,1.0
decrease,4,LightGBM,1.0
decrease,4,DT,1.0
decrease,4,SVM,0.9637426900584795
decrease,4,kNN,0.9805589307411906
decrease,4,MLP,0.9993950393224441
decrease,4,NB,0.7451879010082494
decrease,4,1D-CNN,0.9909801563439568
decrease,4,LSTM,0.9945815773630344
decrease,4,GRU,0.9826865671641791
decrease,4,BiLSTM,0.9963811821471652
decrease,4,CNN-LSTM,0.9861027190332327
decrease,4,TCN,0.9987878787878788
decrease,4,Transformer,0.9915966386554621
dis,0,LR,0.9896782027929568
dis,0,RF,0.9890377588306942
dis,0,GBoost,0.9908814589665653
dis,0,XGBoost,0.9933292904790783
dis,0,LightGBM,0.9933292904790783
dis,0,DT,0.9843937575030013
dis,0,SVM,0.9866666666666667
dis,0,kNN,0.9740740740740741
dis,0,MLP,0.9921259842519685
dis,0,NB,0.8916064480266815
dis,0,1D-CNN,0.9921355111917725
dis,0,LSTM,0.9861529199277543
dis,0,GRU,0.9927272727272727
dis,0,BiLSTM,0.9843937575030013
dis,0,CNN-LSTM,0.9915356711003627
dis,0,TCN,0.9826451226810293
dis,0,Transformer,0.9903498190591074
dis,1,LR,0.9879227053140097
dis,1,RF,0.9927272727272727
dis,1,GBoost,0.9927272727272727
dis,1,XGBoost,0.9945619335347432
dis,1,LightGBM,0.992744860943168
dis,1,DT,0.9750297265160524
dis,1,SVM,0.9909255898366606
dis,1,kNN,0.9766871165644172
dis,1,MLP,0.993939393939394
dis,1,NB,0.9154453213077789
dis,1,1D-CNN,0.9939467312348668
dis,1,LSTM,0.9939540507859734
dis,1,GRU,0.9939540507859734
dis,1,BiLSTM,0.9903614457831326
dis,1,CNN-LSTM,0.9927536231884058
dis,1,TCN,0.98562874251497
dis,1,Transformer,0.990990990990991
dis,2,LR,0.9884918231374924
dis,2,RF,0.9884216940889701
dis,2,GBoost,0.9878493317132442
dis,2,XGBoost,0.989090909090909
dis,2,LightGBM,0.9902794653705954
dis,2,DT,0.9848759830611011
dis,2,SVM,0.9896907216494846
dis,2,kNN,0.9735384615384615
dis,2,MLP,0.9933292904790783
dis,2,NB,0.8917410714285714
dis,2,1D-CNN,0.993939393939394
dis,2,LSTM,0.9921355111917725
dis,2,GRU,0.9861695730607336
dis,2,BiLSTM,0.9939540507859734
dis,2,CNN-LSTM,0.9939540507859734
dis,2,TCN,0.9879951980792315
dis,2,Transformer,0.9945487583282859
dis,3,LR,0.9909365558912386
dis,3,RF,0.98965307364577
dis,3,GBoost,0.9896656534954408
dis,3,XGBoost,0.9909145972138098
dis,3,LightGBM,0.9915151515151515
dis,3,DT,0.9696969696969696
dis,3,SVM,0.9873264936632469
dis,3,kNN,0.9772866789441375
dis,3,MLP,0.9951632406287787
dis,3,NB,0.8903728436282694
dis,3,1D-CNN,0.9951632406287787
dis,3,LSTM,0.9933292904790783
dis,3,GRU,0.993939393939394
dis,3,BiLSTM,0.993939393939394
dis,3,CNN-LSTM,0.9945553539019965
dis,3,TCN,0.9927360774818401
dis,3,Transformer,0.9891826923076923
dis,4,LR,0.9915356711003628
dis,4,RF,0.992116434202547
dis,4,GBoost,0.9921259842519685
dis,4,XGBoost,0.9909474954737477
dis,4,LightGBM,0.992744860943168
dis,4,DT,0.9693396226415094
dis,4,SVM,0.9915254237288135
dis,4,kNN,0.9754601226993865
dis,4,MLP,0.9939467312348668
dis,4,NB,0.9243888573052872
dis,4,1D-CNN,0.9921733895243828
dis,4,LSTM,0.9909692956050572
dis,4,GRU,0.9945553539019965
dis,4,BiLSTM,0.9933614966807484
dis,4,CNN-LSTM,0.9933774834437087
dis,4,TCN,0.9957703927492447
dis,4,Transformer,0.9921450151057402
flooding,0,LR,0.9982068141063957
flooding,0,RF,0.9994022713687986
flooding,0,GBoost,0.9994022713687986
flooding,0,XGBoost,0.9994022713687986
flooding,0,LightGBM,0.9994022713687986
flooding,0,DT,0.9994022713687986
flooding,0,SVM,0.9988038277511962
flooding,0,kNN,0.9945945945945946
flooding,0,MLP,0.9982046678635548
flooding,0,NB,0.9664351851851852
flooding,0,1D-CNN,0.9976047904191617
flooding,0,LSTM,0.9958008398320335
flooding,0,GRU,0.9964028776978416
flooding,0,BiLSTM,0.9964028776978416
flooding,0,CNN-LSTM,0.9964114832535885
flooding,0,TCN,0.9982046678635548
flooding,0,Transformer,0.9988038277511962
flooding,1,LR,0.9988066825775657
flooding,1,RF,0.9994029850746269
flooding,1,GBoost,0.9988066825775657
flooding,1,XGBoost,0.9994029850746269
flooding,1,LightGBM,0.9994029850746269
flooding,1,DT,0.998211091234347
flooding,1,SVM,0.998805256869773
flooding,1,kNN,0.9988038277511962
flooding,1,MLP,0.998805256869773
flooding,1,NB,0.9772329246935202
flooding,1,1D-CNN,0.9982046678635548
flooding,1,LSTM,0.9976047904191617
flooding,1,GRU,0.9970077797725913
flooding,1,BiLSTM,0.9982046678635548
flooding,1,CNN-LSTM,0.9982046678635548
flooding,1,TCN,0.9970149253731344
flooding,1,Transformer,0.9988066825775657
flooding,2,LR,1.0
flooding,2,RF,1.0
flooding,2,GBoost,1.0
flooding,2,XGBoost,1.0
flooding,2,LightGBM,1.0
flooding,2,DT,1.0
flooding,2,SVM,1.0
flooding,2,kNN,0.9970041941282205
flooding,2,MLP,0.9994022713687986
flooding,2,NB,0.9721254355400697
flooding,2,1D-CNN,0.9994022713687986
flooding,2,LSTM,0.9988038277511962
flooding,2,GRU,0.9994022713687986
flooding,2,BiLSTM,0.9994022713687986
flooding,2,CNN-LSTM,0.9994022713687986
flooding,2,TCN,0.9994022713687986
flooding,2,Transformer,0.9858657243816255
flooding,3,LR,0.998805256869773
flooding,3,RF,1.0
flooding,3,GBoost,1.0
flooding,3,XGBoost,1.0
flooding,3,LightGBM,1.0
flooding,3,DT,0.9994022713687986
flooding,3,SVM,0.998805256869773
flooding,3,kNN,0.9976047904191617
flooding,3,MLP,0.998805256869773
flooding,3,NB,0.9598163030998852
flooding,3,1D-CNN,0.9988038277511962
flooding,3,LSTM,0.9976047904191617
flooding,3,GRU,0.9982046678635548
flooding,3,BiLSTM,0.9982046678635548
flooding,3,CNN-LSTM,0.9982068141063957
flooding,3,TCN,0.9976076555023923
flooding,3,Transformer,0.9982046678635548
flooding,4,LR,0.9982046678635548
flooding,4,RF,0.998805256869773
flooding,4,GBoost,0.9982046678635548
flooding,4,XGBoost,0.998805256869773
flooding,4,LightGBM,0.9982068141063957
flooding,4,DT,0.9982068141063957
flooding,4,SVM,0.9970041941282205
flooding,4,kNN,0.9945945945945946
flooding,4,MLP,0.9964028776978416
flooding,4,NB,0.9657971014492753
flooding,4,1D-CNN,0.9976047904191617
flooding,4,LSTM,0.9970077797725913
flooding,4,GRU,0.9970077797725913
flooding,4,BiLSTM,0.9976047904191617
flooding,4,CNN-LSTM,0.9970077797725913
flooding,4,TCN,0.9970077797725913
flooding,4,Transformer,0.9982046678635548
shared-slot,0,LR,0.17569786535303777
shared-slot,0,RF,0.6565349544072947
shared-slot,0,GBoost,0.5975103734439834
shared-slot,0,XGBoost,0.8775790921595598
shared-slot,0,LightGBM,0.9472140762463344
shared-slot,0,DT,0.5081332300542216
shared-slot,0,SVM,0.5658362989323843
shared-slot,0,kNN,0.7979626485568759
shared-slot,0,MLP,0.9455676516329705
shared-slot,0,NB,0.0437956204379562
shared-slot,0,1D-CNN,0.7930174563591021
shared-slot,0,LSTM,0.7439165701042874
shared-slot,0,GRU,0.565938864628821
shared-slot,0,BiLSTM,0.7414187643020596
shared-slot,0,CNN-LSTM,0.7451868629671574
shared-slot,0,TCN,0.815006468305304
shared-slot,0,Transformer,0.7961165048543689
shared-slot,1,LR,0.17659137577002051
shared-slot,1,RF,0.6557040082219938
shared-slot,1,GBoost,0.5845511482254697
shared-slot,1,XGBoost,0.8700265251989391
shared-slot,1,LightGBM,0.9507246376811594
shared-slot,1,DT,0.5027494108405341
shared-slot,1,SVM,0.5596491228070175
shared-slot,1,kNN,0.7702702702702702
shared-slot,1,MLP,0.9454545454545454
shared-slot,1,NB,0.09341825902335457
shared-slot,1,1D-CNN,0.7370838117106774
shared-slot,1,LSTM,0.7643610785463071
shared-slot,1,GRU,0.6370967741935483
shared-slot,1,BiLSTM,0.7185761957730812
shared-slot,1,CNN-LSTM,0.8180645161290322
shared-slot,1,TCN,0.7389830508474576
shared-slot,1,Transformer,0.7904761904761904
shared-slot,2,LR,0.17226392730146187
shared-slot,2,RF,0.6619576185671039
shared-slot,2,GBoost,0.6053169734151329
shared-slot,2,XGBoost,0.8930987821380244
shared-slot,2,LightGBM,0.9113573407202217
shared-slot,2,DT,0.47262247838616717
shared-slot,2,SVM,0.5599999999999999
shared-slot,2,kNN,0.7959183673469388
shared-slot,2,MLP,0.9411764705882353
shared-slot,2,NB,0.09876543209876543
shared-slot,2,1D-CNN,0.7238723872387239
shared-slot,2,LSTM,0.6687054026503567
shared-slot,2,GRU,0.6066176470588235
shared-slot,2,BiLSTM,0.7660069848661233
shared-slot,2,CNN-LSTM,0.6435845213849286
shared-slot,2,TCN,0.842239185750636
shared-slot,2,Transformer,0.6343355965082443
shared-slot,3,LR,0.160415003990423
shared-slot,3,RF,0.6144927536231883
shared-slot,3,GBoost,0.5762004175365345
shared-slot,3,XGBoost,0.8785811732605728
shared-slot,3,LightGBM,0.9344978165938864
shared-slot,3,DT,0.4447533009034051
shared-slot,3,SVM,0.5604982206405693
shared-slot,3,kNN,0.75
shared-slot,3,MLP,0.9297971918876754
shared-slot,3,NB,0.07843137254901962
shared-slot,3,1D-CNN,0.765906362545018
shared-slot,3,LSTM,0.6970684039087948
shared-slot,3,GRU,0.5582222222222222
shared-slot,3,BiLSTM,0.7345029239766082
shared-slot,3,CNN-LSTM,0.823529411764706
shared-slot,3,TCN,0.9052333804809052
shared-slot,3,Transformer,0.6832298136645963
shared-slot,4,LR,0.1705246913580247
shared-slot,4,RF,0.6497975708502024
shared-slot,4,GBoost,0.6024096385542169
shared-slot,4,XGBoost,0.9009762900976289
shared-slot,4,LightGBM,0.9191489361702128
shared-slot,4,DT,0.4988381099922541
shared-slot,4,SVM,0.5416316232127839
shared-slot,4,kNN,0.7728026533996685
shared-slot,4,MLP,0.9226006191950465
shared-slot,4,NB,0.11016949152542373
shared-slot,4,1D-CNN,0.7387802071346374
shared-slot,4,LSTM,0.7570900123304561
shared-slot,4,GRU,0.5827338129496402
shared-slot,4,BiLSTM,0.6927966101694915
shared-slot,4,CNN-LSTM,0.692390139335477
shared-slot,4,TCN,0.8337662337662338
shared-slot,4,Transformer,0.8154613466334164
slot-exhaustion,0,LR,0.9987389659520807
slot-exhaustion,0,RF,0.9987389659520807
slot-exhaustion,0,GBoost,0.9987389659520807
slot-exhaustion,0,XGBoost,0.9987389659520807
slot-exhaustion,0,LightGBM,0.9987389659520807
slot-exhaustion,0,DT,0.9981096408317581
slot-exhaustion,0,SVM,0.9987389659520807
slot-exhaustion,0,kNN,0.9943001899936669
slot-exhaustion,0,MLP,0.9987389659520807
slot-exhaustion,0,NB,0.9150779896013865
slot-exhaustion,0,1D-CNN,0.9968414403032217
slot-exhaustion,0,LSTM,0.9949494949494949
slot-exhaustion,0,GRU,0.9962121212121212
slot-exhaustion,0,BiLSTM,0.9936868686868685
slot-exhaustion,0,CNN-LSTM,0.9955835962145111
slot-exhaustion,0,TCN,0.9962121212121212
slot-exhaustion,0,Transformer,0.9987389659520807
slot-exhaustion,1,LR,0.9987373737373738
slot-exhaustion,1,RF,0.9987373737373738
slot-exhaustion,1,GBoost,0.9987373737373738
slot-exhaustion,1,XGBoost,0.9987373737373738
slot-exhaustion,1,LightGBM,0.998104864181933
slot-exhaustion,1,DT,0.9955947136563876
slot-exhaustion,1,SVM,0.9987373737373738
slot-exhaustion,1,kNN,0.9962025316455696
slot-exhaustion,1,MLP,0.9987373737373738
slot-exhaustion,1,NB,0.9383155397390271
slot-exhaustion,1,1D-CNN,0.9974715549936789
slot-exhaustion,1,LSTM,0.9955668144395187
slot-exhaustion,1,GRU,0.9968374446552815
slot-exhaustion,1,BiLSTM,0.9974747474747474
slot-exhaustion,1,CNN-LSTM,0.9974715549936789
slot-exhaustion,1,TCN,0.9968414403032217
slot-exhaustion,1,Transformer,0.9987373737373738
slot-exhaustion,2,LR,0.998104864181933
slot-exhaustion,2,RF,0.9987373737373738
slot-exhaustion,2,GBoost,0.9981072555205048
slot-exhaustion,2,XGBoost,0.9981072555205048
slot-exhaustion,2,LightGBM,0.9981072555205048
slot-exhaustion,2,DT,0.9974779319041615
slot-exhaustion,2,SVM,0.9987373737373738
slot-exhaustion,2,kNN,0.9962025316455696
slot-exhaustion,2,MLP,0.9974715549936789
slot-exhaustion,2,NB,0.9123414071510957
slot-exhaustion,2,1D-CNN,0.9962073324905183
slot-exhaustion,2,LSTM,0.9943217665615143
slot-exhaustion,2,GRU,0.9968374446552815
slot-exhaustion,2,BiLSTM,0.9974715549936789
slot-exhaustion,2,CNN-LSTM,0.9968374446552815
slot-exhaustion,2,TCN,0.9943289224952742
slot-exhaustion,2,Transformer,0.9987373737373738
slot-exhaustion,3,LR,0.9974747474747475
slot-exhaustion,3,RF,0.9981072555205047
slot-exhaustion,3,GBoost,0.9981072555205047
slot-exhaustion,3,XGBoost,0.9981072555205047
slot-exhaustion,3,LightGBM,0.9974779319041615
slot-exhaustion,3,DT,0.9974747474747475
slot-exhaustion,3,SVM,0.9968414403032217
slot-exhaustion,3,kNN,0.9943001899936669
slot-exhaustion,3,MLP,0.9962073324905183
slot-exhaustion,3,NB,0.9284037558685446
slot-exhaustion,3,1D-CNN,0.9949367088607595
slot-exhaustion,3,LSTM,0.9830932999373825
slot-exhaustion,3,GRU,0.9943001899936669
slot-exhaustion,3,BiLSTM,0.9949367088607595
slot-exhaustion,3,CNN-LSTM,0.995572422517394
slot-exhaustion,3,TCN,0.995572422517394
slot-exhaustion,3,Transformer,0.9962073324905183
slot-exhaustion,4,LR,0.9981072555205047
slot-exhaustion,4,RF,0.9987389659520807
slot-exhaustion,4,GBoost,0.9981072555205047
slot-exhaustion,4,XGBoost,0.9987389659520807
slot-exhaustion,4,LightGBM,0.9968494013862633
slot-exhaustion,4,DT,0.9974779319041615
slot-exhaustion,4,SVM,0.9981072555205047
slot-exhaustion,4,kNN,0.9943001899936669
slot-exhaustion,4,MLP,0.9981072555205047
slot-exhaustion,4,NB,0.9257744009351255
slot-exhaustion,4,1D-CNN,0.9949431099873577
slot-exhaustion,4,LSTM,0.9930423782416191
slot-exhaustion,4,GRU,0.9949367088607595
slot-exhaustion,4,BiLSTM,0.9949367088607595
slot-exhaustion,4,CNN-LSTM,0.9949494949494949
slot-exhaustion,4,TCN,0.9949431099873577
slot-exhaustion,4,Transformer,0.9987389659520807
timekeep,0,LR,0.5177786656012784
timekeep,0,RF,0.8456159225389995
timekeep,0,GBoost,0.7158196134574087
timekeep,0,XGBoost,0.9608416130917592
timekeep,0,LightGBM,0.9780154486036838
timekeep,0,DT,0.7219277108433734
timekeep,0,SVM,0.834051724137931
timekeep,0,kNN,0.9015673981191222
timekeep,0,MLP,0.9879081015719469
timekeep,0,NB,0.46790890269151136
timekeep,0,1D-CNN,0.98562874251497
timekeep,0,LSTM,0.986085904416213
timekeep,0,GRU,0.9825195901145268
timekeep,0,BiLSTM,0.9843373493975903
timekeep,0,CNN-LSTM,0.9885196374622356
timekeep,0,TCN,0.9903381642512077
timekeep,0,Transformer,0.9805825242718447
timekeep,1,LR,0.5037623762376238
timekeep,1,RF,0.8268705625341343
timekeep,1,GBoost,0.6806966618287373
timekeep,1,XGBoost,0.9549970777323202
timekeep,1,LightGBM,0.9721728833629366
timekeep,1,DT,0.698874296435272
timekeep,1,SVM,0.803191489361702
timekeep,1,kNN,0.8914141414141413
timekeep,1,MLP,0.9853479853479853
timekeep,1,NB,0.4525316455696202
timekeep,1,1D-CNN,0.9727164887307236
timekeep,1,LSTM,0.9749999999999999
timekeep,1,GRU,0.9645808736717827
timekeep,1,BiLSTM,0.977910447761194
timekeep,1,CNN-LSTM,0.983173076923077
timekeep,1,TCN,0.9778840406455469
timekeep,1,Transformer,0.9584552369806904
timekeep,2,LR,0.5188417294724316
timekeep,2,RF,0.8333333333333333
timekeep,2,GBoost,0.7195385724585436
timekeep,2,XGBoost,0.9607498535442296
timekeep,2,LightGBM,0.9750593824228029
timekeep,2,DT,0.733677782996712
timekeep,2,SVM,0.8298666666666666
timekeep,2,kNN,0.8959501557632398
timekeep,2,MLP,0.9866017052375152
timekeep,2,NB,0.4614566719829878
timekeep,2,1D-CNN,0.9705188679245282
timekeep,2,LSTM,0.9873873873873874
timekeep,2,GRU,0.9736526946107785
timekeep,2,BiLSTM,0.9762752075919336
timekeep,2,CNN-LSTM,0.9885748647023451
timekeep,2,TCN,0.9873873873873874
timekeep,2,Transformer,0.9733885274985216
timekeep,3,LR,0.5084346802667712
timekeep,3,RF,0.831651619755709
timekeep,3,GBoost,0.7382456140350878
timekeep,3,XGBoost,0.9558139534883721
timekeep,3,LightGBM,0.9796650717703348
timekeep,3,DT,0.7283126787416587
timekeep,3,SVM,0.8176623376623376
timekeep,3,kNN,0.8968105065666042
timekeep,3,MLP,0.9903264812575575
timekeep,3,NB,0.45934959349593496
timekeep,3,1D-CNN,0.9832535885167464
timekeep,3,LSTM,0.9808153477218226
timekeep,3,GRU,0.9809069212410501
timekeep,3,BiLSTM,0.9879081015719469
timekeep,3,CNN-LSTM,0.9951573849878934
timekeep,3,TCN,0.9909365558912386
timekeep,3,Transformer,0.9842805320435309
timekeep,4,LR,0.5156985871271585
timekeep,4,RF,0.8109243697478993
timekeep,4,GBoost,0.7207977207977208
timekeep,4,XGBoost,0.9709887507400828
timekeep,4,LightGBM,0.9797136038186157
timekeep,4,DT,0.7421875
timekeep,4,SVM,0.8342133051742344
timekeep,4,kNN,0.8938826466916355
timekeep,4,MLP,0.9896907216494845
timekeep,4,NB,0.4653103808033386
timekeep,4,1D-CNN,0.9785714285714285
timekeep,4,LSTM,0.9885473176612417
timekeep,4,GRU,0.9749702026221693
timekeep,4,BiLSTM,0.9909584086799277
timekeep,4,CNN-LSTM,0.9854897218863361
timekeep,4,TCN,0.9844124700239808
timekeep,4,Transformer,0.977643504531722
