frames,duration_s,beacons,data,acks,cmds,beacon_per_min,frames_per_min,beacon_in_eb_cell,other_in_eb_cell,busy_slots,co_tx_slots,co_tx_share,run,kind,families,scale
222661,3599.0,13659,118704,90298,0,227.7,3712.1,0.9993,0.0869,102862,0,0.0,2026-06-18_16-03-06_multi-blackhole+dis-n21-s42-w0,multiattack,blackhole+dis,21
212251,3599.0,13581,112616,86054,0,226.4,3538.5,0.9989,0.1115,95058,0,0.0,2026-06-18_16-05-36_multi-blackhole+dis-n21-s43-w1,multiattack,blackhole+dis,21
220881,3599.0,13835,117788,89258,0,230.6,3682.3,0.9991,0.0416,105068,0,0.0,2026-06-18_16-08-06_multi-blackhole+dis-n21-s44-w2,multiattack,blackhole+dis,21
303271,3599.0,19590,160854,122827,0,326.6,5055.9,0.9987,0.0474,125318,0,0.0,2026-06-18_16-10-36_multi-blackhole+dis-n31-s42-w3,multiattack,blackhole+dis,31
291649,3599.0,20072,156358,115219,0,334.6,4862.2,0.9988,0.0332,125042,0,0.0,2026-06-18_16-13-06_multi-blackhole+dis-n31-s43-w4,multiattack,blackhole+dis,31
309302,3599.0,19753,161926,127623,0,329.3,5156.4,0.9987,0.0388,126459,0,0.0,2026-06-18_16-15-36_multi-blackhole+dis-n31-s44-w5,multiattack,blackhole+dis,31
240985,3599.0,14461,124523,102001,0,241.1,4017.5,0.9997,0.0738,107600,0,0.0,2026-06-18_16-18-06_multi-blackhole+timekeep-n21-s42-w6,multiattack,blackhole+timekeep,21
220164,3599.0,13919,112771,93474,0,232.0,3670.4,0.9994,0.108,98310,0,0.0,2026-06-18_16-20-36_multi-blackhole+timekeep-n21-s43-w7,multiattack,blackhole+timekeep,21
272898,3599.0,19886,145513,107499,0,331.5,4549.5,0.9997,0.0869,113170,0,0.0,2026-06-18_17-16-58_multi-blackhole+timekeep-n31-s42-w1,multiattack,blackhole+timekeep,31
238860,3599.0,14251,122768,101841,0,237.6,3982.1,0.9994,0.0635,106238,0,0.0,2026-06-18_17-36-53_multi-blackhole+timekeep-n21-s44-w0,multiattack,blackhole+timekeep,21
328647,3599.0,20492,171482,136673,0,341.6,5478.9,0.9988,0.0738,134892,0,0.0,2026-06-18_17-46-43_multi-blackhole+timekeep-n31-s43-w2,multiattack,blackhole+timekeep,31
362535,3599.0,20281,173468,168786,0,338.1,6043.9,0.9984,0.1041,128740,0,0.0,2026-06-18_18-10-37_multi-decrease+flooding-n31-s42-w7,multiattack,decrease+flooding,31
249907,3599.0,13563,119607,116737,0,226.1,4166.3,0.9996,0.0903,99216,0,0.0,2026-06-18_18-21-39_multi-decrease+flooding-n21-s44-w6,multiattack,decrease+flooding,21
252744,3599.0,13796,120660,118288,0,230.0,4213.6,0.9996,0.0655,104780,0,0.0,2026-06-18_18-56-25_multi-decrease+flooding-n21-s42-w4,multiattack,decrease+flooding,21
227379,3599.0,13889,107845,105645,0,231.5,3790.7,0.9991,0.1418,93502,0,0.0,2026-06-18_19-01-47_multi-decrease+flooding-n21-s43-w5,multiattack,decrease+flooding,21
278142,3599.0,19713,147439,110990,0,328.6,4636.9,0.9987,0.0375,116765,0,0.0,2026-06-18_19-03-34_multi-blackhole+timekeep-n31-s44-w3,multiattack,blackhole+timekeep,31
360122,3599.0,20295,172563,167264,0,338.3,6003.7,0.9989,0.0528,135276,0,0.0,2026-06-18_19-08-26_multi-decrease+flooding-n31-s43-w0,multiattack,decrease+flooding,31
338907,3599.0,20055,161673,157179,0,334.3,5649.9,0.9986,0.0967,128650,0,0.0,2026-06-18_19-48-10_multi-decrease+flooding-n31-s44-w1,multiattack,decrease+flooding,31
307081,3599.0,20256,148994,137831,0,337.7,5119.4,0.9988,0.0669,120820,0,0.0,2026-06-18_20-10-11_multi-decrease+dis-n31-s43-w6,multiattack,decrease+dis,31
205171,3599.0,13748,98919,92504,0,229.2,3420.4,0.9993,0.0885,93173,0,0.0,2026-06-18_20-49-59_multi-decrease+dis-n21-s42-w2,multiattack,decrease+dis,21
318780,3599.0,19917,154162,144701,0,332.0,5314.4,0.9986,0.0928,117679,0,0.0,2026-06-18_20-50-04_multi-decrease+dis-n31-s42-w5,multiattack,decrease+dis,31
203089,3599.0,13832,98748,90509,0,230.6,3385.7,0.9978,0.064,87287,0,0.0,2026-06-18_20-52-56_multi-decrease+dis-n21-s44-w4,multiattack,decrease+dis,21
328358,3599.0,20232,159517,148609,0,337.3,5474.1,0.9997,0.0687,126768,0,0.0,2026-06-18_21-20-46_multi-decrease+dis-n31-s44-w7,multiattack,decrease+dis,31
204887,3599.0,13846,99007,92034,0,230.8,3415.7,0.9975,0.0338,87765,0,0.0,2026-06-18_21-51-36_multi-decrease+dis-n21-s43-w3,multiattack,decrease+dis,21
193569,3599.0,14472,90727,88370,0,241.3,3227.0,0.9995,0.0305,88819,0,0.0,2026-06-18_22-20-31_multi-shared-slot+timekeep-n21-s42-w0,multiattack,shared-slot+timekeep,21
196789,3599.0,14458,92543,89788,0,241.0,3280.7,0.9994,0.1026,82188,0,0.0,2026-06-18_22-40-39_multi-shared-slot+timekeep-n21-s44-w2,multiattack,shared-slot+timekeep,21
303311,3599.0,20645,144754,137912,0,344.2,5056.6,0.9984,0.048,118918,0,0.0,2026-06-18_22-42-03_multi-shared-slot+timekeep-n31-s43-w4,multiattack,shared-slot+timekeep,31
201837,3599.0,14114,95267,92456,0,235.3,3364.9,0.9995,0.1338,87058,0,0.0,2026-06-18_22-52-23_multi-shared-slot+timekeep-n21-s43-w1,multiattack,shared-slot+timekeep,21
218991,3599.0,13997,103612,101382,0,233.3,3650.9,0.9984,0.0774,89866,0,0.0,2026-06-18_23-12-19_multi-flooding+shared-slot-n21-s42-w6,multiattack,flooding+shared-slot,21
311713,3599.0,20409,148668,142636,0,340.2,5196.6,0.9988,0.0347,113791,0,0.0,2026-06-18_23-33-55_multi-shared-slot+timekeep-n31-s42-w3,multiattack,shared-slot+timekeep,31
308648,3599.0,20456,146871,141321,0,341.0,5145.5,0.9986,0.0624,115051,0,0.0,2026-06-18_23-51-44_multi-shared-slot+timekeep-n31-s44-w5,multiattack,shared-slot+timekeep,31
222292,3599.0,13744,105558,102990,0,229.1,3705.9,0.9975,0.1439,94702,0,0.0,2026-06-18_23-53-40_multi-flooding+shared-slot-n21-s44-w0,multiattack,flooding+shared-slot,21
338617,3599.0,20044,161117,157456,0,334.2,5645.1,0.9987,0.088,124629,0,0.0,2026-06-19_00-18-42_multi-flooding+shared-slot-n31-s43-w2,multiattack,flooding+shared-slot,31
230653,3599.0,13930,109932,106791,0,232.2,3845.2,0.9996,0.0676,100076,0,0.0,2026-06-19_00-23-53_multi-flooding+shared-slot-n21-s43-w7,multiattack,flooding+shared-slot,21
330450,3599.0,20450,156951,153049,0,340.9,5509.0,0.9996,0.0715,118547,0,0.0,2026-06-19_00-29-48_multi-flooding+shared-slot-n31-s42-w1,multiattack,flooding+shared-slot,31
323661,3599.0,19806,154997,148858,0,330.2,5395.8,0.9981,0.1078,113716,0,0.0,2026-06-19_02-02-21_multi-flooding+shared-slot-n31-s44-w3,multiattack,flooding+shared-slot,31
203247,3599.0,13707,95773,93767,0,228.5,3388.4,0.9994,0.0122,86010,0,0.0,2026-06-17_11-27-10_decrease-n21-core-a5-w0,single,decrease,21
200541,3599.0,13803,94627,92111,0,230.1,3343.2,0.9978,0.0205,84101,0,0.0,2026-06-17_11-32-10_decrease-n21-mid-a5-w2,single,decrease,21
203804,3599.0,13940,96439,93425,0,232.4,3397.6,0.9978,0.1191,84964,0,0.0,2026-06-17_11-37-10_decrease-n21-edge-a5-w4,single,decrease,21
303470,3599.0,20503,144200,138767,0,341.8,5059.2,0.9996,0.0593,120247,0,0.0,2026-06-17_11-42-10_decrease-n31-core-a5-w6,single,decrease,31
303600,3599.0,20032,144277,139291,0,334.0,5061.4,0.9989,0.0426,121703,0,0.0,2026-06-17_12-31-59_decrease-n31-mid-a5-w0,single,decrease,31
311647,3599.0,20312,148046,143289,0,338.6,5195.5,0.9989,0.0569,121466,0,0.0,2026-06-17_12-51-10_decrease-n31-edge-a5-w2,single,decrease,31
223893,3599.0,13920,110585,99388,0,232.1,3732.5,0.9993,0.0483,102145,0,0.0,2026-06-17_12-59-28_dis-n21-core-a5-w4,single,dis,21
203382,3599.0,13754,100671,88957,0,229.3,3390.6,0.9978,0.065,92979,0,0.0,2026-06-17_13-41-46_dis-n21-mid-a5-w6,single,dis,21
317252,3599.0,20172,156618,140462,0,336.3,5289.0,0.9987,0.0554,125140,0,0.0,2026-06-17_14-54-56_dis-n31-mid-a5-w4,single,dis,31
209586,3599.0,13757,103242,92587,0,229.3,3494.0,0.9978,0.0568,89379,0,0.0,2026-06-17_15-21-50_dis-n21-edge-a5-w0,single,dis,21
312376,3599.0,20099,153088,139189,0,335.1,5207.6,0.9989,0.1002,123542,0,0.0,2026-06-17_15-29-22_dis-n31-edge-a5-w6,single,dis,31
333557,3599.0,20087,163310,150160,0,334.9,5560.8,0.9996,0.0461,128120,0,0.0,2026-06-17_15-50-19_dis-n31-core-a5-w2,single,dis,31
264853,3599.0,13965,126500,124388,0,232.8,4415.5,0.9996,0.0401,107603,0,0.0,2026-06-17_17-07-53_flooding-n21-core-a5-w0,single,flooding,21
274108,3599.0,13578,131410,129120,0,226.4,4569.7,0.9978,0.0046,102128,0,0.0,2026-06-17_17-55-32_flooding-n21-edge-a5-w4,single,flooding,21
358860,3599.0,20096,171793,166971,0,335.0,5982.6,0.9998,0.0514,139049,0,0.0,2026-06-17_18-40-49_flooding-n31-core-a5-w6,single,flooding,31
413876,3599.0,20254,199555,194067,0,337.7,6899.8,0.9989,0.0641,146407,0,0.0,2026-06-17_19-05-26_flooding-n31-mid-a5-w0,single,flooding,31
283507,3599.0,13764,135703,134040,0,229.5,4726.4,0.9978,0.0687,103233,0,0.0,2026-06-17_19-07-36_flooding-n21-mid-a5-w2,single,flooding,21
180639,3599.0,13858,87172,79609,0,231.0,3011.5,0.9995,0.043,81247,0,0.0,2026-06-17_19-36-42_shared-slot-n21-core-a5-w4,single,shared-slot,21
294954,3599.0,20226,140848,133880,0,337.2,4917.2,0.9929,0.0529,116623,0,0.0,2026-06-17_21-06-41_shared-slot-n31-mid-a5-w4,single,shared-slot,31
386680,3599.0,20217,186093,180370,0,337.0,6446.4,0.9989,0.0306,137959,0,0.0,2026-06-17_21-08-11_flooding-n31-edge-a5-w2,single,flooding,31
192672,3599.0,13756,91486,87430,0,229.3,3212.1,0.9978,0.0702,84702,0,0.0,2026-06-17_21-41-35_shared-slot-n21-mid-a5-w6,single,shared-slot,21
198866,3599.0,13792,93979,91095,0,229.9,3315.3,0.9978,0.0487,84327,0,0.0,2026-06-17_22-30-32_shared-slot-n21-edge-a5-w0,single,shared-slot,21
299916,3599.0,20127,142934,136855,0,335.5,4999.9,0.9989,0.0706,119045,0,0.0,2026-06-17_23-22-51_shared-slot-n31-edge-a5-w6,single,shared-slot,31
203238,3599.0,13615,96834,92789,0,227.0,3388.2,0.9978,0.0643,87591,0,0.0,2026-06-17_23-58-45_slot-exhaustion-n21-edge-a5-w4,single,slot-exhaustion,21
204572,3599.0,13829,96916,93827,0,230.5,3410.4,0.9996,0.0793,91522,0,0.0,2026-06-18_00-04-53_slot-exhaustion-n21-core-a5-w0,single,slot-exhaustion,21
308381,3599.0,20242,147691,140448,0,337.5,5141.1,0.9999,0.1042,121957,0,0.0,2026-06-18_00-14-20_shared-slot-n31-core-a5-w2,single,shared-slot,31
309083,3599.0,19896,147482,141705,0,331.7,5152.8,0.9988,0.0847,124446,0,0.0,2026-06-18_01-50-58_slot-exhaustion-n31-mid-a5-w0,single,slot-exhaustion,31
198103,3599.0,15007,92366,90730,0,250.2,3302.6,0.9994,0.0313,88226,0,0.0,2026-06-18_01-51-40_timekeep-n21-core-a5-w4,single,timekeep,21
297099,3599.0,19610,141423,136066,0,326.9,4953.0,0.9998,0.0711,120484,0,0.0,2026-06-18_02-04-46_slot-exhaustion-n31-core-a5-w6,single,slot-exhaustion,31
204254,3599.0,13810,97031,93413,0,230.2,3405.1,0.9978,0.0464,89575,0,0.0,2026-06-18_03-07-32_slot-exhaustion-n21-mid-a5-w2,single,slot-exhaustion,21
299190,3599.0,21590,143906,133694,0,359.9,4987.8,0.9957,0.0491,124558,0,0.0,2026-06-18_03-26-17_timekeep-n31-mid-a5-w4,single,timekeep,31
202919,3599.0,15089,94723,93107,0,251.6,3382.9,0.998,0.0747,82007,0,0.0,2026-06-18_04-58-04_timekeep-n21-edge-a5-w0,single,timekeep,21
198450,3599.0,14983,92890,90577,0,249.8,3308.4,0.998,0.0558,83051,0,0.0,2026-06-18_04-59-09_timekeep-n21-mid-a5-w6,single,timekeep,21
307439,3599.0,20258,147531,139650,0,337.7,5125.3,0.9989,0.0456,118437,0,0.0,2026-06-18_05-06-23_slot-exhaustion-n31-edge-a5-w2,single,slot-exhaustion,31
232523,3599.0,13800,121651,97072,0,230.1,3876.4,0.9986,0.0808,104317,0,0.0,2026-06-18_06-12-08_blackhole-n21-edge-a5-w4,single,blackhole,21
303265,3599.0,21459,142852,138954,0,357.7,5055.8,0.9989,0.0538,112891,0,0.0,2026-06-18_06-29-39_timekeep-n31-edge-a5-w6,single,timekeep,31
227168,3599.0,13762,117166,96240,0,229.4,3787.2,0.9996,0.0725,102336,0,0.0,2026-06-18_06-30-17_blackhole-n21-core-a5-w0,single,blackhole,21
298844,3599.0,20882,141055,136907,0,348.1,4982.1,0.9995,0.0447,111880,0,0.0,2026-06-18_07-59-39_timekeep-n31-core-a5-w2,single,timekeep,31
307814,3599.0,19673,161577,126564,0,328.0,5131.6,0.9988,0.0566,128719,0,0.0,2026-06-18_08-21-36_blackhole-n31-mid-a5-w0,single,blackhole,31
243556,3599.0,19891,131709,91956,0,331.6,4060.4,0.9997,0.0695,107802,0,0.0,2026-06-18_09-18-24_blackhole-n31-core-a5-w6,single,blackhole,31
221788,3599.0,13615,114038,94135,0,227.0,3697.4,0.9993,0.1176,97925,0,0.0,2026-06-18_10-35-51_blackhole-n21-mid-a5-w2,single,blackhole,21
331729,3599.0,19927,173687,138115,0,332.2,5530.4,0.9988,0.0458,131142,0,0.0,2026-06-18_11-40-22_blackhole-n31-edge-a5-w2,single,blackhole,31
