,1D-CNN,BiLSTM,CNN-LSTM,DT,GBoost,GRU,LR,LSTM,LightGBM,MLP,NB,RF,SVM,TCN,Transformer,XGBoost,kNN
1D-CNN,1.0,0.9992,0.9999,0.9955,1.0,1.0,0.8834,0.9999,1.0,0.6666,0.0,1.0,0.0062,1.0,1.0,1.0,0.0
BiLSTM,0.9992,1.0,1.0,1.0,1.0,0.9574,1.0,1.0,1.0,0.9996,0.0001,0.9922,0.2533,1.0,0.9989,1.0,0.0007
CNN-LSTM,0.9999,1.0,1.0,1.0,1.0,0.9849,1.0,1.0,1.0,0.9976,0.0,0.9982,0.166,1.0,0.9998,1.0,0.0003
DT,0.9955,1.0,1.0,1.0,1.0,0.8985,1.0,1.0,1.0,1.0,0.0003,0.9729,0.3729,1.0,0.9941,1.0,0.0015
GBoost,1.0,1.0,1.0,1.0,1.0,0.9941,0.9998,1.0,1.0,0.9929,0.0,0.9995,0.1177,1.0,1.0,1.0,0.0001
GRU,1.0,0.9574,0.9849,0.8985,0.9941,1.0,0.531,0.9849,0.9998,0.2807,0.0,1.0,0.0006,0.9922,1.0,0.9929,0.0
LR,0.8834,1.0,1.0,1.0,0.9998,0.531,1.0,1.0,0.9941,1.0,0.0035,0.7343,0.7885,0.9998,0.867,0.9998,0.0154
LSTM,0.9999,1.0,1.0,1.0,1.0,0.9849,1.0,1.0,1.0,0.9976,0.0,0.9982,0.166,1.0,0.9998,1.0,0.0003
LightGBM,1.0,1.0,1.0,1.0,1.0,0.9998,0.9941,1.0,1.0,0.9459,0.0,1.0,0.0433,1.0,1.0,1.0,0.0
MLP,0.6666,0.9996,0.9976,1.0,0.9929,0.2807,1.0,0.9976,0.9459,1.0,0.0141,0.4677,0.9459,0.9946,0.6401,0.9941,0.0524
NB,0.0,0.0001,0.0,0.0003,0.0,0.0,0.0035,0.0,0.0,0.0141,1.0,0.0,0.81,0.0,0.0,0.0,1.0
RF,1.0,0.9922,0.9982,0.9729,0.9995,1.0,0.7343,0.9982,1.0,0.4677,0.0,1.0,0.0021,0.9993,1.0,0.9994,0.0
SVM,0.0062,0.2533,0.166,0.3729,0.1177,0.0006,0.7885,0.166,0.0433,0.9459,0.81,0.0021,1.0,0.1296,0.0054,0.1255,0.9599
TCN,1.0,1.0,1.0,1.0,1.0,0.9922,0.9998,1.0,1.0,0.9946,0.0,0.9993,0.1296,1.0,1.0,1.0,0.0002
Transformer,1.0,0.9989,0.9998,0.9941,1.0,1.0,0.867,0.9998,1.0,0.6401,0.0,1.0,0.0054,1.0,1.0,1.0,0.0
XGBoost,1.0,1.0,1.0,1.0,1.0,0.9929,0.9998,1.0,1.0,0.9941,0.0,0.9994,0.1255,1.0,1.0,1.0,0.0002
kNN,0.0,0.0007,0.0003,0.0015,0.0001,0.0,0.0154,0.0003,0.0,0.0524,1.0,0.0,0.9599,0.0002,0.0,0.0002,1.0
