model,mean_f1,avg_rank,friedman_chi2,friedman_p,nemenyi_CD,n_blocks
GRU,0.771,6.44,123.16,1.3526739735687972e-18,4.175,35
RF,0.697,6.77,123.16,1.3526739735687972e-18,4.175,35
Transformer,0.763,7.04,123.16,1.3526739735687972e-18,4.175,35
1D-CNN,0.769,7.09,123.16,1.3526739735687972e-18,4.175,35
LightGBM,0.682,7.73,123.16,1.3526739735687972e-18,4.175,35
GBoost,0.679,8.13,123.16,1.3526739735687972e-18,4.175,35
XGBoost,0.669,8.16,123.16,1.3526739735687972e-18,4.175,35
TCN,0.747,8.17,123.16,1.3526739735687972e-18,4.175,35
LSTM,0.752,8.29,123.16,1.3526739735687972e-18,4.175,35
CNN-LSTM,0.749,8.29,123.16,1.3526739735687972e-18,4.175,35
BiLSTM,0.747,8.5,123.16,1.3526739735687972e-18,4.175,35
DT,0.696,8.73,123.16,1.3526739735687972e-18,4.175,35
LR,0.653,9.41,123.16,1.3526739735687972e-18,4.175,35
MLP,0.647,9.84,123.16,1.3526739735687972e-18,4.175,35
SVM,0.641,11.96,123.16,1.3526739735687972e-18,4.175,35
kNN,0.604,14.0,123.16,1.3526739735687972e-18,4.175,35
NB,0.607,14.46,123.16,1.3526739735687972e-18,4.175,35
