rank_mean,rank_std,buf_occupancy_mean,buf_occupancy_std,nbr_count_mean,nbr_count_std,tx_slot_count_mean,tx_slot_count_std,parent_switch_count_mean,parent_switch_count_std,rssi_mean,rssi_std,route_count_mean,route_count_std,delta_tx_mean,delta_tx_std,delta_rx_mean,delta_rx_std,forward_ratio_mean,forward_ratio_std,bcast_tx_mean,bcast_tx_std,rank_increase_mean,rank_increase_std,reporting_nodes,rows_per_node,run,attack,scale,placement,suppressed,label
1034.659385665529,351.40082572952645,4.225255972696246,8.07011900262568,6.593856655290103,0.7526568196604764,0.995221843003413,0.0689824208472382,1.0511945392491469,0.2204695832277835,-63.94266211604096,9.925789655505952,2.0457337883959044,2.593857792700871,1213.1767918088738,791.1909666040655,11912.355631399318,6536.059261451424,100.0,0.0,1.6102389078498294,0.782513122667182,217.20682593856657,93.27640608169484,20,73.25,2026-06-17_11-27-10_decrease-n21-core-a5-w0,decrease,21,core,True,0
851.578947368421,223.28592709439144,3.8721804511278197,12.58822549119879,6.697368421052632,0.6681524431447395,0.9793233082706767,0.14236648209080427,1.380639097744361,0.4857723291813146,-62.721804511278194,8.834937388559913,1.3853383458646618,2.1834947602435073,895.3937969924812,619.3864791350663,10808.855263157895,5142.008640373611,100.0,0.0,1.6268796992481203,0.7379456117300208,258.1954887218045,25.54672804078254,17,62.588235294117645,2026-06-17_11-27-10_decrease-n21-core-a5-w0,decrease,21,core,True,1
1034.659385665529,351.40082572952645,4.225255972696246,8.07011900262568,6.593856655290103,0.7526568196604764,0.995221843003413,0.0689824208472382,1.0511945392491469,0.2204695832277835,-63.94266211604096,9.925789655505952,2.0457337883959044,2.593857792700871,1213.1767918088738,791.1909666040655,11912.355631399318,6536.059261451424,100.0,0.0,1.6102389078498294,0.782513122667182,217.20682593856657,93.27640608169484,20,73.25,2026-06-17_11-27-10_decrease-n21-core-a5-w0,decrease,21,core,False,0
733.9340350877193,279.36082467782506,5.2631578947368425,12.974865389461002,6.72561403508772,0.6122090502035947,0.9978947368421053,0.16966938317222627,1.2842105263157895,0.4511959271051865,-64.00701754385965,9.833870392641481,2.7003508771929825,3.2582059136394497,1230.8940350877192,982.0038884534576,12456.701754385966,6097.337030189742,100.0,0.0,1.6449122807017544,0.7402577054852343,193.59438596491228,113.13696567509905,20,71.25,2026-06-17_11-27-10_decrease-n21-core-a5-w0,decrease,21,core,False,1
985.3023255813954,327.4671056018642,3.454172366621067,6.693465790649663,6.667578659370725,0.6733629620148343,0.9972640218878249,0.052252847647798764,1.1019151846785227,0.3026402611031632,-65.41450068399453,13.815118656053444,1.8461012311901506,2.4659727796922497,1181.2523939808482,767.8779277247154,11764.480164158687,5150.277194013053,100.0,0.0,1.6915184678522572,0.8197906399573291,205.2202462380301,102.77517804201814,20,73.1,2026-06-17_11-32-10_decrease-n21-mid-a5-w2,decrease,21,mid,True,0
762.3183072677093,191.74134152402783,5.133394664213432,15.340087523961724,6.635694572217111,0.6810612524936555,1.0091996320147194,0.267840424991325,1.6209751609935603,0.6784242428907863,-70.81508739650414,15.313658384543652,1.2428702851885924,2.583750440640958,1003.0404783808648,829.3608370255176,10746.641214351426,4778.764712440171,100.0,0.0,1.7350505979760809,0.834177052928634,192.35326586936523,123.51771722925973,17,63.94117647058823,2026-06-17_11-32-10_decrease-n21-mid-a5-w2,decrease,21,mid,True,1
985.3023255813954,327.4671056018642,3.454172366621067,6.693465790649663,6.667578659370725,0.6733629620148343,0.9972640218878249,0.052252847647798764,1.1019151846785227,0.3026402611031632,-65.41450068399453,13.815118656053444,1.8461012311901506,2.4659727796922497,1181.2523939808482,767.8779277247154,11764.480164158687,5150.277194013053,100.0,0.0,1.6915184678522572,0.8197906399573291,205.2202462380301,102.77517804201814,20,73.1,2026-06-17_11-32-10_decrease-n21-mid-a5-w2,decrease,21,mid,False,0
702.5759450171821,195.1918207206843,5.6563573883161515,14.5625855770615,6.727835051546392,0.6095427968497824,1.0206185567010309,0.258795011234246,1.4639175257731958,0.6455091238369376,-67.89965635738831,14.833680166502843,1.9903780068728523,3.2383390732439885,1199.2192439862542,1021.6801462419695,12087.136082474226,6106.640937643526,100.0,0.0,1.7353951890034365,0.8404848717536365,145.89690721649484,133.47921891351692,20,72.75,2026-06-17_11-32-10_decrease-n21-mid-a5-w2,decrease,21,mid,False,1
1026.0659045057162,363.7645452419392,3.5104236718224615,8.68452578891849,6.696032279757902,0.6441613693410962,1.0040349697377269,0.12160819579716844,1.4626765299260256,0.7481149695594507,-67.05581708137188,11.016272290105452,2.0080699394754538,2.5174897184138314,1187.8043039677202,747.6460403495585,11614.880295897781,5016.6930369900065,100.0,0.0,1.5958305312710155,0.7319354995953554,205.38533960995292,103.28174366083509,20,74.35,2026-06-17_11-37-10_decrease-n21-edge-a5-w4,decrease,21,edge,True,0
872.3816381638164,279.92158198133876,3.9333933393339335,7.902050771970698,6.733573357335733,0.573544152868398,1.0036003600360035,0.11224811063983726,1.4032403240324032,0.7161888213159346,-67.35373537353735,11.918491273337319,2.432943294329433,2.4690433416422084,1288.2961296129613,779.5978031977593,12416.101710171017,5263.727237270609,100.0,0.0,1.585058505850585,0.682940100783863,189.06210621062107,113.52632236214419,15,74.06666666666666,2026-06-17_11-37-10_decrease-n21-edge-a5-w4,decrease,21,edge,True,1
1026.0659045057162,363.7645452419392,3.5104236718224615,8.68452578891849,6.696032279757902,0.6441613693410962,1.0040349697377269,0.12160819579716844,1.4626765299260256,0.7481149695594507,-67.05581708137188,11.016272290105452,2.0080699394754538,2.5174897184138314,1187.8043039677202,747.6460403495585,11614.880295897781,5016.6930369900065,100.0,0.0,1.5958305312710155,0.7319354995953554,205.38533960995292,103.28174366083509,20,74.35,2026-06-17_11-37-10_decrease-n21-edge-a5-w4,decrease,21,edge,False,0
913.3621621621621,252.72611546799294,3.804054054054054,8.619488888103566,6.702702702702703,0.6375606345048115,0.9993243243243243,0.11334046528585032,1.547972972972973,0.8042289841232656,-67.13783783783784,10.929112083194612,2.074324324324324,2.2721859866124734,1206.8432432432433,723.9448938645523,11826.589864864865,5015.638814960858,100.0,0.0,1.5858108108108109,0.6865372179329954,143.9189189189189,125.74842682676034,20,74.0,2026-06-17_11-37-10_decrease-n21-edge-a5-w4,decrease,21,edge,False,1
1060.931899641577,329.235081625572,3.360215053763441,8.729163244224335,6.703853046594982,0.7782471955331064,1.0595878136200716,0.261940163758335,1.66084229390681,0.8303568102398711,-63.74551971326165,10.76178338896284,1.98252688172043,2.7379431754671963,1213.5394265232974,1149.0984072298568,11733.652329749104,6281.338098849709,100.0,0.0,1.5568996415770608,0.7676720458778469,231.3405017921147,77.56118221950072,30,74.4,2026-06-17_11-42-10_decrease-n31-core-a5-w6,decrease,31,core,True,0
1004.5323193916349,321.4702149356278,3.5578489951113523,10.989028349509232,6.730581205866377,0.7269532452034357,1.024443237370994,0.22348530532168545,1.922324823465508,0.9382837158284706,-65.33134166214015,10.41043272672477,1.5551330798479088,2.2239621409913037,1039.1477457903313,845.4448423286925,10793.531776208582,5839.200401279224,100.0,0.0,1.590439978272678,0.7029409275453162,259.5458989679522,66.69706161450571,26,70.8076923076923,2026-06-17_11-42-10_decrease-n31-core-a5-w6,decrease,31,core,True,1
1060.931899641577,329.235081625572,3.360215053763441,8.729163244224335,6.703853046594982,0.7782471955331064,1.0595878136200716,0.261940163758335,1.66084229390681,0.8303568102398711,-63.74551971326165,10.76178338896284,1.98252688172043,2.7379431754671963,1213.5394265232974,1149.0984072298568,11733.652329749104,6281.338098849709,100.0,0.0,1.5568996415770608,0.7676720458778469,231.3405017921147,77.56118221950072,30,74.4,2026-06-17_11-42-10_decrease-n31-core-a5-w6,decrease,31,core,False,0
902.1811594202899,372.4710901199997,4.121376811594203,10.922461632253853,6.709239130434782,0.7408500982173047,1.0602355072463767,0.2799675344763608,1.8360507246376812,0.9372351732451024,-64.84239130434783,10.343251471740714,2.1947463768115942,3.0268590027836226,1244.3999094202898,1132.807517505623,11982.615942028986,6813.11788806983,100.0,0.0,1.607336956521739,0.718252278090089,217.19565217391303,112.7494736363954,30,73.6,2026-06-17_11-42-10_decrease-n31-core-a5-w6,decrease,31,core,False,1
1111.4944237918216,371.5854442981605,4.368029739776952,10.464358504259346,6.638475836431227,0.7965331087733518,1.0562267657992566,0.2642468322398832,1.6937732342007434,0.7378952065267109,-64.91171003717471,10.51211306587527,2.224442379182156,3.373853737597966,1269.5590148698884,1124.387323328359,11913.59154275093,8429.42584504767,100.0,0.0,1.754646840148699,0.9148939449702509,230.60223048327137,79.62016846884603,30,71.73333333333333,2026-06-17_12-31-59_decrease-n31-mid-a5-w0,decrease,31,mid,True,0
945.6941176470589,243.86249078447267,4.112299465240642,10.617036520590855,6.6983957219251336,0.7159032679910519,1.0497326203208557,0.2855301793366378,1.990909090909091,1.087121324401096,-65.50909090909092,10.229557397315423,2.152941176470588,3.279413454805622,1188.542780748663,1198.898607735687,11296.794652406417,6168.58949605702,100.0,0.0,1.6775401069518716,0.7784403211528612,229.27486631016043,88.1650305715659,28,66.78571428571429,2026-06-17_12-31-59_decrease-n31-mid-a5-w0,decrease,31,mid,True,1
1111.4944237918216,371.5854442981605,4.368029739776952,10.464358504259346,6.638475836431227,0.7965331087733518,1.0562267657992566,0.2642468322398832,1.6937732342007434,0.7378952065267109,-64.91171003717471,10.51211306587527,2.224442379182156,3.373853737597966,1269.5590148698884,1124.387323328359,11913.59154275093,8429.42584504767,100.0,0.0,1.754646840148699,0.9148939449702509,230.60223048327137,79.62016846884603,30,71.73333333333333,2026-06-17_12-31-59_decrease-n31-mid-a5-w0,decrease,31,mid,False,0
922.9598152424942,233.8186508991186,4.286374133949192,10.834463736305025,6.739491916859122,0.6733209558372512,1.0475750577367207,0.2787115266529847,1.948729792147806,1.0542820455966524,-66.17736720554272,11.35488468409238,2.4503464203233256,3.3384219489367633,1282.7140877598151,1205.4236356626673,11928.590762124712,6507.678095577808,100.0,0.0,1.677136258660508,0.7825848931419259,199.1242494226328,111.70770624459854,30,72.16666666666667,2026-06-17_12-31-59_decrease-n31-mid-a5-w0,decrease,31,mid,False,1
1088.7495495495496,326.873300318748,3.472972972972973,8.457495945306851,6.692792792792793,0.7169123760773244,1.1108108108108108,0.38137139017270466,1.7112612612612612,0.7053259271946388,-67.29594594594595,15.261319405364796,2.014864864864865,3.132388297865892,1261.3842342342343,1194.7226296912768,11914.221621621622,6508.970886848498,100.0,0.0,1.6954954954954955,0.8260503316977571,230.1117117117117,78.4808105687854,30,74.0,2026-06-17_12-51-10_decrease-n31-edge-a5-w2,decrease,31,edge,True,0
996.7864334923158,268.9857002951188,3.6459989401165873,9.173580238162184,6.761526232114467,0.6483058942991373,1.1245363010068892,0.42815417366656133,1.8081611022787494,0.9217975198293669,-65.28722840487546,12.537881564584508,2.158452570217276,3.268444089538549,1306.2162162162163,1346.3508970381163,12098.655537890832,6928.471213428105,100.0,0.0,1.6698463169051405,0.7648544020443225,226.54372019077903,85.17338732442683,29,65.06896551724138,2026-06-17_12-51-10_decrease-n31-edge-a5-w2,decrease,31,edge,True,1
1088.7495495495496,326.873300318748,3.472972972972973,8.457495945306851,6.692792792792793,0.7169123760773244,1.1108108108108108,0.38137139017270466,1.7112612612612612,0.7053259271946388,-67.29594594594595,15.261319405364796,2.014864864864865,3.132388297865892,1261.3842342342343,1194.7226296912768,11914.221621621622,6508.970886848498,100.0,0.0,1.6954954954954955,0.8260503316977571,230.1117117117117,78.4808105687854,30,74.0,2026-06-17_12-51-10_decrease-n31-edge-a5-w2,decrease,31,edge,False,0
1005.9218472468916,248.42256515348978,3.6012433392539966,9.170237444250862,6.734458259325044,0.6788045908977904,1.1021314387211367,0.3979678327024675,1.8601243339253997,0.8626046032504424,-66.57326820603907,14.170769602481517,2.0426287744227354,3.03159049541274,1280.75621669627,1250.8992605682415,12051.914742451154,6601.667718487342,100.0,0.0,1.6825044404973357,0.7772848764703364,191.12255772646537,112.34824440312595,30,75.06666666666666,2026-06-17_12-51-10_decrease-n31-edge-a5-w2,decrease,31,edge,False,1
1030.1991814461119,342.2459744940054,3.717598908594816,8.745123885542442,6.663028649386084,0.6213143355947259,1.0327421555252387,0.20971030975353128,1.2687585266030013,0.5688795889307187,-62.79945429740791,10.200416225310756,1.9768076398362893,3.0009340365930037,1209.132332878581,921.212827342866,11899.174624829468,5756.749371874513,100.0,0.0,1.6391541609822646,0.8385395035924511,218.01909959072304,92.67238881462187,20,73.3,2026-06-17_12-59-28_dis-n21-core-a5-w4,dis,21,core,True,0
1193.2646536412078,260.95753785406896,2.664298401420959,6.339092454899723,6.662522202486678,0.7003227427058553,0.9955595026642984,0.06651848540616521,1.4493783303730017,0.7096882350448828,-60.51509769094139,8.987361166994585,0.8321492007104796,1.1870696689970153,990.6856127886323,509.7813062323254,10301.412078152753,3895.036449499485,100.0,0.0,2.2682060390763765,1.0570406388482965,256.3410301953819,11.443583137577027,16,70.375,2026-06-17_12-59-28_dis-n21-core-a5-w4,dis,21,core,True,1
1030.1991814461119,342.2459744940054,3.717598908594816,8.745123885542442,6.663028649386084,0.6213143355947259,1.0327421555252387,0.20971030975353128,1.2687585266030013,0.5688795889307187,-62.79945429740791,10.200416225310756,1.9768076398362893,3.0009340365930037,1209.132332878581,921.212827342866,11899.174624829468,5756.749371874513,100.0,0.0,1.6391541609822646,0.8385395035924511,218.01909959072304,92.67238881462187,20,73.3,2026-06-17_12-59-28_dis-n21-core-a5-w4,dis,21,core,False,0
1050.7807486631016,342.04539205265684,4.177807486631016,9.180053380706019,6.696524064171123,0.6420191419924681,1.0461229946524064,0.22519781474340345,1.338235294117647,0.6454642057625815,-61.44117647058823,10.33061571688292,2.106951871657754,2.982321120297392,1396.999331550802,1041.4447512466613,12219.439171122995,5737.746976546281,100.0,0.0,2.9050802139037435,1.6545309008666693,218.951871657754,91.00313690341027,20,74.8,2026-06-17_12-59-28_dis-n21-core-a5-w4,dis,21,core,False,1
943.3876130828114,311.3261475125523,3.6464857341684063,9.08381027760043,6.575504523312457,0.7598277913038837,1.0076548364648574,0.16879838478713718,1.3389004871259569,0.5684089745723713,-68.1544885177453,12.89997148484947,1.6652748782185107,2.4659233576625628,1143.2421711899792,774.3538575767732,11625.417536534447,4963.749148262718,100.0,0.0,1.6924147529575504,0.869655312568801,203.53514265831595,106.36446472415311,20,71.85,2026-06-17_13-41-46_dis-n21-mid-a5-w6,dis,21,mid,True,0
985.0088809946714,354.1593638916959,3.605683836589698,8.862451309927698,6.604795737122558,0.7087604848651333,1.0168738898756662,0.15966463768331282,1.455595026642984,0.6220251880088686,-68.41030195381883,11.300754763282578,1.5577264653641207,2.539247093967687,1207.6278863232683,803.1186673541923,11576.742451154529,5274.371145185481,100.0,0.0,2.677619893428064,1.0624817996096199,188.58969804618118,113.76573372211611,17,66.23529411764706,2026-06-17_13-41-46_dis-n21-mid-a5-w6,dis,21,mid,True,1
943.3876130828114,311.3261475125523,3.6464857341684063,9.08381027760043,6.575504523312457,0.7598277913038837,1.0076548364648574,0.16879838478713718,1.3389004871259569,0.5684089745723713,-68.1544885177453,12.89997148484947,1.6652748782185107,2.4659233576625628,1143.2421711899792,774.3538575767732,11625.417536534447,4963.749148262718,100.0,0.0,1.6924147529575504,0.869655312568801,203.53514265831595,106.36446472415311,20,71.85,2026-06-17_13-41-46_dis-n21-mid-a5-w6,dis,21,mid,False,0
956.411214953271,317.23606231457336,3.4779706275033377,8.196801640563399,6.702937249666221,0.637718396766782,1.0126835781041388,0.13860410120587482,1.3911882510013351,0.5852584998375331,-67.41789052069426,13.067636611463044,1.6929238985313753,2.440849337120705,1262.6622162883846,795.1612160058114,11861.00267022697,5187.330937631211,100.0,0.0,3.1809078771695596,1.520286766994685,205.3297730307076,102.8359106073138,20,74.9,2026-06-17_13-41-46_dis-n21-mid-a5-w6,dis,21,mid,False,1
1091.1502474134054,338.0393592152425,4.134053081421502,9.01813484914691,6.715699505173189,0.703060714809254,1.0256410256410255,0.20296903048257295,1.49212775528565,0.6707238575764097,-65.8353576248313,11.642857854268925,2.1277552856500224,3.108140751057906,1254.6072874493927,1001.2541618203285,12021.97345928925,6798.782790388908,100.0,0.0,1.6545209176788125,0.8540347573058676,231.58614484930274,78.38217106231768,30,74.1,2026-06-17_14-54-56_dis-n31-mid-a5-w4,dis,31,mid,True,0
1085.0593701600412,356.4702198656291,3.820340733092411,6.6699600473017195,6.686112545172948,0.7276832745575886,1.0371708828084667,0.1892292113839865,1.4992256066081568,0.6340252647716434,-65.00929272070212,12.474598834434405,2.329891584925142,3.2776320000110637,1398.3825503355704,1073.8097229203738,12144.303562209603,6092.47807045711,100.0,0.0,2.4093959731543624,1.0752543888148516,227.05627258647394,81.08791164165609,28,69.17857142857143,2026-06-17_14-54-56_dis-n31-mid-a5-w4,dis,31,mid,True,1
1091.1502474134054,338.0393592152425,4.134053081421502,9.01813484914691,6.715699505173189,0.703060714809254,1.0256410256410255,0.20296903048257295,1.49212775528565,0.6707238575764097,-65.8353576248313,11.642857854268925,2.1277552856500224,3.108140751057906,1254.6072874493927,1001.2541618203285,12021.97345928925,6798.782790388908,100.0,0.0,1.6545209176788125,0.8540347573058676,231.58614484930274,78.38217106231768,30,74.1,2026-06-17_14-54-56_dis-n31-mid-a5-w4,dis,31,mid,False,0
1094.2745098039215,335.3464806810978,3.5427807486631018,6.4160581065361395,6.729055258467024,0.684607400289698,1.032085561497326,0.176266627635301,1.4986631016042782,0.6700376914307997,-65.69206773618538,11.715763980119084,2.1154188948306594,3.1077475351079835,1347.3765597147951,1018.700094561837,11914.131907308378,5870.03261004975,100.0,0.0,2.677807486631016,1.3566196110131246,231.01604278074868,75.98860528436006,30,74.8,2026-06-17_14-54-56_dis-n31-mid-a5-w4,dis,31,mid,False,1
1006.4869215291751,347.3453482288502,3.051643192488263,6.825486361910718,6.696177062374246,0.6426498254555716,1.0663983903420524,0.2490607313287786,1.5580147551978538,0.6734324197298592,-66.541918175721,13.484271974435464,2.5881958417169684,3.3565674627646276,1167.8356807511736,932.5242349772947,11839.678739101275,5698.444894841129,100.0,0.0,1.5144198524480215,0.629498561055313,204.66264252179744,102.53726547716887,20,74.55,2026-06-17_15-21-50_dis-n21-edge-a5-w0,dis,21,edge,True,0
905.9339875111508,336.9726980185319,3.389830508474576,7.660114932219904,6.735950044603033,0.5715277249262469,1.0990187332738626,0.2988204797416555,1.4603033006244424,0.6112658827017738,-64.94380017841213,12.88151566792102,3.167707404103479,3.758855141057484,1369.9741302408563,1089.1938000886648,12486.081177520071,6583.6902976498395,100.0,0.0,2.320249776984835,1.0889175203509152,187.71810883140054,113.26602268549806,15,74.73333333333333,2026-06-17_15-21-50_dis-n21-edge-a5-w0,dis,21,edge,True,1
1006.4869215291751,347.3453482288502,3.051643192488263,6.825486361910718,6.696177062374246,0.6426498254555716,1.0663983903420524,0.2490607313287786,1.5580147551978538,0.6734324197298592,-66.541918175721,13.484271974435464,2.5881958417169684,3.3565674627646276,1167.8356807511736,932.5242349772947,11839.678739101275,5698.444894841129,100.0,0.0,1.5144198524480215,0.629498561055313,204.66264252179744,102.53726547716887,20,74.55,2026-06-17_15-21-50_dis-n21-edge-a5-w0,dis,21,edge,False,0
1010.7348586810228,349.32132519873426,3.0484522207267832,7.006034505216785,6.7092866756393,0.6305424119359072,1.0746971736204576,0.26299058851710466,1.5450874831763122,0.6618406832347404,-66.39703903095558,13.29949612907811,2.6372812920592192,3.4377087562122837,1290.6298788694482,980.2416806483951,12064.85598923284,6135.314602542903,100.0,0.0,2.933378196500673,1.6384283430538804,204.4899057873486,102.66638904785546,20,74.3,2026-06-17_15-21-50_dis-n21-edge-a5-w0,dis,21,edge,False,1
1083.4135831381734,334.01090524128085,4.857142857142857,12.71730382491396,6.684777517564402,0.7221412206155475,1.0618266978922717,0.3352452108466296,1.8398126463700235,1.02206581078871,-67.12084309133489,12.85877479625289,1.8711943793911008,2.9090862450001636,1272.6374707259954,1250.4035677308996,12233.607962529273,6835.77126474477,100.0,0.0,1.7943793911007027,0.8937805913111408,231.95878220140514,80.57803232728625,30,71.16666666666667,2026-06-17_15-29-22_dis-n31-edge-a5-w6,dis,31,edge,True,0
1022.6931757119828,323.2292087662237,3.138097796883396,6.826321167419134,6.687264911337991,0.7266021150173523,1.0800644814615799,0.2734392585163437,1.8060182697474476,0.9757744636785258,-65.92208490059107,11.847455656946979,1.921547555077915,3.1408294520390747,1376.9371305749596,1369.391652398324,12689.300913487372,7133.820706826339,100.0,0.0,2.1563675443310046,1.0644542861035153,224.9801182160129,83.71997701109504,27,68.92592592592592,2026-06-17_15-29-22_dis-n31-edge-a5-w6,dis,31,edge,True,1
1083.4135831381734,334.01090524128085,4.857142857142857,12.71730382491396,6.684777517564402,0.7221412206155475,1.0618266978922717,0.3352452108466296,1.8398126463700235,1.02206581078871,-67.12084309133489,12.85877479625289,1.8711943793911008,2.9090862450001636,1272.6374707259954,1250.4035677308996,12233.607962529273,6835.77126474477,100.0,0.0,1.7943793911007027,0.8937805913111408,231.95878220140514,80.57803232728625,30,71.16666666666667,2026-06-17_15-29-22_dis-n31-edge-a5-w6,dis,31,edge,False,0
1082.9843260188088,328.4763678205485,2.897447380206001,6.467229060806687,6.739364084191671,0.6734566509159117,1.0667263770712048,0.25139197589618173,1.9010300044782804,1.0699394580964816,-66.25302283922973,12.597719151525512,1.7989252127183162,2.9195237481478187,1331.8996865203762,1267.8989399836055,12434.3184057322,6786.385011445523,100.0,0.0,2.593372145096283,1.5404902381131629,230.14778325123152,77.2950035697565,30,74.43333333333334,2026-06-17_15-29-22_dis-n31-edge-a5-w6,dis,31,edge,False,1
1158.052434456929,406.36308111050073,4.616104868913857,11.092230037715964,6.582865168539326,0.7902606409539757,1.0603932584269662,0.2848305874416564,1.5739700374531835,0.7940978809536532,-63.66526217228464,9.307690216577091,2.4068352059925093,3.335527317418116,1357.559925093633,1829.3984962916106,12259.213014981273,6463.951941980483,100.0,0.0,1.722378277153558,0.8619922239068742,239.46067415730337,67.64830770035074,30,71.2,2026-06-17_15-50-19_dis-n31-core-a5-w2,dis,31,core,True,0
1269.6012827365046,381.31713369261047,2.7044361304115445,5.6509690229603295,6.720470336718332,0.6649377704402991,1.0812399786210583,0.2732763417440281,1.6745056119722075,0.8801962341034979,-63.83965793693212,8.882835018044416,2.235702832709781,3.224824751759155,1314.3281667557455,1035.1760372409458,11549.685729556388,5541.99536525014,100.0,0.0,2.059326563335115,1.012862400046377,245.46445750935328,50.86731921247125,27,69.29629629629629,2026-06-17_15-50-19_dis-n31-core-a5-w2,dis,31,core,True,1
1158.052434456929,406.36308111050073,4.616104868913857,11.092230037715964,6.582865168539326,0.7902606409539757,1.0603932584269662,0.2848305874416564,1.5739700374531835,0.7940978809536532,-63.66526217228464,9.307690216577091,2.4068352059925093,3.335527317418116,1357.559925093633,1829.3984962916106,12259.213014981273,6463.951941980483,100.0,0.0,1.722378277153558,0.8619922239068742,239.46067415730337,67.64830770035074,30,71.2,2026-06-17_15-50-19_dis-n31-core-a5-w2,dis,31,core,False,0
1178.7667560321715,406.6682206465087,2.89544235924933,5.944067019119861,6.699285075960679,0.6918062033774489,1.1014298480786417,0.301964529179334,1.5951742627345844,0.839680815647813,-63.88471849865952,9.082699007799008,2.402591599642538,3.3341854425578616,1437.8208221626453,1226.7760149141918,12306.424486148348,6398.022296083318,100.0,0.0,2.506702412868633,1.5269007097038292,238.6130473637176,64.4252152419463,30,74.6,2026-06-17_15-50-19_dis-n31-core-a5-w2,dis,31,core,False,1
1036.1987746766508,348.8934219246014,3.4717494894486043,7.842718103473476,6.6923076923076925,0.6503630703265714,1.0068073519400953,0.0822533737520585,1.2518720217835262,0.5354003263876408,-64.14023144996597,9.868588606827643,2.164057181756297,3.0008470896704234,1220.0925799863853,908.485543775309,11984.621511232132,5546.1651911963745,100.0,0.0,1.5384615384615385,0.6345399560110248,217.3124574540504,91.72247258365009,20,73.45,2026-06-17_17-07-53_flooding-n21-core-a5-w0,flooding,21,core,True,0
1174.6950354609928,279.4716765711703,2.1631205673758864,4.7213372648450385,6.659574468085107,0.7057103853242266,1.0,0.0,1.3297872340425532,0.5937556978187708,-64.05141843971631,8.528724767938916,0.9663120567375887,1.3749953160059118,893.2278368794326,481.0353080233803,10094.239361702128,3992.8562456662244,100.0,0.0,1.4680851063829787,0.5797921053151623,254.86524822695034,17.01368304001368,19,59.36842105263158,2026-06-17_17-07-53_flooding-n21-core-a5-w0,flooding,21,core,True,1
1036.1987746766508,348.8934219246014,3.4717494894486043,7.842718103473476,6.6923076923076925,0.6503630703265714,1.0068073519400953,0.0822533737520585,1.2518720217835262,0.5354003263876408,-64.14023144996597,9.868588606827643,2.164057181756297,3.0008470896704234,1220.0925799863853,908.485543775309,11984.621511232132,5546.1651911963745,100.0,0.0,1.5384615384615385,0.6345399560110248,217.3124574540504,91.72247258365009,20,73.45,2026-06-17_17-07-53_flooding-n21-core-a5-w0,flooding,21,core,False,0
1037.3565217391304,347.5690920439414,3.7725752508361206,7.485938428378242,6.694983277591973,0.6467467628231186,1.1458193979933111,0.353043158900574,1.2488294314381272,0.5348844484210173,-64.10033444816054,9.852627244020818,2.1498327759197324,2.9751804033581015,1470.371906354515,1409.2986784949235,12670.554515050168,7165.038475142499,100.0,0.0,1.4782608695652173,0.5871467312150181,217.6428093645485,91.39887594987131,20,74.75,2026-06-17_17-07-53_flooding-n21-core-a5-w0,flooding,21,core,False,1
986.0583554376658,327.41820768516965,2.553050397877984,5.7295121839534175,6.702917771883289,0.6398133239091679,0.9980106100795756,0.0445729707497613,1.3149867374005304,0.6431618250499371,-69.09615384615384,14.117599216083113,1.9641909814323608,1.9800039400263525,1137.5537135278514,640.7039233154633,11515.064986737401,4629.693962694426,100.0,0.0,1.5557029177718833,0.7018418062309775,204.9867374005305,103.1930427443399,20,75.4,2026-06-17_17-55-32_flooding-n21-edge-a5-w4,flooding,21,edge,True,0
910.7607573149742,325.8189383875704,4.5524956970740105,9.528835505091736,6.74526678141136,0.5619264937765988,1.3003442340791738,0.4586050285208799,1.3967297762478486,0.8112620155275816,-67.75731497418245,11.616005279728123,2.365748709122203,2.0730743373348703,1743.1807228915663,1267.725045401874,14098.92512908778,6742.486966092669,100.0,0.0,1.6187607573149743,0.7343609287818791,190.7882960413081,111.59008103337301,18,64.55555555555556,2026-06-17_17-55-32_flooding-n21-edge-a5-w4,flooding,21,edge,True,1
986.0583554376658,327.41820768516965,2.553050397877984,5.7295121839534175,6.702917771883289,0.6398133239091679,0.9980106100795756,0.0445729707497613,1.3149867374005304,0.6431618250499371,-69.09615384615384,14.117599216083113,1.9641909814323608,1.9800039400263525,1137.5537135278514,640.7039233154633,11515.064986737401,4629.693962694426,100.0,0.0,1.5557029177718833,0.7018418062309775,204.9867374005305,103.1930427443399,20,75.4,2026-06-17_17-55-32_flooding-n21-edge-a5-w4,flooding,21,edge,False,0
982.7708894878706,325.97370720643175,5.586253369272237,10.444922158638812,6.7075471698113205,0.6313219557398049,1.2486522911051212,0.43237750465165437,1.3571428571428572,0.7466329389954062,-68.74258760107817,14.463516276386038,1.9548517520215634,2.007063566188833,1677.6401617250674,1167.5964863139006,13459.759433962265,6344.995635542165,100.0,0.0,1.601078167115903,0.7167386402616456,204.93800539083557,102.33083435838469,20,74.2,2026-06-17_17-55-32_flooding-n21-edge-a5-w4,flooding,21,edge,False,1
1005.7637511271415,282.3953570192519,3.6339044183949505,9.936894488413117,6.727682596934175,0.6854109219707473,1.060414788097385,0.2735559274893524,1.587917042380523,0.6138369079344642,-66.15644724977457,13.017955623221765,2.565825067628494,3.2630080084218047,1178.8552750225429,1103.4337656248374,11940.290802524798,6764.472448883002,100.0,0.0,1.6262398557258793,0.7696172479506656,231.18485121731288,78.63131801487306,30,73.93333333333334,2026-06-17_18-40-49_flooding-n31-core-a5-w6,flooding,31,core,True,0
1073.610278372591,251.3539515017444,3.4582441113490363,7.225043596841876,6.7612419700214135,0.6486415777817482,1.0519271948608138,0.2638382809794271,1.7157387580299786,0.6026442716158195,-66.85117773019272,13.459666730633533,2.3468950749464668,3.222777464496037,1241.8913276231262,1450.542235931609,11587.85278372591,7400.886308643255,100.0,0.0,1.503747323340471,0.6257181278673625,245.17344753747324,51.534502319290674,28,66.71428571428571,2026-06-17_18-40-49_flooding-n31-core-a5-w6,flooding,31,core,True,1
1005.7637511271415,282.3953570192519,3.6339044183949505,9.936894488413117,6.727682596934175,0.6854109219707473,1.060414788097385,0.2735559274893524,1.587917042380523,0.6138369079344642,-66.15644724977457,13.017955623221765,2.565825067628494,3.2630080084218047,1178.8552750225429,1103.4337656248374,11940.290802524798,6764.472448883002,100.0,0.0,1.6262398557258793,0.7696172479506656,231.18485121731288,78.63131801487306,30,73.93333333333334,2026-06-17_18-40-49_flooding-n31-core-a5-w6,flooding,31,core,False,0
1006.5974955277281,279.57875771512835,4.244186046511628,7.881183504470778,6.73613595706619,0.6769850964984439,1.0760286225402504,0.2954351692421289,1.597942754919499,0.6114312020516589,-66.0881037567084,13.017002193739808,2.518336314847943,3.270794648644008,1406.2437388193202,1566.7476191416608,12414.605545617174,7695.03174131316,100.0,0.0,1.5116279069767442,0.6305771917998302,230.2397137745975,77.03047862291764,30,74.53333333333333,2026-06-17_18-40-49_flooding-n31-core-a5-w6,flooding,31,core,False,1
1106.3854545454546,353.00053728640216,3.4954545454545456,8.761919823470576,6.6440909090909095,0.7326353230057912,1.0663636363636364,0.2750095364760126,2.122272727272727,1.0490708412671914,-64.24772727272727,10.664335564892632,2.1645454545454546,3.210121735656326,1253.476818181818,1148.7586563662967,12148.367727272727,6434.518349845723,100.0,0.0,1.7081818181818182,0.8789004476849165,231.0981818181818,78.19855208574907,30,73.33333333333333,2026-06-17_19-05-26_flooding-n31-mid-a5-w0,flooding,31,mid,True,0
1106.3004846526655,381.92879109942527,3.397953688745288,6.981306328455291,6.681744749596123,0.7314189485832319,1.2035541195476576,0.5037876701555585,2.0759289176090467,1.0129266934600467,-63.00969305331179,9.231044928763625,2.0290791599353795,3.136309683308427,1650.0306946688206,2105.26813541884,12961.367259019924,9088.750422069053,100.0,0.0,1.5471190091545504,0.645828410265383,225.25794291868604,83.2383542819505,28,66.32142857142857,2026-06-17_19-05-26_flooding-n31-mid-a5-w0,flooding,31,mid,True,1
1106.3854545454546,353.00053728640216,3.4954545454545456,8.761919823470576,6.6440909090909095,0.7326353230057912,1.0663636363636364,0.2750095364760126,2.122272727272727,1.0490708412671914,-64.24772727272727,10.664335564892632,2.1645454545454546,3.210121735656326,1253.476818181818,1148.7586563662967,12148.367727272727,6434.518349845723,100.0,0.0,1.7081818181818182,0.8789004476849165,231.0981818181818,78.19855208574907,30,73.33333333333333,2026-06-17_19-05-26_flooding-n31-mid-a5-w0,flooding,31,mid,False,0
1100.8689407540394,351.3178970810896,3.8240574506283664,7.328920835360254,6.731597845601437,0.6792503302005446,1.232495511669659,0.5048339855051487,2.091113105924596,1.040384380173022,-64.41113105924596,10.55818450153463,2.180430879712747,3.1799401271962746,1743.6629263913824,1999.7754456176442,13519.5,8875.138223908909,100.0,0.0,1.546229802513465,0.6469986422558278,230.3770197486535,76.84787865750837,30,74.26666666666667,2026-06-17_19-05-26_flooding-n31-mid-a5-w0,flooding,31,mid,False,1
1020.5761316872428,367.1578163122691,3.477366255144033,7.650110827087741,6.633058984910837,0.7319957754824553,0.9945130315500685,0.07389591936895282,1.1481481481481481,0.3553686689505078,-67.00548696844993,11.135219192028911,2.02400548696845,2.393964013509697,1193.8052126200275,707.6023300084202,11765.120027434843,4784.046172761363,100.0,0.0,1.646090534979424,0.8470477277915084,204.64197530864197,104.02325089571059,20,72.9,2026-06-17_19-07-36_flooding-n21-mid-a5-w2,flooding,21,mid,True,0
1055.4829443447038,407.0672244549565,3.74326750448833,8.103695346112765,6.597845601436266,0.7130126846338262,1.2423698384201076,0.4287093227375895,1.1337522441651706,0.3405388093892657,-68.51885098743267,11.258942901728886,2.2926391382405744,2.6891348456835034,1672.6983842010773,1371.3102661517153,13374.400359066427,6935.162198670531,100.0,0.0,1.502692998204668,0.5953487890286074,187.0592459605027,113.61158468261091,17,65.52941176470588,2026-06-17_19-07-36_flooding-n21-mid-a5-w2,flooding,21,mid,True,1
1020.5761316872428,367.1578163122691,3.477366255144033,7.650110827087741,6.633058984910837,0.7319957754824553,0.9945130315500685,0.07389591936895282,1.1481481481481481,0.3553686689505078,-67.00548696844993,11.135219192028911,2.02400548696845,2.393964013509697,1193.8052126200275,707.6023300084202,11765.120027434843,4784.046172761363,100.0,0.0,1.646090534979424,0.8470477277915084,204.64197530864197,104.02325089571059,20,72.9,2026-06-17_19-07-36_flooding-n21-mid-a5-w2,flooding,21,mid,False,0
1022.6171505739366,363.0132004937094,4.483457123565159,8.51984347890778,6.697501688048616,0.6422515063924443,1.2302498311951384,0.4211348949022864,1.148548278190412,0.35576276904217663,-67.1478730587441,10.961129596310641,2.0222822417285617,2.4489745076673666,1697.6239027683998,1296.4190502015804,13423.82781904119,6545.256791418045,100.0,0.0,1.50101282916948,0.5985616096200703,204.14314652261984,102.92411811534798,20,74.05,2026-06-17_19-07-36_flooding-n21-mid-a5-w2,flooding,21,mid,False,1
1041.8849315068494,354.76161055151294,3.9863013698630136,9.468382001669491,6.597260273972603,0.7194492987120967,1.0,0.10472065389874863,1.2917808219178082,0.48817502245086775,-65.71095890410959,9.272732460136542,2.095890410958904,2.871305814761222,1220.3828767123289,886.8234920663874,11898.048630136986,5630.080905435186,100.0,0.0,1.5746575342465754,0.7058272717924462,216.8986301369863,93.57540858591878,20,73.0,2026-06-17_19-36-42_shared-slot-n21-core-a5-w4,shared-slot,21,core,True,0
1170.6343154246101,276.91102361762825,4.8006932409012135,13.604155801597503,6.679376083188908,0.6893089527013383,0.9705372616984402,0.1692463556603045,1.7123050259965338,0.7594801702611024,-64.99826689774697,8.131834547151959,1.34315424610052,1.7450602202638692,1051.8162911611785,658.2049670828005,11179.769497400346,5129.2253351544405,100.0,0.0,1.6533795493934142,0.7667978939760152,257.7746967071057,33.68416187779619,17,33.94117647058823,2026-06-17_19-36-42_shared-slot-n21-core-a5-w4,shared-slot,21,core,True,1
1041.8849315068494,354.76161055151294,3.9863013698630136,9.468382001669491,6.597260273972603,0.7194492987120967,1.0,0.10472065389874863,1.2917808219178082,0.48817502245086775,-65.71095890410959,9.272732460136542,2.095890410958904,2.871305814761222,1220.3828767123289,886.8234920663874,11898.048630136986,5630.080905435186,100.0,0.0,1.5746575342465754,0.7058272717924462,216.8986301369863,93.57540858591878,20,73.0,2026-06-17_19-36-42_shared-slot-n21-core-a5-w4,shared-slot,21,core,False,0
1063.2170212765957,342.5447876235246,5.659574468085107,14.02707902028766,6.675177304964539,0.6556307715285422,0.9716312056737588,0.16614198521775195,1.601418439716312,0.7375853008838743,-66.20709219858156,9.529094543087023,2.276595744680851,2.9171962308232757,1258.618439716312,864.7708596595478,12261.104964539007,5845.084591919442,100.0,0.0,1.6581560283687944,0.7562388267740356,223.13758865248226,94.10622967119103,20,35.25,2026-06-17_19-36-42_shared-slot-n21-core-a5-w4,shared-slot,21,core,False,1
1077.153547133139,332.9909868390539,5.150631681243926,14.357124770870293,6.642857142857143,0.7846671137105593,1.063168124392614,0.34707482660023464,1.805150631681244,0.8055668622285437,-66.90621963070943,13.015358721856135,2.0485908649173954,3.1241637413701273,1251.9149659863945,1107.8792939466734,12205.939747327502,7478.771652257206,100.0,0.0,1.8109815354713314,0.9659924323399339,236.75704567541302,79.7485002833395,30,68.6,2026-06-17_21-06-41_shared-slot-n31-mid-a5-w4,shared-slot,31,mid,True,0
1043.7079365079364,346.9198832433757,3.9153439153439153,8.32207849549348,6.678306878306878,0.7328091890633911,1.0391534391534392,0.19672092959611845,1.7142857142857142,0.7186962070791958,-67.33544973544974,13.272190680392923,2.195767195767196,3.2600024144916553,1270.5359788359788,1088.9051149753593,11888.99365079365,6098.897946163316,100.0,0.0,1.5158730158730158,0.6848677520203694,224.9142857142857,83.79345183106571,27,70.0,2026-06-17_21-06-41_shared-slot-n31-mid-a5-w4,shared-slot,31,mid,True,1
1077.153547133139,332.9909868390539,5.150631681243926,14.357124770870293,6.642857142857143,0.7846671137105593,1.063168124392614,0.34707482660023464,1.805150631681244,0.8055668622285437,-66.90621963070943,13.015358721856135,2.0485908649173954,3.1241637413701273,1251.9149659863945,1107.8792939466734,12205.939747327502,7478.771652257206,100.0,0.0,1.8109815354713314,0.9659924323399339,236.75704567541302,79.7485002833395,30,68.6,2026-06-17_21-06-41_shared-slot-n31-mid-a5-w4,shared-slot,31,mid,False,0
1040.5989304812833,318.4498979605984,3.605169340463458,7.870275122939744,6.696078431372549,0.692847829050712,1.0329768270944741,0.1810945504406167,1.8841354723707664,0.7843416391299872,-67.32263814616756,12.448349105185434,1.9852941176470589,3.0583939955987445,1201.0779857397504,1024.0998838780004,11569.67780748663,5811.653760892279,100.0,0.0,1.518270944741533,0.6750937885885276,229.8181818181818,77.72807699740062,30,74.8,2026-06-17_21-06-41_shared-slot-n31-mid-a5-w4,shared-slot,31,mid,False,1
1025.862664847658,307.35833752394785,4.07912687585266,9.334308431104409,6.725329695316053,0.6905376101774275,1.011368804001819,0.14887472963137763,1.948613005911778,0.9012157569712707,-67.8030923146885,13.71621482490525,2.9531605275125057,3.547428263667444,1206.162346521146,953.2959865450111,12075.418371987267,5758.704230274586,100.0,0.0,1.65075034106412,0.7801496152491905,230.6793997271487,78.79623511467959,30,73.3,2026-06-17_21-08-11_flooding-n31-edge-a5-w2,flooding,31,edge,True,0
959.0528541226215,282.83502311164716,4.3604651162790695,8.868454089820757,6.766384778012685,0.6425516261099973,1.232029598308668,0.4222393815939694,1.8736786469344608,0.9044251036841855,-68.30602536997885,14.249714690210267,3.4112050739957716,3.810009532115806,1690.6041226215646,1652.2562684301754,13735.54598308668,8358.487977987374,100.0,0.0,1.5396405919661733,0.6569109301692698,224.2029598308668,84.455671673074,27,70.07407407407408,2026-06-17_21-08-11_flooding-n31-edge-a5-w2,flooding,31,edge,True,1
1025.862664847658,307.35833752394785,4.07912687585266,9.334308431104409,6.725329695316053,0.6905376101774275,1.011368804001819,0.14887472963137763,1.948613005911778,0.9012157569712707,-67.8030923146885,13.71621482490525,2.9531605275125057,3.547428263667444,1206.162346521146,953.2959865450111,12075.418371987267,5758.704230274586,100.0,0.0,1.65075034106412,0.7801496152491905,230.6793997271487,78.79623511467959,30,73.3,2026-06-17_21-08-11_flooding-n31-edge-a5-w2,flooding,31,edge,False,0
1028.4118426866992,306.58862279325336,4.9801148917366325,9.972865599347731,6.737516570923553,0.6754782970348243,1.2143172779496243,0.410438574273059,1.9266460450729122,0.8890291258925551,-67.41449403446752,13.657183387809777,2.985859478568272,3.6447913190197467,1643.8232434821034,1541.7491558160505,13398.526292532037,7902.415931110531,100.0,0.0,1.542642509942554,0.6621092003496787,229.41581970835173,78.11227640306602,30,75.43333333333334,2026-06-17_21-08-11_flooding-n31-edge-a5-w2,flooding,31,edge,False,1
982.1597796143251,328.3087532246427,4.4559228650137745,10.678891210229558,6.623278236914601,0.7475819949277152,0.9862258953168044,0.11659219872622557,1.278236914600551,0.5415806857849426,-66.57575757575758,13.52177880984614,1.8588154269972452,2.4478090686891516,1170.2782369146005,755.8890109165876,11726.752066115703,5024.546950973666,100.0,0.0,1.7148760330578512,0.9146780258064352,205.98347107438016,104.82433076009,20,72.6,2026-06-17_21-41-35_shared-slot-n21-mid-a5-w6,shared-slot,21,mid,True,0
1002.5078577336642,358.2144232060486,3.3664185277088503,7.741619940180525,6.603804797353185,0.7274322628009553,0.9933829611248967,0.08110915550532678,1.4267990074441688,0.6033650889760155,-68.03804797353185,14.183116822791632,1.7311827956989247,2.636918607431881,1076.8949545078578,769.2556013325318,11338.994210090985,7966.989085608078,100.0,0.0,1.6509511993382961,0.9001018182475526,193.32340777502068,112.0754038522378,18,67.16666666666667,2026-06-17_21-41-35_shared-slot-n21-mid-a5-w6,shared-slot,21,mid,True,1
982.1597796143251,328.3087532246427,4.4559228650137745,10.678891210229558,6.623278236914601,0.7475819949277152,0.9862258953168044,0.11659219872622557,1.278236914600551,0.5415806857849426,-66.57575757575758,13.52177880984614,1.8588154269972452,2.4478090686891516,1170.2782369146005,755.8890109165876,11726.752066115703,5024.546950973666,100.0,0.0,1.7148760330578512,0.9146780258064352,205.98347107438016,104.82433076009,20,72.6,2026-06-17_21-41-35_shared-slot-n21-mid-a5-w6,shared-slot,21,mid,False,0
988.710687542546,330.607279189785,3.567052416609939,7.946887954331211,6.673927842069435,0.6769921839526738,0.9931926480599047,0.08225337375205918,1.4356705241660994,0.5866189924690473,-66.13070115724983,13.940289789408121,2.0299523485364195,2.5851549182604843,1154.6786929884274,766.9275924843367,11818.193328795098,7611.126997521967,100.0,0.0,1.6412525527569775,0.879659681262308,204.59087814840026,104.63800034234602,20,73.45,2026-06-17_21-41-35_shared-slot-n21-mid-a5-w6,shared-slot,21,mid,False,1
1012.4029749830967,346.51677114386285,2.8668018931710617,5.736946704637397,6.705882352941177,0.6355816401788846,1.0,0.0,1.2447599729546992,0.4300902207255294,-66.5185936443543,13.373960285484396,1.947261663286004,2.343604202102834,1186.0378634212307,745.2790751009003,11744.086544962813,5021.498201469638,100.0,0.0,1.5226504394861393,0.6258910888698285,205.28465179175117,102.06922470392779,20,73.95,2026-06-17_22-30-32_shared-slot-n21-edge-a5-w0,shared-slot,21,edge,True,0
939.3230769230769,348.71057004790504,4.4534412955465585,10.98496367607754,6.729554655870445,0.5873264805036068,0.9862348178137652,0.11656201493121603,1.3182186234817814,0.5692982977674286,-65.52955465587044,12.498157765545498,2.8291497975708504,3.1402844185787684,1187.0558704453442,757.969711522729,11933.655060728745,6724.411926054265,100.0,0.0,1.7165991902834008,0.9166255307008223,194.33198380566802,113.62175259783194,18,68.61111111111111,2026-06-17_22-30-32_shared-slot-n21-edge-a5-w0,shared-slot,21,edge,True,1
1012.4029749830967,346.51677114386285,2.8668018931710617,5.736946704637397,6.705882352941177,0.6355816401788846,1.0,0.0,1.2447599729546992,0.4300902207255294,-66.5185936443543,13.373960285484396,1.947261663286004,2.343604202102834,1186.0378634212307,745.2790751009003,11744.086544962813,5021.498201469638,100.0,0.0,1.5226504394861393,0.6258910888698285,205.28465179175117,102.06922470392779,20,73.95,2026-06-17_22-30-32_shared-slot-n21-edge-a5-w0,shared-slot,21,edge,False,0
987.0664780763791,351.0840715576979,4.752475247524752,12.564437347993177,6.667609618104668,0.6686681846741841,0.9816124469589816,0.13439577666284017,1.3210749646393212,0.6079398960715555,-67.0940594059406,13.385790918473981,2.5763790664780766,3.027504380644238,1153.029702970297,732.6760752524469,11763.096181046676,6417.663915718578,100.0,0.0,1.7171145685997171,0.8969736912859196,202.95332390381895,109.02640271649025,20,70.7,2026-06-17_22-30-32_shared-slot-n21-edge-a5-w0,shared-slot,21,edge,False,1
1086.3361188486538,334.62265293311935,3.881151346332405,8.412097727487685,6.603528319405757,0.9407464066189313,1.0380687093779015,0.20992375347186543,1.924791086350975,0.9378791770096438,-65.70844939647168,13.221660686022783,2.149025069637883,2.939485892457728,1269.043175487465,1079.261973448283,12205.840761374187,6097.6637698586455,100.0,0.0,1.6522748375116063,0.8053911049919007,229.91272051996285,79.35595254660178,30,71.8,2026-06-17_23-22-51_shared-slot-n31-edge-a5-w6,shared-slot,31,edge,True,0
1043.513007284079,341.45685991213963,3.6784599375650364,8.336159833590665,6.701352757544225,0.7122693907304781,1.0317377731529656,0.2128901731867851,1.8631633714880333,1.025193311388865,-65.48178980228928,12.39363622876239,2.4505723204994796,3.369165720545321,1284.0561914672217,1076.0643228103315,12325.125390218522,7367.3569616311015,100.0,0.0,1.6649323621227887,0.8507021447592024,226.89698231009365,83.6099543578643,30,64.06666666666666,2026-06-17_23-22-51_shared-slot-n31-edge-a5-w6,shared-slot,31,edge,True,1
1086.3361188486538,334.62265293311935,3.881151346332405,8.412097727487685,6.603528319405757,0.9407464066189313,1.0380687093779015,0.20992375347186543,1.924791086350975,0.9378791770096438,-65.70844939647168,13.221660686022783,2.149025069637883,2.939485892457728,1269.043175487465,1079.261973448283,12205.840761374187,6097.6637698586455,100.0,0.0,1.6522748375116063,0.8053911049919007,229.91272051996285,79.35595254660178,30,71.8,2026-06-17_23-22-51_shared-slot-n31-edge-a5-w6,shared-slot,31,edge,False,0
1086.9062355658198,346.7103616068776,3.5196304849884528,8.128485764555327,6.734872979214781,0.6776798961321382,1.0277136258660509,0.20204269058969834,1.9145496535796767,1.052940536557929,-64.86558891454965,12.381749104782212,2.3136258660508084,3.2209205264036234,1260.0512702078522,1031.5706420378233,12222.724249422632,7139.325376012322,100.0,0.0,1.6706697459584297,0.8447367571859299,230.22263279445727,79.37689608253585,30,72.16666666666667,2026-06-17_23-22-51_shared-slot-n31-edge-a5-w6,shared-slot,31,edge,False,1
995.6338609772884,349.97288877095025,3.220922229869236,8.443870907244936,6.512732278045423,0.8303034946040053,0.9931176875430144,0.08270219764598377,1.1754989676531316,0.3805242896578287,-68.45767377838953,12.923184979406747,1.922918100481762,2.021469957758397,1160.1892635925672,647.7991894964046,11695.845147969718,6376.797853124493,100.0,0.0,1.6063317274604267,0.8384779550266475,202.08671713695801,106.02440423383902,20,72.65,2026-06-17_23-58-45_slot-exhaustion-n21-edge-a5-w4,slot-exhaustion,21,edge,True,0
890.0992907801418,310.6373287712177,3.200354609929078,5.9833190080016365,6.7313829787234045,0.5773059871488125,1.0,0.0,1.1923758865248226,0.3943415576442374,-68.46187943262412,11.288755027723697,2.5434397163120566,2.2603152982430874,1346.6356382978724,701.5216856687174,16907.037234042553,9384.40721607884,100.0,0.0,1.5097517730496455,0.6346213163532081,187.00709219858157,113.638071557217,19,59.36842105263158,2026-06-17_23-58-45_slot-exhaustion-n21-edge-a5-w4,slot-exhaustion,21,edge,True,1
995.6338609772884,349.97288877095025,3.220922229869236,8.443870907244936,6.512732278045423,0.8303034946040053,0.9931176875430144,0.08270219764598377,1.1754989676531316,0.3805242896578287,-68.45767377838953,12.923184979406747,1.922918100481762,2.021469957758397,1160.1892635925672,647.7991894964046,11695.845147969718,6376.797853124493,100.0,0.0,1.6063317274604267,0.8384779550266475,202.08671713695801,106.02440423383902,20,72.65,2026-06-17_23-58-45_slot-exhaustion-n21-edge-a5-w4,slot-exhaustion,21,edge,False,0
1010.2734584450402,348.6619055266814,2.506702412868633,5.433886088739718,6.699061662198392,0.6416562898603033,2.957774798927614,3.5705348135374706,1.195710455764075,0.39687963576247737,-68.30630026809652,12.51866536068435,1.9711796246648794,2.217206162775542,1233.9195710455765,663.2693765185567,15806.695710455764,9564.3145503556,100.0,0.0,1.7808310991957104,0.8931259091690859,203.8391420911528,103.14822148885122,20,74.6,2026-06-17_23-58-45_slot-exhaustion-n21-edge-a5-w4,slot-exhaustion,21,edge,False,1
957.5220293724967,268.23280471212485,3.42456608811749,7.343648661482816,6.672229639519359,0.6466938439929563,1.0040053404539386,0.0816331626935632,1.3998664886515353,0.49003426686020013,-67.3811748998665,13.232400598757504,1.7409879839786382,2.6751913681519945,1147.6315086782377,842.6046912560168,11704.510013351135,5652.300053963279,100.0,0.0,1.5440587449933245,0.7123268685716005,217.03604806408543,92.34662148269888,20,74.9,2026-06-18_00-04-53_slot-exhaustion-n21-core-a5-w0,slot-exhaustion,21,core,True,0
1070.6702412868633,191.37840392141803,2.0107238605898123,4.611554217618245,6.682752457551385,0.6835513928348477,1.0,0.0,1.5254691689008042,0.4995741734896083,-67.48257372654156,13.570310187818901,0.7640750670241286,1.4838775227120333,883.6666666666666,558.3671478470701,10337.275245755138,4594.692677117752,100.0,0.0,1.477211796246649,0.5899947703023867,255.77122430741733,7.6528803271161845,16,69.9375,2026-06-18_00-04-53_slot-exhaustion-n21-core-a5-w0,slot-exhaustion,21,core,True,1
957.5220293724967,268.23280471212485,3.42456608811749,7.343648661482816,6.672229639519359,0.6466938439929563,1.0040053404539386,0.0816331626935632,1.3998664886515353,0.49003426686020013,-67.3811748998665,13.232400598757504,1.7409879839786382,2.6751913681519945,1147.6315086782377,842.6046912560168,11704.510013351135,5652.300053963279,100.0,0.0,1.5440587449933245,0.7123268685716005,217.03604806408543,92.34662148269888,20,74.9,2026-06-18_00-04-53_slot-exhaustion-n21-core-a5-w0,slot-exhaustion,21,core,False,0
955.676254180602,265.9598102861274,1.939799331103679,4.626229127879531,6.710367892976588,0.6271358672754519,2.3096989966555186,2.446154997840433,1.3933110367892976,0.48864832170778144,-67.65284280936454,13.146146518473902,1.7779264214046824,2.6914351202715157,1193.895652173913,903.3242955585097,13272.079598662207,8721.607920402115,100.0,0.0,1.7391304347826086,0.8534757935039478,216.95785953177258,92.06611160314638,20,74.75,2026-06-18_00-04-53_slot-exhaustion-n21-core-a5-w0,slot-exhaustion,21,core,False,1
1176.3836844464365,406.6552310440362,3.742716270730614,8.202819135306298,6.729717615419094,0.6829176795152383,1.1062303899596593,0.33470648247064133,1.399372478709099,0.5575246064147557,-62.144329896907216,9.448978538127292,2.2962796952039444,3.3425614571507087,1346.9403854773643,1223.8354770637475,12334.199013895115,6679.891377961338,100.0,0.0,1.6055580457194083,0.738101758826346,239.36172120125505,64.16073946919236,30,74.36666666666666,2026-06-18_00-14-20_shared-slot-n31-core-a5-w2,shared-slot,31,core,True,0
1233.963025210084,381.5418577496536,3.7591036414565826,9.832578734861682,6.730532212885154,0.6867524449367037,1.0470588235294118,0.24836580096588265,1.5232492997198879,0.5747319291576664,-62.45378151260504,9.227458201007376,1.9086834733893558,2.808351115868797,1212.56918767507,929.7463085515934,11432.177030812325,6318.595683405179,100.0,0.0,1.5714285714285714,0.7438623514804553,246.10420168067228,53.81408276312566,29,61.55172413793103,2026-06-18_00-14-20_shared-slot-n31-core-a5-w2,shared-slot,31,core,True,1
1176.3836844464365,406.6552310440362,3.742716270730614,8.202819135306298,6.729717615419094,0.6829176795152383,1.1062303899596593,0.33470648247064133,1.399372478709099,0.5575246064147557,-62.144329896907216,9.448978538127292,2.2962796952039444,3.3425614571507087,1346.9403854773643,1223.8354770637475,12334.199013895115,6679.891377961338,100.0,0.0,1.6055580457194083,0.738101758826346,239.36172120125505,64.16073946919236,30,74.36666666666666,2026-06-18_00-14-20_shared-slot-n31-core-a5-w2,shared-slot,31,core,False,0
1156.3420926899187,401.04518983940716,3.9655996177735306,9.99726356375251,6.692785475394171,0.7242920525449421,1.0673674151935022,0.2778478427790228,1.480649784997611,0.5644276260716196,-62.460582895365505,9.449776624087718,2.0778786430960343,3.084246174543976,1306.6970855231725,1165.7869140800365,12029.317725752508,7076.720378558577,100.0,0.0,1.57572861920688,0.7463252914497827,238.50931677018633,67.56679673617178,30,69.76666666666667,2026-06-18_00-14-20_shared-slot-n31-core-a5-w2,shared-slot,31,core,False,1
1092.5477647058824,355.11790196310244,3.0964705882352943,7.397295006493554,6.676705882352941,0.74627036912284,1.072,0.2692529946746244,1.5270588235294118,0.6234940869660633,-65.30117647058823,10.422868144030536,1.9971764705882353,2.925630540212943,1257.8108235294117,1168.3563861195676,11861.56,6296.095007278548,100.0,0.0,1.703529411764706,0.808157424336529,229.376,79.04827179053328,29,73.27586206896552,2026-06-18_01-50-58_slot-exhaustion-n31-mid-a5-w0,slot-exhaustion,31,mid,True,0
1100.72131147541,373.7118345889789,2.88422131147541,5.845342918701098,6.69672131147541,0.7175257248055983,1.0835040983606556,0.2963893708153848,1.5373975409836065,0.631997467825517,-64.62141393442623,8.74419262206397,1.9011270491803278,2.7912065846330854,1256.9159836065573,1193.3450550493408,13625.259733606557,9836.941535538928,100.0,0.0,1.5512295081967213,0.6855307121822647,226.2295081967213,82.08785401442152,28,69.71428571428571,2026-06-18_01-50-58_slot-exhaustion-n31-mid-a5-w0,slot-exhaustion,31,mid,True,1
1092.5477647058824,355.11790196310244,3.0964705882352943,7.397295006493554,6.676705882352941,0.74627036912284,1.072,0.2692529946746244,1.5270588235294118,0.6234940869660633,-65.30117647058823,10.422868144030536,1.9971764705882353,2.925630540212943,1257.8108235294117,1168.3563861195676,11861.56,6296.095007278548,100.0,0.0,1.703529411764706,0.808157424336529,229.376,79.04827179053328,29,73.27586206896552,2026-06-18_01-50-58_slot-exhaustion-n31-mid-a5-w0,slot-exhaustion,31,mid,False,0
1099.0933333333332,350.43955020220966,2.608888888888889,5.594327234675773,6.736888888888889,0.6761641550152278,1.947111111111111,2.38592156375971,1.532,0.6162884647348295,-65.57511111111111,10.166287635043762,1.9826666666666666,2.8688793374303176,1282.2164444444445,1181.4540136210435,13528.949333333334,9505.576839525454,100.0,0.0,1.6862222222222223,0.8178948155187786,230.17244444444444,77.11961424077795,30,75.0,2026-06-18_01-50-58_slot-exhaustion-n31-mid-a5-w0,slot-exhaustion,31,mid,False,1
1006.561797752809,340.1584502865321,3.841292134831461,9.914891942752185,6.540028089887641,0.7306743671661995,1.0007022471910112,0.14275498756336197,1.351123595505618,0.5357482090803574,-64.5063202247191,10.819152973302264,2.080758426966292,2.791125478050547,1186.313904494382,872.2672884771159,11970.538623595505,7176.720078094334,100.0,0.0,1.6334269662921348,0.8216368133121799,216.80898876404495,95.64362011933436,20,71.2,2026-06-18_01-51-40_timekeep-n21-core-a5-w4,timekeep,21,core,True,0
1057.9683655536028,226.3611090290923,2.1353251318101933,4.488934889005602,6.670474516695958,0.696408643621169,1.0,0.0,1.6028119507908611,0.7108104815517167,-65.6792618629174,11.401905848342249,1.007908611599297,1.5486620952927024,877.9437609841827,558.0807609984174,10375.239015817224,4371.481402319439,100.0,0.0,1.4657293497363797,0.6013495849685815,255.7750439367311,7.588725334128228,17,66.94117647058823,2026-06-18_01-51-40_timekeep-n21-core-a5-w4,timekeep,21,core,True,1
1006.561797752809,340.1584502865321,3.841292134831461,9.914891942752185,6.540028089887641,0.7306743671661995,1.0007022471910112,0.14275498756336197,1.351123595505618,0.5357482090803574,-64.5063202247191,10.819152973302264,2.080758426966292,2.791125478050547,1186.313904494382,872.2672884771159,11970.538623595505,7176.720078094334,100.0,0.0,1.6334269662921348,0.8216368133121799,216.80898876404495,95.64362011933436,20,71.2,2026-06-18_01-51-40_timekeep-n21-core-a5-w4,timekeep,21,core,False,0
947.2168754119973,281.4594991040062,2.4522083058668422,5.037968314467848,6.702702702702703,0.637917393453104,1.048780487804878,0.2154798350250048,1.4522083058668425,0.6686462429930303,-65.35728411338168,11.886344796407778,1.8958470665787739,2.607522079699639,1156.4904416611735,1010.3018237830938,11812.400791034937,5903.902431532447,100.0,0.0,1.6941331575477916,0.8122080498827358,217.52406064601186,91.5148256072632,20,75.85,2026-06-18_01-51-40_timekeep-n21-core-a5-w4,timekeep,21,core,False,1
1039.779011099899,317.3334150675824,4.79313824419778,11.514869492295514,6.39606458123108,0.9855311934857597,0.9959636730575177,0.1384410742412914,1.317356205852674,0.5528061343454244,-66.00706357214935,15.056412532851398,2.2628657921291624,3.034219021314807,1231.6957618567103,885.3663129457441,11684.984359233098,5975.342421930408,100.0,0.0,1.7658930373360242,0.9359536701958647,228.42381432896065,84.83273918446318,30,66.06666666666666,2026-06-18_02-04-46_slot-exhaustion-n31-core-a5-w6,slot-exhaustion,31,core,True,0
1146.2766964755392,272.7204723344771,2.809047869542346,5.5724739085428805,6.729615991583377,0.6645230262827022,1.0,0.0,1.445554971067859,0.6413862205802854,-66.99368753287743,14.904431065792044,1.6749079431877958,2.5549840980955847,1024.8122041031036,732.6106972065768,10575.684376643872,5629.2442599539245,100.0,0.0,1.4755391899000525,0.6224368800509394,246.03471856917412,49.52873545823429,28,67.89285714285714,2026-06-18_02-04-46_slot-exhaustion-n31-core-a5-w6,slot-exhaustion,31,core,True,1
1039.779011099899,317.3334150675824,4.79313824419778,11.514869492295514,6.39606458123108,0.9855311934857597,0.9959636730575177,0.1384410742412914,1.317356205852674,0.5528061343454244,-66.00706357214935,15.056412532851398,2.2628657921291624,3.034219021314807,1231.6957618567103,885.3663129457441,11684.984359233098,5975.342421930408,100.0,0.0,1.7658930373360242,0.9359536701958647,228.42381432896065,84.83273918446318,30,66.06666666666666,2026-06-18_02-04-46_slot-exhaustion-n31-core-a5-w6,slot-exhaustion,31,core,False,0
1067.2676056338028,311.1601997030604,2.579225352112676,5.378076549261114,6.710387323943662,0.6881505917807992,1.7381161971830985,1.734106177499234,1.372799295774648,0.6093499421828587,-66.24471830985915,14.279618405757816,2.3617957746478875,3.3953243080543927,1249.2165492957747,1039.1172644727349,12370.737676056338,8172.983712144837,100.0,0.0,1.6553697183098592,0.8054073335223055,230.42253521126761,76.78684423719457,30,75.73333333333333,2026-06-18_02-04-46_slot-exhaustion-n31-core-a5-w6,slot-exhaustion,31,core,False,1
977.5106822880772,326.6590087373356,3.397656788421778,7.014740737120716,6.622329427980703,0.7311005056306532,0.9979324603721571,0.045438836352241774,1.206064782908339,0.40461700060624517,-66.49138525155065,13.689478525007923,1.8318401102687802,2.5025461498938593,1153.776705720193,767.671017744312,11677.822191592006,5133.290031785787,100.0,0.0,1.6099241902136459,0.751649722007364,203.86492074431428,103.62209032382803,20,72.55,2026-06-18_03-07-32_slot-exhaustion-n21-mid-a5-w2,slot-exhaustion,21,mid,True,0
1007.3386103781883,366.8810475123662,3.579595426561126,7.2268965670684,6.59542656112577,0.7169331557067443,1.0,0.0,1.1354441512752858,0.34234794185949063,-68.7722075637643,13.757136488576824,1.631486367634125,2.7070254171671984,1102.6138962181178,836.3467588080299,15299.091468777484,11040.525398873706,100.0,0.0,1.4995602462620932,0.6392734791107094,188.67897977132804,112.75301683769189,19,59.8421052631579,2026-06-18_03-07-32_slot-exhaustion-n21-mid-a5-w2,slot-exhaustion,21,mid,True,1
977.5106822880772,326.6590087373356,3.397656788421778,7.014740737120716,6.622329427980703,0.7311005056306532,0.9979324603721571,0.045438836352241774,1.206064782908339,0.40461700060624517,-66.49138525155065,13.689478525007923,1.8318401102687802,2.5025461498938593,1153.776705720193,767.671017744312,11677.822191592006,5133.290031785787,100.0,0.0,1.6099241902136459,0.751649722007364,203.86492074431428,103.62209032382803,20,72.55,2026-06-18_03-07-32_slot-exhaustion-n21-mid-a5-w2,slot-exhaustion,21,mid,False,0
986.0991407799074,326.19355633787336,2.822207534699273,6.508499420011163,6.695968274950429,0.6455717117189163,2.9015201586252477,3.4102559392496494,1.2015862524785195,0.401317434454483,-66.37673496364837,13.372889268023371,1.8691341705221414,2.5552219285887268,1208.3489755452742,830.04673871595,15442.42366159947,10628.452913241432,100.0,0.0,1.760079312623926,0.881132624920924,205.40912095175148,101.97402068953524,20,75.65,2026-06-18_03-07-32_slot-exhaustion-n21-mid-a5-w2,slot-exhaustion,21,mid,False,1
1096.170142180095,348.5273114511787,4.436018957345971,13.026559704432868,6.664454976303317,0.7736883770000477,1.0928909952606636,0.3427729536263787,1.6184834123222749,0.7862857047789914,-63.40995260663507,12.55078618086648,1.9805687203791469,3.3026709679858817,1264.0066350710902,1173.3427948911435,12069.366350710901,6869.183678958742,100.0,0.0,1.852132701421801,0.8940733692428029,232.86777251184833,80.05832424818065,29,72.75862068965517,2026-06-18_03-26-17_timekeep-n31-mid-a5-w4,timekeep,31,mid,True,0
1074.4097924427888,370.4305301505748,3.3155934007450774,7.34962320049273,6.6769558275678556,0.7380255252337367,1.0808940926024482,0.28044550166828214,1.520489622139436,0.7523343684087953,-63.37519957424162,12.915191628997249,2.2022352315061204,3.501038231225173,1344.6881319850984,1263.434379765339,12243.940926024481,7403.685266275673,100.0,0.0,1.697711548696115,0.8378366583405901,225.75412453432676,83.28539538808732,28,67.10714285714286,2026-06-18_03-26-17_timekeep-n31-mid-a5-w4,timekeep,31,mid,True,1
1096.170142180095,348.5273114511787,4.436018957345971,13.026559704432868,6.664454976303317,0.7736883770000477,1.0928909952606636,0.3427729536263787,1.6184834123222749,0.7862857047789914,-63.40995260663507,12.55078618086648,1.9805687203791469,3.3026709679858817,1264.0066350710902,1173.3427948911435,12069.366350710901,6869.183678958742,100.0,0.0,1.852132701421801,0.8940733692428029,232.86777251184833,80.05832424818065,29,72.75862068965517,2026-06-18_03-26-17_timekeep-n31-mid-a5-w4,timekeep,31,mid,False,0
1084.779505946935,347.7032426549968,3.0786825251601098,6.990692295252249,6.722323879231473,0.6933652867806043,1.069533394327539,0.26151374520295395,1.6601097895699908,0.8005894778025621,-63.67978042086002,12.345592720942667,1.9277218664226898,3.3200438401680596,1274.17978042086,1189.5242797260614,11789.892955169258,7025.827627948446,100.0,0.0,1.8421774931381518,0.9482131177986851,230.00182982616653,77.92524726563678,30,72.86666666666666,2026-06-18_03-26-17_timekeep-n31-mid-a5-w4,timekeep,31,mid,False,1
1008.5427408412484,347.08268206919865,3.0868385345997287,5.806034542877168,6.704884667571235,0.6342909991086371,1.0,0.0,1.2496607869742198,0.4329635717266356,-66.56716417910448,13.397617877712273,1.9586160108548167,2.3543052641398114,1187.1085481682496,724.8682773015257,11753.162143826323,4849.348668707052,100.0,0.0,1.5040705563093624,0.5955683683447259,204.24423337856174,102.84937171766542,20,73.7,2026-06-18_04-58-04_timekeep-n21-edge-a5-w0,timekeep,21,edge,True,0
908.5714285714286,334.57173655902835,3.4107142857142856,5.886252096464907,6.740178571428571,0.568295480895755,1.0,0.0,1.2026785714285715,0.4021745674948747,-64.89732142857143,12.866510344298218,2.375,2.513680175563777,1295.5910714285715,796.0641871670922,12182.874107142858,5151.162202885587,100.0,0.0,1.48125,0.5715993975798691,189.25714285714287,112.44043182299251,18,62.22222222222222,2026-06-18_04-58-04_timekeep-n21-edge-a5-w0,timekeep,21,edge,True,1
1008.5427408412484,347.08268206919865,3.0868385345997287,5.806034542877168,6.704884667571235,0.6342909991086371,1.0,0.0,1.2496607869742198,0.4329635717266356,-66.56716417910448,13.397617877712273,1.9586160108548167,2.3543052641398114,1187.1085481682496,724.8682773015257,11753.162143826323,4849.348668707052,100.0,0.0,1.5040705563093624,0.5955683683447259,204.24423337856174,102.84937171766542,20,73.7,2026-06-18_04-58-04_timekeep-n21-edge-a5-w0,timekeep,21,edge,False,0
1012.1050505050505,346.187552984005,3.0303030303030303,5.54105215686926,6.703030303030303,0.6390463981170215,1.0,0.0,1.2491582491582491,0.43267132983052037,-66.54141414141414,13.409593033734843,1.94006734006734,2.346021750700806,1217.8296296296296,735.6688532588468,11760.198653198653,4970.112307516237,100.0,0.0,1.7117845117845119,0.7961513603417224,205.66195286195287,101.7821066662652,20,74.25,2026-06-18_04-58-04_timekeep-n21-edge-a5-w0,timekeep,21,edge,False,1
989.6970527758739,344.9392285567764,4.112405757368061,9.641216869611451,6.490747087045922,0.817598395883571,0.9965729952021933,0.14099116360254554,1.1343385880740233,0.34113266182123325,-67.776559287183,12.895303808247814,1.95407813570939,2.2178851558489945,1175.2206991089788,688.2017964052175,11714.226867717614,6036.874368855189,100.0,0.0,1.6929403701165182,0.9444216721336683,204.76490747087047,105.06062774856696,20,72.95,2026-06-18_04-59-09_timekeep-n21-mid-a5-w6,timekeep,21,mid,True,0
1019.1421006178288,381.18863535784055,3.3097969991173875,7.524298756597955,6.548984995586937,0.7173588020194192,0.9955869373345102,0.06631341345822145,1.1526919682259489,0.35984916536940537,-71.33186231244484,12.195304799849634,1.7546337157987644,2.3751117089205582,1095.225948808473,709.5133579332963,11245.753751103266,4921.644569891938,100.0,0.0,1.5392762577228596,0.6890756640510538,188.10238305383936,114.01793038105707,19,59.63157894736842,2026-06-18_04-59-09_timekeep-n21-mid-a5-w6,timekeep,21,mid,True,1
989.6970527758739,344.9392285567764,4.112405757368061,9.641216869611451,6.490747087045922,0.817598395883571,0.9965729952021933,0.14099116360254554,1.1343385880740233,0.34113266182123325,-67.776559287183,12.895303808247814,1.95407813570939,2.2178851558489945,1175.2206991089788,688.2017964052175,11714.226867717614,6036.874368855189,100.0,0.0,1.6929403701165182,0.9444216721336683,204.76490747087047,105.06062774856696,20,72.95,2026-06-18_04-59-09_timekeep-n21-mid-a5-w6,timekeep,21,mid,False,0
994.6048974189279,338.6451415125276,3.2892124420913302,7.129484259270362,6.625413633355394,0.6591104362735712,0.9966909331568498,0.05744824717228871,1.1661151555261415,0.3723071935016511,-68.246856386499,12.622037979666878,2.0086035737921906,2.312489578074339,1185.2832561217735,718.3789951272146,11526.626737260092,4897.921830660241,100.0,0.0,1.7458636664460623,0.8340484715674753,205.0880211780278,103.01022675772286,20,75.55,2026-06-18_04-59-09_timekeep-n21-mid-a5-w6,timekeep,21,mid,False,1
1067.6731829573935,345.4197299332024,4.7368421052631575,12.091610404704886,6.651629072681704,0.7362522018105776,1.0766917293233083,0.33461767687285826,1.7228070175438597,0.9210870449550523,-66.71378446115288,13.835064600541822,2.1974937343358394,3.463680844030499,1307.310776942356,1133.0743745553375,12607.301253132831,9185.40731910278,100.0,0.0,2.092731829573935,1.051779933660526,230.50827067669172,85.64565278102876,30,66.5,2026-06-18_05-06-23_slot-exhaustion-n31-edge-a5-w2,slot-exhaustion,31,edge,True,0
1029.468972533062,322.2221679213145,3.6113936927772126,7.301542406724397,6.772126144455748,0.6356309652845585,1.0406917599186165,0.19762541894191896,1.6958290946083419,0.8667173009017128,-67.43947100712106,13.064223762589263,2.3891149542217702,3.695628878023593,1286.2568667344863,1101.2888099366824,13097.075788402848,8167.479175317224,100.0,0.0,1.6490335707019328,0.7755267974936075,225.66022380467956,82.76451474218804,29,67.79310344827586,2026-06-18_05-06-23_slot-exhaustion-n31-edge-a5-w2,slot-exhaustion,31,edge,True,1
1067.6731829573935,345.4197299332024,4.7368421052631575,12.091610404704886,6.651629072681704,0.7362522018105776,1.0766917293233083,0.33461767687285826,1.7228070175438597,0.9210870449550523,-66.71378446115288,13.835064600541822,2.1974937343358394,3.463680844030499,1307.310776942356,1133.0743745553375,12607.301253132831,9185.40731910278,100.0,0.0,2.092731829573935,1.051779933660526,230.50827067669172,85.64565278102876,30,66.5,2026-06-18_05-06-23_slot-exhaustion-n31-edge-a5-w2,slot-exhaustion,31,edge,False,0
1072.628310502283,333.2301368354284,3.2968036529680367,7.023977651526109,6.727853881278539,0.6858888699421214,1.7283105022831051,2.13685969802736,1.7963470319634702,0.9604254178301055,-67.0931506849315,12.712065851361588,2.212328767123288,3.553176737248582,1262.1648401826485,1059.1085871200428,13336.813242009133,8549.120316165416,100.0,0.0,1.736986301369863,0.8388968232881281,228.7634703196347,78.95295705594674,29,75.51724137931035,2026-06-18_05-06-23_slot-exhaustion-n31-edge-a5-w2,slot-exhaustion,31,edge,False,1
973.6831683168317,328.7622795641069,11.287128712871286,21.75331404679668,6.66966696669667,0.6816565519047425,1.081908190819082,0.4760444700964667,2.521152115211521,1.4720375427585368,-61.76957695769577,12.316363234915935,3.5985598559855987,3.424206055906398,1492.965796579658,1116.9781566497522,14060.73807380738,6512.594662401329,100.0,0.0,2.0819081908190817,0.9843580039049628,219.62376237623764,116.24251882417558,20,55.55,2026-06-18_06-12-08_blackhole-n21-edge-a5-w4,blackhole,21,edge,True,0
1000.6158301158301,345.45153690235685,10.627413127413128,21.252841389283798,6.714285714285714,0.5810440140882609,1.13996138996139,0.5207812771254846,4.477799227799228,2.634312674658053,-60.97683397683398,12.89809348213356,4.773166023166024,3.3716198339636083,1628.7451737451738,1387.4664105176917,16091.208494208495,8037.239718264929,100.0,0.0,1.8687258687258688,0.9263437651089647,238.62934362934362,105.97022491280917,18,57.55555555555556,2026-06-18_06-12-08_blackhole-n21-edge-a5-w4,blackhole,21,edge,True,1
973.6831683168317,328.7622795641069,11.287128712871286,21.75331404679668,6.66966696669667,0.6816565519047425,1.081908190819082,0.4760444700964667,2.521152115211521,1.4720375427585368,-61.76957695769577,12.316363234915935,3.5985598559855987,3.424206055906398,1492.965796579658,1116.9781566497522,14060.73807380738,6512.594662401329,100.0,0.0,2.0819081908190817,0.9843580039049628,219.62376237623764,116.24251882417558,20,55.55,2026-06-18_06-12-08_blackhole-n21-edge-a5-w4,blackhole,21,edge,False,0
1058.431223628692,360.8621394004061,10.20253164556962,20.379660642652524,6.69789029535865,0.6163898310043234,1.1189873417721519,0.4933876833582736,4.762025316455696,2.6792009100197127,-60.744303797468355,12.472114979817508,4.29704641350211,3.4107143955303068,1566.5679324894516,1321.280026245229,15494.832911392405,7878.396776266568,98.42869198312236,11.048886472899586,1.8455696202531646,0.9101247503713228,243.8649789029536,104.93665397991504,20,59.25,2026-06-18_06-12-08_blackhole-n21-edge-a5-w4,blackhole,21,edge,False,1
1061.780260707635,324.71232819169836,3.282122905027933,7.456160759050975,6.61219739292365,0.7999651914601928,1.0675046554934824,0.2653852951693886,1.8105214152700186,0.9875522934901589,-67.91433891992551,13.842689255103291,2.096368715083799,2.9794398460086673,1222.741620111732,1111.8874685463313,11818.396182495344,6621.246766319606,100.0,0.0,1.6252327746741155,0.856034875059657,229.89944134078212,78.65395986583339,30,71.6,2026-06-18_06-29-39_timekeep-n31-edge-a5-w6,timekeep,31,edge,True,0
1012.2407602956705,320.60480534680966,3.0675818373812036,6.11897145668289,6.6768743400211195,0.7362929864589123,1.0786694825765575,0.26929330447138144,1.7629355860612461,0.9539192871589866,-67.43980992608236,13.431138343259128,2.2544878563885957,3.3148991209939545,1293.3273495248152,1155.5427209536272,12033.858500527984,6695.185156120598,100.0,0.0,1.4778247096092925,0.6118087106849139,224.37170010559663,84.26294694436052,26,72.84615384615384,2026-06-18_06-29-39_timekeep-n31-edge-a5-w6,timekeep,31,edge,True,1
1061.780260707635,324.71232819169836,3.282122905027933,7.456160759050975,6.61219739292365,0.7999651914601928,1.0675046554934824,0.2653852951693886,1.8105214152700186,0.9875522934901589,-67.91433891992551,13.842689255103291,2.096368715083799,2.9794398460086673,1222.741620111732,1111.8874685463313,11818.396182495344,6621.246766319606,100.0,0.0,1.6252327746741155,0.856034875059657,229.89944134078212,78.65395986583339,30,71.6,2026-06-18_06-29-39_timekeep-n31-edge-a5-w6,timekeep,31,edge,False,0
1064.801766004415,319.0924520099872,2.878587196467991,5.893324796330773,6.7298013245033115,0.6838102595832567,1.0657836644591612,0.24795830073348596,1.831346578366446,0.9698580988279684,-67.47152317880794,13.78911739381655,2.1461368653421635,3.068032246063391,1241.435761589404,1073.1747708263601,11691.655187637969,6334.349654317672,100.0,0.0,1.6304635761589403,0.7629037230581186,229.5523178807947,77.93464137415407,30,75.5,2026-06-18_06-29-39_timekeep-n31-edge-a5-w6,timekeep,31,edge,False,1
1009.9707016191211,337.3371862504374,8.997686969930609,18.63176700045768,6.690053970701619,0.6720854407569866,1.1349267540478025,0.4404226172918953,2.5142636854279106,1.4396250052444148,-59.011565150346954,8.603438630428625,3.2552043176561294,2.940842578259676,1468.1449498843485,1079.9895306810747,13801.791056283731,6773.287469108275,100.0,0.0,1.9414032382420972,0.9676665670356902,228.56360832690825,91.17037792192733,20,64.85,2026-06-18_06-30-17_blackhole-n21-core-a5-w0,blackhole,21,core,True,0
1218.501811594203,291.80842980683616,9.619565217391305,20.28025550906548,6.619565217391305,0.7180694723101924,1.019927536231884,0.36839968111821814,4.048913043478261,1.527532764997769,-58.471014492753625,10.75241383711834,2.838768115942029,2.720711168078453,1193.1630434782608,787.9067483839556,12321.434782608696,5591.474187475553,100.0,0.0,1.855072463768116,0.8755664975626761,250.08152173913044,94.99280067784154,18,30.666666666666668,2026-06-18_06-30-17_blackhole-n21-core-a5-w0,blackhole,21,core,True,1
1009.9707016191211,337.3371862504374,8.997686969930609,18.63176700045768,6.690053970701619,0.6720854407569866,1.1349267540478025,0.4404226172918953,2.5142636854279106,1.4396250052444148,-59.011565150346954,8.603438630428625,3.2552043176561294,2.940842578259676,1468.1449498843485,1079.9895306810747,13801.791056283731,6773.287469108275,100.0,0.0,1.9414032382420972,0.9676665670356902,228.56360832690825,91.17037792192733,20,64.85,2026-06-18_06-30-17_blackhole-n21-core-a5-w0,blackhole,21,core,False,0
1032.297423887588,353.81023727802807,10.63231850117096,20.789193355830992,6.68384074941452,0.6300756410255333,1.1135831381733021,0.479329391350955,3.659250585480094,2.050317197423962,-58.70725995316159,10.11625362103364,4.614754098360656,3.4355997953093187,1500.9660421545668,1186.04710688907,15011.8981264637,7772.128923737344,93.30093676814988,20.552955628167588,1.838407494145199,0.8794249921141747,221.17330210772835,113.98680715545987,20,42.7,2026-06-18_06-30-17_blackhole-n21-core-a5-w0,blackhole,21,core,False,1
1092.8431467181467,364.63284486078703,4.420849420849421,11.411808231816726,6.508204633204633,0.9767605089564462,1.0193050193050193,0.23587862319556502,1.4343629343629343,0.65667958899622,-64.00965250965251,10.72828018044061,2.249034749034749,2.9515235219587,1312.899613899614,1881.8941536554028,11938.3527992278,7060.08261698951,100.0,0.0,1.8634169884169884,1.0237043271173378,230.88175675675674,83.21278139300072,30,69.06666666666666,2026-06-18_07-59-39_timekeep-n31-core-a5-w2,timekeep,31,core,True,0
1188.717402873869,314.54014385840946,3.1931878658861095,6.752937782372002,6.755188930282065,0.6556816920776002,1.042043640234167,0.20074216984676543,1.562533262373603,0.699308323141727,-63.32304417243215,11.151653606596641,2.026609898882384,3.05998509614575,1235.6471527408196,1199.9506590544531,11218.283129324109,6504.564339094035,100.0,0.0,1.5561468866418307,0.6758525178692294,245.50931346460882,50.763497588730715,28,67.10714285714286,2026-06-18_07-59-39_timekeep-n31-core-a5-w2,timekeep,31,core,True,1
1092.8431467181467,364.63284486078703,4.420849420849421,11.411808231816726,6.508204633204633,0.9767605089564462,1.0193050193050193,0.23587862319556502,1.4343629343629343,0.65667958899622,-64.00965250965251,10.72828018044061,2.249034749034749,2.9515235219587,1312.899613899614,1881.8941536554028,11938.3527992278,7060.08261698951,100.0,0.0,1.8634169884169884,1.0237043271173378,230.88175675675674,83.21278139300072,30,69.06666666666666,2026-06-18_07-59-39_timekeep-n31-core-a5-w2,timekeep,31,core,False,0
1102.244335850733,350.66573739755455,3.336294980008885,6.72125731293835,6.729009329187028,0.6846558554174162,1.0350955131052866,0.18406213258290124,1.4695690804087072,0.6721988733528881,-63.70413149711239,10.775794924574118,2.2256774766770326,3.0509274248878633,1279.4864504664592,1134.987589229601,11662.255886272767,6326.237553926922,100.0,0.0,1.706796979120391,0.8006902594968257,230.29764549089293,76.95337860612752,30,75.03333333333333,2026-06-18_07-59-39_timekeep-n31-core-a5-w2,timekeep,31,core,False,1
1131.2046307884857,396.3285324407439,11.414267834793492,21.01083232403882,6.680225281602002,0.7783848533334508,1.1289111389236546,0.5736023035331171,2.1877346683354193,1.2344663119962336,-60.67334167709637,9.34711151360363,3.2158948685857323,3.3779383202094557,1591.540675844806,1408.9796973827777,13606.821652065082,7542.04440775662,100.0,0.0,1.9424280350438048,0.9999071275671196,240.57759699624532,110.03954966694356,30,53.266666666666666,2026-06-18_08-21-36_blackhole-n31-mid-a5-w0,blackhole,31,mid,True,0
856.9317673378076,334.1981040022657,12.539149888143177,22.70449264543429,6.666666666666667,0.7457732083134481,1.1196868008948546,0.4441904602244062,4.3389261744966445,3.1481353675495094,-62.85458612975391,11.51157439819914,4.91834451901566,4.02693050111285,1529.6856823266219,1159.0059960389015,14973.451901565995,7312.369945737687,100.0,0.0,1.8187919463087248,0.8666033986237162,227.7606263982103,164.31912786650764,21,42.57142857142857,2026-06-18_08-21-36_blackhole-n31-mid-a5-w0,blackhole,31,mid,True,1
1131.2046307884857,396.3285324407439,11.414267834793492,21.01083232403882,6.680225281602002,0.7783848533334508,1.1289111389236546,0.5736023035331171,2.1877346683354193,1.2344663119962336,-60.67334167709637,9.34711151360363,3.2158948685857323,3.3779383202094557,1591.540675844806,1408.9796973827777,13606.821652065082,7542.04440775662,100.0,0.0,1.9424280350438048,0.9999071275671196,240.57759699624532,110.03954966694356,30,53.266666666666666,2026-06-18_08-21-36_blackhole-n31-mid-a5-w0,blackhole,31,mid,False,0
912.8245462402766,318.2722923242307,12.16076058772688,22.683280783490403,6.742437337942956,0.670205209695463,1.0950734658599828,0.4338030092409109,4.537597234226448,2.8408802854250887,-62.89196197061366,10.948665022915812,5.212618841832325,3.6767877233699995,1418.7268798617113,1069.5384023956292,14188.778738115816,6895.947345118072,98.01642178046673,12.289567409639188,1.8210890233362143,0.8655085449468138,239.13483146067415,151.16763239869715,25,46.28,2026-06-18_08-21-36_blackhole-n31-mid-a5-w0,blackhole,31,mid,False,1
1042.0,366.73147554481807,12.854926299456944,24.34696582193501,6.601241272304112,0.8345406433338186,1.1357641582622189,0.6035874070920286,2.5888285492629945,1.1061934377263287,-60.10162916989915,9.740646356537226,3.500387897595035,3.2279170694400716,1464.6128782001551,1202.178436694776,13623.55702094647,6807.787171839644,100.0,0.0,1.822342901474011,0.9400989955625562,237.1132660977502,125.608572790023,27,47.74074074074074,2026-06-18_09-18-24_blackhole-n31-core-a5-w6,blackhole,31,core,True,0
990.6247422680412,304.61330215433026,11.381443298969073,22.294721653679833,6.474226804123711,0.9501281286491284,1.0701030927835051,0.48022139962281885,4.024742268041237,1.9293851484878797,-63.14639175257732,11.79583605842704,2.9876288659793815,3.386874815962309,1352.9917525773196,987.6233534913961,13635.62680412371,7204.198779937314,100.0,0.0,1.8144329896907216,0.8875853690429936,250.83092783505154,135.43085619639177,16,30.3125,2026-06-18_09-18-24_blackhole-n31-core-a5-w6,blackhole,31,core,True,1
1042.0,366.73147554481807,12.854926299456944,24.34696582193501,6.601241272304112,0.8345406433338186,1.1357641582622189,0.6035874070920286,2.5888285492629945,1.1061934377263287,-60.10162916989915,9.740646356537226,3.500387897595035,3.2279170694400716,1464.6128782001551,1202.178436694776,13623.55702094647,6807.787171839644,100.0,0.0,1.822342901474011,0.9400989955625562,237.1132660977502,125.608572790023,27,47.74074074074074,2026-06-18_09-18-24_blackhole-n31-core-a5-w6,blackhole,31,core,False,0
894.2129032258065,289.5125991264111,10.774193548387096,21.755497207556957,6.534193548387097,0.8912754491821842,1.0877419354838709,0.4547105567529765,3.654193548387097,1.7496119433047774,-61.6541935483871,11.573901623899314,4.672258064516129,3.925131632346803,1369.5329032258064,952.5771564041715,14937.910967741935,6902.430600887869,95.28387096774193,17.415708715434143,1.8206451612903225,0.8848930776877743,233.54193548387096,147.67406138893165,18,43.05555555555556,2026-06-18_09-18-24_blackhole-n31-core-a5-w6,blackhole,31,core,False,1
995.8579545454545,323.1354942399991,8.920454545454545,18.88578274906936,6.579545454545454,0.7701817785023747,1.0974025974025974,0.428770073635316,1.9407467532467533,0.8303124567182455,-59.25892857142857,8.723964482051164,2.436688311688312,2.8162032169480513,1483.512987012987,1154.8075450562192,13989.566558441558,6686.397159672945,100.0,0.0,1.9602272727272727,1.0040742090875114,229.95535714285714,90.96388149876798,20,61.6,2026-06-18_10-35-51_blackhole-n21-mid-a5-w2,blackhole,21,mid,True,0
1015.2159509202454,394.7514753153986,8.846625766871165,19.430333823874413,6.6220858895705526,0.6534753566539192,1.2809815950920245,0.5871841926292141,3.3104294478527607,1.5255648447202348,-56.920245398773005,7.998296497908374,3.823312883435583,3.562802132576295,1632.4331288343558,1238.8718505342229,16207.876073619633,8124.545825482966,100.0,0.0,1.8699386503067486,0.8992308322103303,228.5312883435583,123.43287401817821,14,58.214285714285715,2026-06-18_10-35-51_blackhole-n21-mid-a5-w2,blackhole,21,mid,True,1
995.8579545454545,323.1354942399991,8.920454545454545,18.88578274906936,6.579545454545454,0.7701817785023747,1.0974025974025974,0.428770073635316,1.9407467532467533,0.8303124567182455,-59.25892857142857,8.723964482051164,2.436688311688312,2.8162032169480513,1483.512987012987,1154.8075450562192,13989.566558441558,6686.397159672945,100.0,0.0,1.9602272727272727,1.0040742090875114,229.95535714285714,90.96388149876798,20,61.6,2026-06-18_10-35-51_blackhole-n21-mid-a5-w2,blackhole,21,mid,False,0
1038.066430469442,344.44361551787244,9.309123117803367,20.61684216555308,6.727192205491585,0.5803942161844228,1.1824623560673162,0.5412200187838521,3.5385296722763506,1.4312166745650785,-56.28520814880425,7.64784323744107,3.4428697962798935,3.1637582437748235,1480.7767936226749,1109.0432948816642,15636.584588131089,7382.3846737882395,96.21612046058459,17.02098377992703,1.8618246235606732,0.8854841211395564,238.41806908768822,110.14972350447407,19,59.421052631578945,2026-06-18_10-35-51_blackhole-n21-mid-a5-w2,blackhole,21,mid,False,1
1088.2579159470351,373.2112919836275,10.21301093839954,19.75105996620099,6.719631548647093,0.7040291237033796,1.130685089234312,0.5064869999058316,1.9896373056994818,0.9232697953040914,-60.30224525043178,9.27853430628979,3.4847438111686815,3.3133097837244123,1571.104778353483,1318.2503339397338,13546.484743811168,7580.980572231208,100.0,0.0,1.9430051813471503,0.9776763789371521,236.43465745538285,93.16318753914727,30,57.9,2026-06-18_11-40-22_blackhole-n31-edge-a5-w2,blackhole,31,edge,True,0
992.5468497576736,345.7763034788021,11.591276252019385,21.905307821130936,6.74313408723748,0.6694129474495141,1.2237479806138933,0.7153597267797799,3.5718901453957996,1.7612329813054248,-61.333602584814216,10.221920037755288,4.959612277867528,3.5761697368804235,1668.7229402261712,1304.6565194586512,15068.899838449111,8106.8271802811805,100.0,0.0,1.869951534733441,0.8828108801978449,232.9660743134087,126.97636803637842,27,45.851851851851855,2026-06-18_11-40-22_blackhole-n31-edge-a5-w2,blackhole,31,edge,True,1
1088.2579159470351,373.2112919836275,10.21301093839954,19.75105996620099,6.719631548647093,0.7040291237033796,1.130685089234312,0.5064869999058316,1.9896373056994818,0.9232697953040914,-60.30224525043178,9.27853430628979,3.4847438111686815,3.3133097837244123,1571.104778353483,1318.2503339397338,13546.484743811168,7580.980572231208,100.0,0.0,1.9430051813471503,0.9776763789371521,236.43465745538285,93.16318753914727,30,57.9,2026-06-18_11-40-22_blackhole-n31-edge-a5-w2,blackhole,31,edge,False,0
1091.6460481099657,402.1683155087676,10.776632302405499,20.858836566996402,6.729209621993127,0.6845256548311024,1.1869415807560137,0.6681761344538035,3.5580756013745702,1.6744792476510966,-61.00549828178694,10.053705716497706,4.360824742268041,3.6157959099085297,1567.6178694158075,1243.1752191626733,14301.73470790378,7844.737299239751,98.4701030927835,10.850758550951257,1.840549828178694,0.8709777112013483,240.08247422680412,120.98142371954633,30,48.5,2026-06-18_11-40-22_blackhole-n31-edge-a5-w2,blackhole,31,edge,False,1
