W,attack,1D-CNN,BiLSTM,CNN-LSTM,GRU,LR,LSTM,RF,TCN,Transformer
4,blackhole,0.406,0.409,0.417,0.39,0.356,0.426,0.336,0.402,0.459
4,decrease,0.774,0.826,0.787,0.822,0.771,0.776,0.983,0.802,0.792
4,dis,0.959,0.986,0.967,0.985,0.983,0.985,0.986,0.96,0.969
4,flooding,0.994,0.998,0.997,0.998,0.998,0.997,0.999,0.995,0.997
4,shared-slot,0.282,0.223,0.238,0.255,0.104,0.233,0.181,0.273,0.202
4,slot-exhaustion,0.994,0.995,0.993,0.994,0.998,0.994,0.998,0.991,0.992
4,timekeep,0.596,0.638,0.587,0.675,0.394,0.638,0.33,0.598,0.478
8,blackhole,0.471,0.477,0.469,0.426,0.336,0.46,0.325,0.453,0.461
8,decrease,0.798,0.781,0.782,0.771,0.79,0.76,0.995,0.772,0.786
8,dis,0.977,0.985,0.966,0.988,0.985,0.979,0.988,0.97,0.956
8,flooding,0.998,0.998,0.998,0.997,0.998,0.997,0.999,0.997,0.997
8,shared-slot,0.226,0.22,0.247,0.207,0.115,0.216,0.165,0.212,0.254
8,slot-exhaustion,0.995,0.991,0.995,0.994,0.998,0.993,0.997,0.992,0.998
8,timekeep,0.722,0.732,0.726,0.806,0.451,0.732,0.421,0.747,0.684
32,blackhole,0.664,0.67,0.669,0.683,0.327,0.646,0.338,0.682,0.665
32,decrease,0.822,0.821,0.791,0.81,0.814,0.832,0.998,0.807,0.798
32,dis,0.982,0.978,0.966,0.973,0.985,0.972,0.986,0.98,0.966
32,flooding,0.998,0.996,0.998,0.998,0.999,0.997,0.999,0.998,0.998
32,shared-slot,0.286,0.207,0.177,0.187,0.115,0.184,0.098,0.234,0.183
32,slot-exhaustion,0.993,0.989,0.995,0.994,0.998,0.992,0.998,0.994,0.998
32,timekeep,0.81,0.812,0.819,0.886,0.446,0.849,0.37,0.806,0.764
64,blackhole,0.715,0.74,0.72,0.732,0.353,0.691,0.32,0.687,0.715
64,decrease,0.806,0.78,0.765,0.796,0.845,0.774,0.999,0.784,0.773
64,dis,0.98,0.982,0.986,0.985,0.987,0.985,0.988,0.985,0.963
64,flooding,0.998,0.998,0.998,0.997,0.999,0.997,0.999,0.998,0.997
64,shared-slot,0.235,0.13,0.193,0.195,0.098,0.146,0.151,0.176,0.149
64,slot-exhaustion,0.995,0.992,0.992,0.993,0.998,0.992,0.989,0.988,0.998
64,timekeep,0.809,0.873,0.822,0.903,0.475,0.795,0.424,0.768,0.805
