W,attack,fold,model,f1,n_train,n_test
4,blackhole,0,LR,0.3582485625829279,16322,4696
4,blackhole,0,RF,0.36049601417183347,16322,4696
4,blackhole,0,1D-CNN,0.42337375964718854,16322,4696
4,blackhole,0,LSTM,0.4217821782178217,16322,4696
4,blackhole,0,GRU,0.3844714686623012,16322,4696
4,blackhole,0,BiLSTM,0.4015904572564612,16322,4696
4,blackhole,0,CNN-LSTM,0.45346062052505964,16322,4696
4,blackhole,0,TCN,0.4408206207259337,16322,4696
4,blackhole,0,Transformer,0.44691495275152865,16322,4696
4,blackhole,1,LR,0.3982600289995166,16407,4611
4,blackhole,1,RF,0.29144178874325366,16407,4611
4,blackhole,1,1D-CNN,0.5111536010197577,16407,4611
4,blackhole,1,LSTM,0.45467422096317284,16407,4611
4,blackhole,1,GRU,0.41308531109685703,16407,4611
4,blackhole,1,BiLSTM,0.45393258426966293,16407,4611
4,blackhole,1,CNN-LSTM,0.48502139800285304,16407,4611
4,blackhole,1,TCN,0.48549186128803967,16407,4611
4,blackhole,1,Transformer,0.5915708812260536,16407,4611
4,blackhole,2,LR,0.3563474387527839,16883,4135
4,blackhole,2,RF,0.30862533692722377,16883,4135
4,blackhole,2,1D-CNN,0.4118070554355652,16883,4135
4,blackhole,2,LSTM,0.42223786066150604,16883,4135
4,blackhole,2,GRU,0.3533408833522084,16883,4135
4,blackhole,2,BiLSTM,0.43978349120433013,16883,4135
4,blackhole,2,CNN-LSTM,0.3981603153745072,16883,4135
4,blackhole,2,TCN,0.3926293408929837,16883,4135
4,blackhole,2,Transformer,0.40946045824094596,16883,4135
4,blackhole,3,LR,0.3771361225692398,17147,3871
4,blackhole,3,RF,0.3278217109992811,17147,3871
4,blackhole,3,1D-CNN,0.38385020479812754,17147,3871
4,blackhole,3,LSTM,0.4225352112676057,17147,3871
4,blackhole,3,GRU,0.4144912093766649,17147,3871
4,blackhole,3,BiLSTM,0.35155279503105585,17147,3871
4,blackhole,3,CNN-LSTM,0.38902147971360385,17147,3871
4,blackhole,3,TCN,0.3420216147488874,17147,3871
4,blackhole,3,Transformer,0.4589955499046408,17147,3871
4,blackhole,4,LR,0.28852459016393445,17313,3705
4,blackhole,4,RF,0.3931623931623931,17313,3705
4,blackhole,4,1D-CNN,0.3001974983541804,17313,3705
4,blackhole,4,LSTM,0.4086330935251799,17313,3705
4,blackhole,4,GRU,0.3828802776171198,17313,3705
4,blackhole,4,BiLSTM,0.39670468948035487,17313,3705
4,blackhole,4,CNN-LSTM,0.3578767123287671,17313,3705
4,blackhole,4,TCN,0.34764250527797325,17313,3705
4,blackhole,4,Transformer,0.3888888888888889,17313,3705
4,decrease,0,LR,0.7251642829532277,24788,6177
4,decrease,0,RF,0.9210977701543739,24788,6177
4,decrease,0,1D-CNN,0.7067067067067067,24788,6177
4,decrease,0,LSTM,0.6527777777777778,24788,6177
4,decrease,0,GRU,0.6550892426435119,24788,6177
4,decrease,0,BiLSTM,0.7430939226519336,24788,6177
4,decrease,0,CNN-LSTM,0.7528868360277137,24788,6177
4,decrease,0,TCN,0.7347319347319348,24788,6177
4,decrease,0,Transformer,0.782187802516941,24788,6177
4,decrease,1,LR,0.8932764140875133,24761,6204
4,decrease,1,RF,0.992822966507177,24761,6204
4,decrease,1,1D-CNN,0.9134831460674158,24761,6204
4,decrease,1,LSTM,0.9046511627906977,24761,6204
4,decrease,1,GRU,0.9018952062430323,24761,6204
4,decrease,1,BiLSTM,0.8901408450704226,24761,6204
4,decrease,1,CNN-LSTM,0.896231884057971,24761,6204
4,decrease,1,TCN,0.8836132020845396,24761,6204
4,decrease,1,Transformer,0.8966292134831462,24761,6204
4,decrease,2,LR,0.689586447433981,24770,6195
4,decrease,2,RF,1.0,24770,6195
4,decrease,2,1D-CNN,0.688911704312115,24770,6195
4,decrease,2,LSTM,0.6875320677270395,24770,6195
4,decrease,2,GRU,0.6831318970047294,24770,6195
4,decrease,2,BiLSTM,0.6822778073443321,24770,6195
4,decrease,2,CNN-LSTM,0.6739926739926739,24770,6195
4,decrease,2,TCN,0.6793206793206792,24770,6195
4,decrease,2,Transformer,0.6510832383124286,24770,6195
4,decrease,3,LR,0.7157360406091371,24808,6157
4,decrease,3,RF,1.0,24808,6157
4,decrease,3,1D-CNN,0.7440633245382585,24808,6157
4,decrease,3,LSTM,0.7601078167115903,24808,6157
4,decrease,3,GRU,0.9982300884955753,24808,6157
4,decrease,3,BiLSTM,0.9947089947089947,24808,6157
4,decrease,3,CNN-LSTM,0.7652645861601086,24808,6157
4,decrease,3,TCN,0.791023842917251,24808,6157
4,decrease,3,Transformer,0.749003984063745,24808,6157
4,decrease,4,LR,0.8312143796580448,24733,6232
4,decrease,4,RF,0.9995258416311048,24733,6232
4,decrease,4,1D-CNN,0.8169576059850375,24733,6232
4,decrease,4,LSTM,0.8759689922480619,24733,6232
4,decrease,4,GRU,0.8693039559339009,24733,6232
4,decrease,4,BiLSTM,0.821105527638191,24733,6232
4,decrease,4,CNN-LSTM,0.8444444444444443,24733,6232
4,decrease,4,TCN,0.919436052366566,24733,6232
4,decrease,4,Transformer,0.8835186080231996,24733,6232
4,dis,0,LR,0.9797377830750893,24770,6245
4,dis,0,RF,0.9874476987447698,24770,6245
4,dis,0,1D-CNN,0.8938977460142936,24770,6245
4,dis,0,LSTM,0.9827072152653549,24770,6245
4,dis,0,GRU,0.9763313609467456,24770,6245
4,dis,0,BiLSTM,0.9797619047619047,24770,6245
4,dis,0,CNN-LSTM,0.9350947731188972,24770,6245
4,dis,0,TCN,0.8765498652291105,24770,6245
4,dis,0,Transformer,0.9131868131868132,24770,6245
4,dis,1,LR,0.9887539361223572,24819,6196
4,dis,1,RF,0.9878213802435724,24819,6196
4,dis,1,1D-CNN,0.9896999552171967,24819,6196
4,dis,1,LSTM,0.9937219730941704,24819,6196
4,dis,1,GRU,0.9914912673533361,24819,6196
4,dis,1,BiLSTM,0.9923869234214062,24819,6196
4,dis,1,CNN-LSTM,0.9914683430624158,24819,6196
4,dis,1,TCN,0.9923732615522656,24819,6196
4,dis,1,Transformer,0.9865350089766607,24819,6196
4,dis,2,LR,0.9699879951980792,24904,6111
4,dis,2,RF,0.9830917874396135,24904,6111
4,dis,2,1D-CNN,0.9480968858131488,24904,6111
4,dis,2,LSTM,0.980440097799511,24904,6111
4,dis,2,GRU,0.973621103117506,24904,6111
4,dis,2,BiLSTM,0.9829268292682927,24904,6111
4,dis,2,CNN-LSTM,0.9422632794457275,24904,6111
4,dis,2,TCN,0.9736842105263158,24904,6111
4,dis,2,Transformer,0.9709443099273607,24904,6111
4,dis,3,LR,0.9892473118279571,24642,6373
4,dis,3,RF,0.9873646209386282,24642,6373
4,dis,3,1D-CNN,0.9767857142857144,24642,6373
4,dis,3,LSTM,0.9810981098109811,24642,6373
4,dis,3,GRU,0.9910233393177738,24642,6373
4,dis,3,BiLSTM,0.990152193375112,24642,6373
4,dis,3,CNN-LSTM,0.9747292418772563,24642,6373
4,dis,3,TCN,0.9766187050359713,24642,6373
4,dis,3,Transformer,0.9857397504456328,24642,6373
4,dis,4,LR,0.9862785862785862,24925,6090
4,dis,4,RF,0.9866108786610879,24925,6090
4,dis,4,1D-CNN,0.9878813205181781,24925,6090
4,dis,4,LSTM,0.9891485809682804,24925,6090
4,dis,4,GRU,0.9908333333333333,24925,6090
4,dis,4,BiLSTM,0.9871529216742645,24925,6090
4,dis,4,CNN-LSTM,0.992099792099792,24925,6090
4,dis,4,TCN,0.9828236279849183,24925,6090
4,dis,4,Transformer,0.9892650701899257,24925,6090
4,flooding,0,LR,0.9972401103955841,24720,6230
4,flooding,0,RF,1.0,24720,6230
4,flooding,0,1D-CNN,0.9890710382513661,24720,6230
4,flooding,0,LSTM,0.998158379373849,24720,6230
4,flooding,0,GRU,0.999078341013825,24720,6230
4,flooding,0,BiLSTM,1.0,24720,6230
4,flooding,0,CNN-LSTM,0.9990800367985281,24720,6230
4,flooding,0,TCN,0.9828054298642533,24720,6230
4,flooding,0,Transformer,0.9935956084172004,24720,6230
4,flooding,1,LR,1.0,24813,6137
4,flooding,1,RF,0.9991015274034142,24813,6137
4,flooding,1,1D-CNN,0.9866190900981268,24813,6137
4,flooding,1,LSTM,0.9972948602344455,24813,6137
4,flooding,1,GRU,0.9963963963963964,24813,6137
4,flooding,1,BiLSTM,0.9972948602344455,24813,6137
4,flooding,1,CNN-LSTM,0.996389891696751,24813,6137
4,flooding,1,TCN,0.9972997299729973,24813,6137
4,flooding,1,Transformer,0.9990999099909991,24813,6137
4,flooding,2,LR,0.9964412811387899,24905,6045
4,flooding,2,RF,0.9985734664764622,24905,6045
4,flooding,2,1D-CNN,0.9978586723768736,24905,6045
4,flooding,2,LSTM,0.9971387696709586,24905,6045
4,flooding,2,GRU,0.997855611150822,24905,6045
4,flooding,2,BiLSTM,0.997855611150822,24905,6045
4,flooding,2,CNN-LSTM,0.992181947405828,24905,6045
4,flooding,2,TCN,0.9978586723768736,24905,6045
4,flooding,2,Transformer,0.9985714285714286,24905,6045
4,flooding,3,LR,0.9989888776541962,24806,6144
4,flooding,3,RF,0.9994941831057157,24806,6144
4,flooding,3,1D-CNN,0.9979736575481256,24806,6144
4,flooding,3,LSTM,0.9969635627530364,24806,6144
4,flooding,3,GRU,0.9974683544303797,24806,6144
4,flooding,3,BiLSTM,0.9979736575481256,24806,6144
4,flooding,3,CNN-LSTM,0.9974683544303797,24806,6144
4,flooding,3,TCN,0.996969696969697,24806,6144
4,flooding,3,Transformer,0.9969727547931383,24806,6144
4,flooding,4,LR,0.9989243456435998,24556,6394
4,flooding,4,RF,0.9992831541218639,24556,6394
4,flooding,4,1D-CNN,0.9974865350089767,24556,6394
4,flooding,4,LSTM,0.9964054636951833,24556,6394
4,flooding,4,GRU,0.9971264367816092,24556,6394
4,flooding,4,BiLSTM,0.9971264367816092,24556,6394
4,flooding,4,CNN-LSTM,0.9978463747307967,24556,6394
4,flooding,4,TCN,0.9978463747307967,24556,6394
4,flooding,4,Transformer,0.9989243456435998,24556,6394
4,shared-slot,0,LR,0.07676602694977541,23542,5767
4,shared-slot,0,RF,0.20020855057351408,23542,5767
4,shared-slot,0,1D-CNN,0.34523809523809523,23542,5767
4,shared-slot,0,LSTM,0.38485804416403785,23542,5767
4,shared-slot,0,GRU,0.37683397683397685,23542,5767
4,shared-slot,0,BiLSTM,0.37499999999999994,23542,5767
4,shared-slot,0,CNN-LSTM,0.38366336633663367,23542,5767
4,shared-slot,0,TCN,0.32676709154113553,23542,5767
4,shared-slot,0,Transformer,0.27923627684964203,23542,5767
4,shared-slot,1,LR,0.15026455026455024,23480,5829
4,shared-slot,1,RF,0.3222632226322263,23480,5829
4,shared-slot,1,1D-CNN,0.3832020997375328,23480,5829
4,shared-slot,1,LSTM,0.35507246376811596,23480,5829
4,shared-slot,1,GRU,0.3324348607367475,23480,5829
4,shared-slot,1,BiLSTM,0.24821002386634844,23480,5829
4,shared-slot,1,CNN-LSTM,0.27506426735218514,23480,5829
4,shared-slot,1,TCN,0.44020797227036396,23480,5829
4,shared-slot,1,Transformer,0.2355889724310777,23480,5829
4,shared-slot,2,LR,0.06532988357050452,23250,6059
4,shared-slot,2,RF,0.13829787234042554,23250,6059
4,shared-slot,2,1D-CNN,0.16957210776545165,23250,6059
4,shared-slot,2,LSTM,0.07800941492938802,23250,6059
4,shared-slot,2,GRU,0.11096433289299866,23250,6059
4,shared-slot,2,BiLSTM,0.09812409812409814,23250,6059
4,shared-slot,2,CNN-LSTM,0.14859742228961334,23250,6059
4,shared-slot,2,TCN,0.17927823050058206,23250,6059
4,shared-slot,2,Transformer,0.1436734693877551,23250,6059
4,shared-slot,3,LR,0.08354646206308611,23371,5938
4,shared-slot,3,RF,0.1217208814270724,23371,5938
4,shared-slot,3,1D-CNN,0.2886029411764706,23371,5938
4,shared-slot,3,LSTM,0.1925566343042071,23371,5938
4,shared-slot,3,GRU,0.2406702208682407,23371,5938
4,shared-slot,3,BiLSTM,0.19078947368421054,23371,5938
4,shared-slot,3,CNN-LSTM,0.21435793731041453,23371,5938
4,shared-slot,3,TCN,0.22698412698412695,23371,5938
4,shared-slot,3,Transformer,0.1597892888498683,23371,5938
4,shared-slot,4,LR,0.14204902576995598,23593,5716
4,shared-slot,4,RF,0.12265084075173097,23593,5716
4,shared-slot,4,1D-CNN,0.2257300710339384,23593,5716
4,shared-slot,4,LSTM,0.15520762423417292,23593,5716
4,shared-slot,4,GRU,0.21606008087810516,23593,5716
4,shared-slot,4,BiLSTM,0.20530973451327433,23593,5716
4,shared-slot,4,CNN-LSTM,0.1702388242498469,23593,5716
4,shared-slot,4,TCN,0.19155264723378942,23593,5716
4,shared-slot,4,Transformer,0.19288025889967636,23593,5716
4,slot-exhaustion,0,LR,0.9982547993019197,24738,5993
4,slot-exhaustion,0,RF,1.0,24738,5993
4,slot-exhaustion,0,1D-CNN,0.9904430929626412,24738,5993
4,slot-exhaustion,0,LSTM,0.992153443766347,24738,5993
4,slot-exhaustion,0,GRU,0.9956255468066492,24738,5993
4,slot-exhaustion,0,BiLSTM,0.9956255468066492,24738,5993
4,slot-exhaustion,0,CNN-LSTM,0.9912891986062717,24738,5993
4,slot-exhaustion,0,TCN,0.991304347826087,24738,5993
4,slot-exhaustion,0,Transformer,0.9973799126637556,24738,5993
4,slot-exhaustion,1,LR,0.9990680335507922,24592,6139
4,slot-exhaustion,1,RF,0.9990680335507922,24592,6139
4,slot-exhaustion,1,1D-CNN,0.9971988795518207,24592,6139
4,slot-exhaustion,1,LSTM,0.9957924263674615,24592,6139
4,slot-exhaustion,1,GRU,0.9953227315247895,24592,6139
4,slot-exhaustion,1,BiLSTM,0.9962616822429906,24592,6139
4,slot-exhaustion,1,CNN-LSTM,0.9958041958041959,24592,6139
4,slot-exhaustion,1,TCN,0.9962616822429906,24592,6139
4,slot-exhaustion,1,Transformer,0.9990680335507922,24592,6139
4,slot-exhaustion,2,LR,0.995483288166215,24659,6072
4,slot-exhaustion,2,RF,0.995483288166215,24659,6072
4,slot-exhaustion,2,1D-CNN,0.9927536231884058,24659,6072
4,slot-exhaustion,2,LSTM,0.9918404351767907,24659,6072
4,slot-exhaustion,2,GRU,0.9918404351767907,24659,6072
4,slot-exhaustion,2,BiLSTM,0.9918404351767907,24659,6072
4,slot-exhaustion,2,CNN-LSTM,0.9918404351767907,24659,6072
4,slot-exhaustion,2,TCN,0.9918991899189918,24659,6072
4,slot-exhaustion,2,Transformer,0.995483288166215,24659,6072
4,slot-exhaustion,3,LR,0.997164461247637,24441,6290
4,slot-exhaustion,3,RF,0.9966996699669967,24441,6290
4,slot-exhaustion,3,1D-CNN,0.9923882017126546,24441,6290
4,slot-exhaustion,3,LSTM,0.9919545669663985,24441,6290
4,slot-exhaustion,3,GRU,0.9938359412043622,24441,6290
4,slot-exhaustion,3,BiLSTM,0.9919545669663985,24441,6290
4,slot-exhaustion,3,CNN-LSTM,0.9895536562203229,24441,6290
4,slot-exhaustion,3,TCN,0.9890840056953013,24441,6290
4,slot-exhaustion,3,Transformer,0.970954356846473,24441,6290
4,slot-exhaustion,4,LR,0.9985795454545454,24494,6237
4,slot-exhaustion,4,RF,0.9985795454545454,24494,6237
4,slot-exhaustion,4,1D-CNN,0.9971550497866287,24494,6237
4,slot-exhaustion,4,LSTM,0.9971550497866287,24494,6237
4,slot-exhaustion,4,GRU,0.9957264957264957,24494,6237
4,slot-exhaustion,4,BiLSTM,0.9971550497866287,24494,6237
4,slot-exhaustion,4,CNN-LSTM,0.9964463397299219,24494,6237
4,slot-exhaustion,4,TCN,0.9852424455375967,24494,6237
4,slot-exhaustion,4,Transformer,0.9978678038379531,24494,6237
4,timekeep,0,LR,0.4101796407185629,24369,6121
4,timekeep,0,RF,0.3712984054669704,24369,6121
4,timekeep,0,1D-CNN,0.48451928299837044,24369,6121
4,timekeep,0,LSTM,0.6387058118633911,24369,6121
4,timekeep,0,GRU,0.7590443686006826,24369,6121
4,timekeep,0,BiLSTM,0.6365348399246704,24369,6121
4,timekeep,0,CNN-LSTM,0.5255781359495445,24369,6121
4,timekeep,0,TCN,0.5371841155234656,24369,6121
4,timekeep,0,Transformer,0.4849375459221161,24369,6121
4,timekeep,1,LR,0.3262890955198647,24271,6219
4,timekeep,1,RF,0.2906976744186046,24271,6219
4,timekeep,1,1D-CNN,0.517217146872804,24271,6219
4,timekeep,1,LSTM,0.47735993860322334,24271,6219
4,timekeep,1,GRU,0.5085638998682476,24271,6219
4,timekeep,1,BiLSTM,0.5654853620955317,24271,6219
4,timekeep,1,CNN-LSTM,0.4774362328319163,24271,6219
4,timekeep,1,TCN,0.4465116279069767,24271,6219
4,timekeep,1,Transformer,0.46603098927294406,24271,6219
4,timekeep,2,LR,0.4860718611223255,24397,6093
4,timekeep,2,RF,0.36089385474860336,24397,6093
4,timekeep,2,1D-CNN,0.7947712418300653,24397,6093
4,timekeep,2,LSTM,0.7957124842370744,24397,6093
4,timekeep,2,GRU,0.8353808353808354,24397,6093
4,timekeep,2,BiLSTM,0.8071065989847716,24397,6093
4,timekeep,2,CNN-LSTM,0.7231920199501248,24397,6093
4,timekeep,2,TCN,0.7870619946091644,24397,6093
4,timekeep,2,Transformer,0.6561643835616439,24397,6093
4,timekeep,3,LR,0.2047092743873138,24609,5881
4,timekeep,3,RF,0.15151515151515152,24609,5881
4,timekeep,3,1D-CNN,0.5397590361445783,24609,5881
4,timekeep,3,LSTM,0.6101694915254238,24609,5881
4,timekeep,3,GRU,0.5807962529274004,24609,5881
4,timekeep,3,BiLSTM,0.5162241887905605,24609,5881
4,timekeep,3,CNN-LSTM,0.5898491083676269,24609,5881
4,timekeep,3,TCN,0.5802310654685494,24609,5881
4,timekeep,3,Transformer,0.24202420242024206,24609,5881
4,timekeep,4,LR,0.54144305307096,24314,6176
4,timekeep,4,RF,0.47772592278319903,24314,6176
4,timekeep,4,1D-CNN,0.641340782122905,24314,6176
4,timekeep,4,LSTM,0.6698920729438035,24314,6176
4,timekeep,4,GRU,0.6934710438952416,24314,6176
4,timekeep,4,BiLSTM,0.6648996592199924,24314,6176
4,timekeep,4,CNN-LSTM,0.6172175249807841,24314,6176
4,timekeep,4,TCN,0.6386740331491714,24314,6176
4,timekeep,4,Transformer,0.5430572723526987,24314,6176
8,blackhole,0,LR,0.3979639055992596,16845,3876
8,blackhole,0,RF,0.49709762532981533,16845,3876
8,blackhole,0,1D-CNN,0.6144927536231883,16845,3876
8,blackhole,0,LSTM,0.6075362318840579,16845,3876
8,blackhole,0,GRU,0.5638945233265721,16845,3876
8,blackhole,0,BiLSTM,0.5874999999999999,16845,3876
8,blackhole,0,CNN-LSTM,0.5765563656758272,16845,3876
8,blackhole,0,TCN,0.5587229190421893,16845,3876
8,blackhole,0,Transformer,0.5396145610278373,16845,3876
8,blackhole,1,LR,0.4803111327175498,16461,4260
8,blackhole,1,RF,0.3540455967814037,16461,4260
8,blackhole,1,1D-CNN,0.5305361305361306,16461,4260
8,blackhole,1,LSTM,0.5474974463738509,16461,4260
8,blackhole,1,GRU,0.5151374010246856,16461,4260
8,blackhole,1,BiLSTM,0.5686070686070687,16461,4260
8,blackhole,1,CNN-LSTM,0.5138699408822192,16461,4260
8,blackhole,1,TCN,0.5759268664296597,16461,4260
8,blackhole,1,Transformer,0.6082068577852726,16461,4260
8,blackhole,2,LR,0.2040816326530612,17037,3684
8,blackhole,2,RF,0.2514367816091954,17037,3684
8,blackhole,2,1D-CNN,0.3788461538461539,17037,3684
8,blackhole,2,LSTM,0.3218806509945751,17037,3684
8,blackhole,2,GRU,0.34840871021775544,17037,3684
8,blackhole,2,BiLSTM,0.41313559322033894,17037,3684
8,blackhole,2,CNN-LSTM,0.38494623655913984,17037,3684
8,blackhole,2,TCN,0.32697547683923706,17037,3684
8,blackhole,2,Transformer,0.3301476976542137,17037,3684
8,blackhole,3,LR,0.3565166569257744,16602,4119
8,blackhole,3,RF,0.2815533980582524,16602,4119
8,blackhole,3,1D-CNN,0.46225165562913906,16602,4119
8,blackhole,3,LSTM,0.48700816629547133,16602,4119
8,blackhole,3,GRU,0.41894353369763204,16602,4119
8,blackhole,3,BiLSTM,0.4685494223363286,16602,4119
8,blackhole,3,CNN-LSTM,0.5168711656441718,16602,4119
8,blackhole,3,TCN,0.4903988183161004,16602,4119
8,blackhole,3,Transformer,0.5080179602309173,16602,4119
8,blackhole,4,LR,0.2409392547217968,15939,4782
8,blackhole,4,RF,0.24265165728580362,15939,4782
8,blackhole,4,1D-CNN,0.3702127659574468,15939,4782
8,blackhole,4,LSTM,0.33531746031746035,15939,4782
8,blackhole,4,GRU,0.2822085889570552,15939,4782
8,blackhole,4,BiLSTM,0.34881516587677724,15939,4782
8,blackhole,4,CNN-LSTM,0.3530552861299709,15939,4782
8,blackhole,4,TCN,0.31143114311431147,15939,4782
8,blackhole,4,Transformer,0.31715771230502604,15939,4782
8,decrease,0,LR,0.5923566878980892,24556,6109
8,decrease,0,RF,0.9854620976116304,24556,6109
8,decrease,0,1D-CNN,0.6547811993517016,24556,6109
8,decrease,0,LSTM,0.6093439363817097,24556,6109
8,decrease,0,GRU,0.5237633365664404,24556,6109
8,decrease,0,BiLSTM,0.5683116883116883,24556,6109
8,decrease,0,CNN-LSTM,0.6969851814001022,24556,6109
8,decrease,0,TCN,0.65389369592089,24556,6109
8,decrease,0,Transformer,0.7264864864864865,24556,6109
8,decrease,1,LR,0.8928188638799571,24560,6105
8,decrease,1,RF,0.9921733895243829,24560,6105
8,decrease,1,1D-CNN,0.8985005767012687,24560,6105
8,decrease,1,LSTM,0.9003476245654692,24560,6105
8,decrease,1,GRU,0.9162393162393162,24560,6105
8,decrease,1,BiLSTM,0.888235294117647,24560,6105
8,decrease,1,CNN-LSTM,0.8958210712183639,24560,6105
8,decrease,1,TCN,0.8837209302325582,24560,6105
8,decrease,1,Transformer,0.8382261086820737,24560,6105
8,decrease,2,LR,0.8620689655172413,24452,6213
8,decrease,2,RF,1.0,24452,6213
8,decrease,2,1D-CNN,0.8094660194174758,24452,6213
8,decrease,2,LSTM,0.7990285367334549,24452,6213
8,decrease,2,GRU,0.816969696969697,24452,6213
8,decrease,2,BiLSTM,0.8170731707317074,24452,6213
8,decrease,2,CNN-LSTM,0.8073170731707318,24452,6213
8,decrease,2,TCN,0.805402087170043,24452,6213
8,decrease,2,Transformer,0.7824451410658307,24452,6213
8,decrease,3,LR,0.9373408048904738,24551,6114
8,decrease,3,RF,1.0,24551,6114
8,decrease,3,1D-CNN,0.8970174451322454,24551,6114
8,decrease,3,LSTM,0.8979820627802692,24551,6114
8,decrease,3,GRU,0.9050028105677347,24551,6114
8,decrease,3,BiLSTM,0.8988128886376483,24551,6114
8,decrease,3,CNN-LSTM,0.9068462401795735,24551,6114
8,decrease,3,TCN,0.9159710628825821,24551,6114
8,decrease,3,Transformer,0.9050028105677347,24551,6114
8,decrease,4,LR,0.6654929577464789,24541,6124
8,decrease,4,RF,0.9992193598750976,24541,6124
8,decrease,4,1D-CNN,0.7325581395348837,24541,6124
8,decrease,4,LSTM,0.5911199469847581,24541,6124
8,decrease,4,GRU,0.6937313432835821,24541,6124
8,decrease,4,BiLSTM,0.7340425531914895,24541,6124
8,decrease,4,CNN-LSTM,0.6010854816824965,24541,6124
8,decrease,4,TCN,0.5998707175177763,24541,6124
8,decrease,4,Transformer,0.6789473684210525,24541,6124
8,dis,0,LR,0.9867310012062727,24549,6166
8,dis,0,RF,0.9885057471264368,24549,6166
8,dis,0,1D-CNN,0.9850209706411025,24549,6166
8,dis,0,LSTM,0.9772182254196643,24549,6166
8,dis,0,GRU,0.9879663056558363,24549,6166
8,dis,0,BiLSTM,0.9686746987951808,24549,6166
8,dis,0,CNN-LSTM,0.9416195856873822,24549,6166
8,dis,0,TCN,0.9455388180764773,24549,6166
8,dis,0,Transformer,0.9559975889089812,24549,6166
8,dis,1,LR,0.9928498467824309,24554,6161
8,dis,1,RF,0.9907786885245901,24554,6161
8,dis,1,1D-CNN,0.9948979591836734,24554,6161
8,dis,1,LSTM,0.992857142857143,24554,6161
8,dis,1,GRU,0.9954105048444671,24554,6161
8,dis,1,BiLSTM,0.9933774834437087,24554,6161
8,dis,1,CNN-LSTM,0.9913397860417728,24554,6161
8,dis,1,TCN,0.9954151808456444,24554,6161
8,dis,1,Transformer,0.976488244122061,24554,6161
8,dis,2,LR,0.9747747747747747,24679,6036
8,dis,2,RF,0.986376021798365,24679,6036
8,dis,2,1D-CNN,0.9803921568627451,24679,6036
8,dis,2,LSTM,0.9734513274336283,24679,6036
8,dis,2,GRU,0.985663082437276,24679,6036
8,dis,2,BiLSTM,0.9848349687778768,24679,6036
8,dis,2,CNN-LSTM,0.9622475856014047,24679,6036
8,dis,2,TCN,0.9701230228471002,24679,6036
8,dis,2,Transformer,0.9398907103825136,24679,6036
8,dis,3,LR,0.9857142857142857,24438,6277
8,dis,3,RF,0.9882988298829883,24438,6277
8,dis,3,1D-CNN,0.9820788530465948,24438,6277
8,dis,3,LSTM,0.9839857651245552,24438,6277
8,dis,3,GRU,0.9805309734513274,24438,6277
8,dis,3,BiLSTM,0.9866429207479965,24438,6277
8,dis,3,CNN-LSTM,0.947008547008547,24438,6277
8,dis,3,TCN,0.9791099000908265,24438,6277
8,dis,3,Transformer,0.9727831431079895,24438,6277
8,dis,4,LR,0.9858921161825727,24640,6075
8,dis,4,RF,0.9857859531772575,24640,6075
8,dis,4,1D-CNN,0.9424547283702213,24640,6075
8,dis,4,LSTM,0.9696223316912972,24640,6075
8,dis,4,GRU,0.9892205638474296,24640,6075
8,dis,4,BiLSTM,0.9912536443148687,24640,6075
8,dis,4,CNN-LSTM,0.9892294946147473,24640,6075
8,dis,4,TCN,0.9604838709677418,24640,6075
8,dis,4,Transformer,0.934697088906373,24640,6075
8,flooding,0,LR,0.9972401103955841,24521,6129
8,flooding,0,RF,1.0,24521,6129
8,flooding,0,1D-CNN,1.0,24521,6129
8,flooding,0,LSTM,0.9981549815498155,24521,6129
8,flooding,0,GRU,0.999078341013825,24521,6129
8,flooding,0,BiLSTM,1.0,24521,6129
8,flooding,0,CNN-LSTM,1.0,24521,6129
8,flooding,0,TCN,0.9981617647058822,24521,6129
8,flooding,0,Transformer,0.9945054945054945,24521,6129
8,flooding,1,LR,0.9992790194664743,24577,6073
8,flooding,1,RF,0.9992790194664743,24577,6073
8,flooding,1,1D-CNN,0.9992779783393501,24577,6073
8,flooding,1,LSTM,0.9978308026030369,24577,6073
8,flooding,1,GRU,0.9985549132947976,24577,6073
8,flooding,1,BiLSTM,0.9985549132947976,24577,6073
8,flooding,1,CNN-LSTM,0.9992779783393501,24577,6073
8,flooding,1,TCN,0.9985549132947976,24577,6073
8,flooding,1,Transformer,0.9992779783393501,24577,6073
8,flooding,2,LR,0.9929078014184397,24677,5973
8,flooding,2,RF,0.9976303317535545,24677,5973
8,flooding,2,1D-CNN,0.9928741092636579,24677,5973
8,flooding,2,LSTM,0.9952380952380951,24677,5973
8,flooding,2,GRU,0.9928741092636579,24677,5973
8,flooding,2,BiLSTM,0.9952380952380951,24677,5973
8,flooding,2,CNN-LSTM,0.995249406175772,24677,5973
8,flooding,2,TCN,0.9928909952606635,24677,5973
8,flooding,2,Transformer,0.995249406175772,24677,5973
8,flooding,3,LR,0.9994100294985251,24472,6178
8,flooding,3,RF,0.9994100294985251,24472,6178
8,flooding,3,1D-CNN,0.9976387249114522,24472,6178
8,flooding,3,LSTM,0.9964539007092198,24472,6178
8,flooding,3,GRU,0.9970466627288836,24472,6178
8,flooding,3,BiLSTM,0.9976359338061466,24472,6178
8,flooding,3,CNN-LSTM,0.9970466627288836,24472,6178
8,flooding,3,TCN,0.9958750736593989,24472,6178
8,flooding,3,Transformer,0.9982279976373302,24472,6178
8,flooding,4,LR,0.9991058122205663,24353,6297
8,flooding,4,RF,0.9994040524433849,24353,6297
8,flooding,4,1D-CNN,0.9979110713219933,24353,6297
8,flooding,4,LSTM,0.9973126306360107,24353,6297
8,flooding,4,GRU,0.9976119402985075,24353,6297
8,flooding,4,BiLSTM,0.9979110713219933,24353,6297
8,flooding,4,CNN-LSTM,0.9985087980912616,24353,6297
8,flooding,4,TCN,0.9979110713219933,24353,6297
8,flooding,4,Transformer,0.9991058122205663,24353,6297
8,shared-slot,0,LR,0.08097165991902834,23329,5680
8,shared-slot,0,RF,0.20598006644518274,23329,5680
8,shared-slot,0,1D-CNN,0.3285024154589372,23329,5680
8,shared-slot,0,LSTM,0.32138442521631644,23329,5680
8,shared-slot,0,GRU,0.3453453453453454,23329,5680
8,shared-slot,0,BiLSTM,0.28182941903584674,23329,5680
8,shared-slot,0,CNN-LSTM,0.3776595744680851,23329,5680
8,shared-slot,0,TCN,0.29009762900976294,23329,5680
8,shared-slot,0,Transformer,0.3908629441624366,23329,5680
8,shared-slot,1,LR,0.16383307573415765,22991,6018
8,shared-slot,1,RF,0.25440313111545987,22991,6018
8,shared-slot,1,1D-CNN,0.2487153134635149,22991,6018
8,shared-slot,1,LSTM,0.22820236813778258,22991,6018
8,shared-slot,1,GRU,0.2440677966101695,22991,6018
8,shared-slot,1,BiLSTM,0.31271477663230246,22991,6018
8,shared-slot,1,CNN-LSTM,0.3805874840357599,22991,6018
8,shared-slot,1,TCN,0.2758620689655172,22991,6018
8,shared-slot,1,Transformer,0.26577437858508607,22991,6018
8,shared-slot,2,LR,0.0819614711033275,23406,5603
8,shared-slot,2,RF,0.11524609843937575,23406,5603
8,shared-slot,2,1D-CNN,0.18367346938775508,23406,5603
8,shared-slot,2,LSTM,0.14744525547445256,23406,5603
8,shared-slot,2,GRU,0.14694656488549618,23406,5603
8,shared-slot,2,BiLSTM,0.16165413533834586,23406,5603
8,shared-slot,2,CNN-LSTM,0.19334389857369252,23406,5603
8,shared-slot,2,TCN,0.20969855832241152,23406,5603
8,shared-slot,2,Transformer,0.2660098522167488,23406,5603
8,shared-slot,3,LR,0.03539823008849558,22983,6026
8,shared-slot,3,RF,0.08234362628661915,22983,6026
8,shared-slot,3,1D-CNN,0.0931899641577061,22983,6026
8,shared-slot,3,LSTM,0.13977695167286244,22983,6026
8,shared-slot,3,GRU,0.029957203994293864,22983,6026
8,shared-slot,3,BiLSTM,0.06510219530658592,22983,6026
8,shared-slot,3,CNN-LSTM,0.09842519685039369,22983,6026
8,shared-slot,3,TCN,0.0846968238691049,22983,6026
8,shared-slot,3,Transformer,0.03022222222222222,22983,6026
8,shared-slot,4,LR,0.21330441070137385,23327,5682
8,shared-slot,4,RF,0.16478555304740405,23327,5682
8,shared-slot,4,1D-CNN,0.2745825602968461,23327,5682
8,shared-slot,4,LSTM,0.242728184553661,23327,5682
8,shared-slot,4,GRU,0.26955848179705655,23327,5682
8,shared-slot,4,BiLSTM,0.28033472803347287,23327,5682
8,shared-slot,4,CNN-LSTM,0.18637274549098193,23327,5682
8,shared-slot,4,TCN,0.19978517722878622,23327,5682
8,shared-slot,4,Transformer,0.3155996393146979,23327,5682
8,slot-exhaustion,0,LR,0.9988290398126464,24526,5905
8,slot-exhaustion,0,RF,1.0,24526,5905
8,slot-exhaustion,0,1D-CNN,0.9947337624341721,24526,5905
8,slot-exhaustion,0,LSTM,0.9929494712103409,24526,5905
8,slot-exhaustion,0,GRU,0.9964788732394366,24526,5905
8,slot-exhaustion,0,BiLSTM,0.9929906542056075,24526,5905
8,slot-exhaustion,0,CNN-LSTM,0.9958992384299941,24526,5905
8,slot-exhaustion,0,TCN,0.9941588785046729,24526,5905
8,slot-exhaustion,0,Transformer,0.9994148624926857,24526,5905
8,slot-exhaustion,1,LR,0.9978540772532188,24359,6072
8,slot-exhaustion,1,RF,0.9983914209115281,24359,6072
8,slot-exhaustion,1,1D-CNN,0.9956989247311828,24359,6072
8,slot-exhaustion,1,LSTM,0.9940828402366865,24359,6072
8,slot-exhaustion,1,GRU,0.9946178686759958,24359,6072
8,slot-exhaustion,1,BiLSTM,0.9935553168635876,24359,6072
8,slot-exhaustion,1,CNN-LSTM,0.9962385814078453,24359,6072
8,slot-exhaustion,1,TCN,0.9951794322442421,24359,6072
8,slot-exhaustion,1,Transformer,0.9973219068023567,24359,6072
8,slot-exhaustion,2,LR,0.9949341438703141,24433,5998
8,slot-exhaustion,2,RF,0.991919191919192,24433,5998
8,slot-exhaustion,2,1D-CNN,0.9928644240570845,24433,5998
8,slot-exhaustion,2,LSTM,0.9888324873096447,24433,5998
8,slot-exhaustion,2,GRU,0.9888097660223806,24433,5998
8,slot-exhaustion,2,BiLSTM,0.978894472361809,24433,5998
8,slot-exhaustion,2,CNN-LSTM,0.9918864097363083,24433,5998
8,slot-exhaustion,2,TCN,0.9888776541961577,24433,5998
8,slot-exhaustion,2,Transformer,0.9969543147208122,24433,5998
8,slot-exhaustion,3,LR,0.9984623270117888,24219,6212
8,slot-exhaustion,3,RF,0.9984623270117888,24219,6212
8,slot-exhaustion,3,1D-CNN,0.9964047252182846,24219,6212
8,slot-exhaustion,3,LSTM,0.9953775038520801,24219,6212
8,slot-exhaustion,3,GRU,0.9953727506426735,24219,6212
8,slot-exhaustion,3,BiLSTM,0.994344473007712,24219,6212
8,slot-exhaustion,3,CNN-LSTM,0.9943386515697376,24219,6212
8,slot-exhaustion,3,TCN,0.989302088639837,24219,6212
8,slot-exhaustion,3,Transformer,0.997948717948718,24219,6212
8,slot-exhaustion,4,LR,0.9978768577494692,24187,6244
8,slot-exhaustion,4,RF,0.9985855728429986,24187,6244
8,slot-exhaustion,4,1D-CNN,0.9964564138908575,24187,6244
8,slot-exhaustion,4,LSTM,0.9957446808510638,24187,6244
8,slot-exhaustion,4,GRU,0.9964564138908575,24187,6244
8,slot-exhaustion,4,BiLSTM,0.9950319375443577,24187,6244
8,slot-exhaustion,4,CNN-LSTM,0.9964564138908575,24187,6244
8,slot-exhaustion,4,TCN,0.9943181818181819,24187,6244
8,slot-exhaustion,4,Transformer,0.9978768577494692,24187,6244
8,timekeep,0,LR,0.3941605839416058,24119,6071
8,timekeep,0,RF,0.40720524017467247,24119,6071
8,timekeep,0,1D-CNN,0.7364818617385352,24119,6071
8,timekeep,0,LSTM,0.7531436135009928,24119,6071
8,timekeep,0,GRU,0.7760252365930598,24119,6071
8,timekeep,0,BiLSTM,0.7587628865979381,24119,6071
8,timekeep,0,CNN-LSTM,0.7760252365930598,24119,6071
8,timekeep,0,TCN,0.7628032345013477,24119,6071
8,timekeep,0,Transformer,0.661880832735104,24119,6071
8,timekeep,1,LR,0.43598615916955025,23985,6205
8,timekeep,1,RF,0.5244865718799367,23985,6205
8,timekeep,1,1D-CNN,0.8028759736369083,23985,6205
8,timekeep,1,LSTM,0.8508217446270543,23985,6205
8,timekeep,1,GRU,0.8607277289836888,23985,6205
8,timekeep,1,BiLSTM,0.7815384615384614,23985,6205
8,timekeep,1,CNN-LSTM,0.8041615667074663,23985,6205
8,timekeep,1,TCN,0.8176470588235294,23985,6205
8,timekeep,1,Transformer,0.7922403003754693,23985,6205
8,timekeep,2,LR,0.42808716707021793,24167,6023
8,timekeep,2,RF,0.3542319749216301,24167,6023
8,timekeep,2,1D-CNN,0.6657608695652174,24167,6023
8,timekeep,2,LSTM,0.707539353769677,24167,6023
8,timekeep,2,GRU,0.7510668563300142,24167,6023
8,timekeep,2,BiLSTM,0.6947194719471947,24167,6023
8,timekeep,2,CNN-LSTM,0.6709886547811993,24167,6023
8,timekeep,2,TCN,0.7199379363847944,24167,6023
8,timekeep,2,Transformer,0.668421052631579,24167,6023
8,timekeep,3,LR,0.4701166180758018,24149,6041
8,timekeep,3,RF,0.24278137890394813,24149,6041
8,timekeep,3,1D-CNN,0.6022408963585434,24149,6041
8,timekeep,3,LSTM,0.5900439238653001,24149,6041
8,timekeep,3,GRU,0.7775030902348579,24149,6041
8,timekeep,3,BiLSTM,0.6287300485773768,24149,6041
8,timekeep,3,CNN-LSTM,0.5506807866868382,24149,6041
8,timekeep,3,TCN,0.6675824175824175,24149,6041
8,timekeep,3,Transformer,0.5228464419475656,24149,6041
8,timekeep,4,LR,0.5254299304793267,24340,5850
8,timekeep,4,RF,0.5756410256410256,24340,5850
8,timekeep,4,1D-CNN,0.8028004667444574,24340,5850
8,timekeep,4,LSTM,0.7589123867069487,24340,5850
8,timekeep,4,GRU,0.8623298033282905,24340,5850
8,timekeep,4,BiLSTM,0.7943262411347518,24340,5850
8,timekeep,4,CNN-LSTM,0.8279512969825304,24340,5850
8,timekeep,4,TCN,0.7679623085983509,24340,5850
8,timekeep,4,Transformer,0.7759381898454746,24340,5850
32,blackhole,0,LR,0.39567992145311737,15187,3781
32,blackhole,0,RF,0.3967861557478368,15187,3781
32,blackhole,0,1D-CNN,0.8280081577158395,15187,3781
32,blackhole,0,LSTM,0.8438991138377641,15187,3781
32,blackhole,0,GRU,0.8379960962914769,15187,3781
32,blackhole,0,BiLSTM,0.8477088948787064,15187,3781
32,blackhole,0,CNN-LSTM,0.8020765736534718,15187,3781
32,blackhole,0,TCN,0.8262975778546712,15187,3781
32,blackhole,0,Transformer,0.8048452220726784,15187,3781
32,blackhole,1,LR,0.3809040121889284,15125,3843
32,blackhole,1,RF,0.37186544342507644,15125,3843
32,blackhole,1,1D-CNN,0.7528005974607918,15125,3843
32,blackhole,1,LSTM,0.704323570432357,15125,3843
32,blackhole,1,GRU,0.7102272727272727,15125,3843
32,blackhole,1,BiLSTM,0.722117202268431,15125,3843
32,blackhole,1,CNN-LSTM,0.7406855439642324,15125,3843
32,blackhole,1,TCN,0.7295954577714691,15125,3843
32,blackhole,1,Transformer,0.7374545454545454,15125,3843
32,blackhole,2,LR,0.2846975088967971,15293,3675
32,blackhole,2,RF,0.318739054290718,15293,3675
32,blackhole,2,1D-CNN,0.7,15293,3675
32,blackhole,2,LSTM,0.6791666666666666,15293,3675
32,blackhole,2,GRU,0.7208791208791209,15293,3675
32,blackhole,2,BiLSTM,0.7284916201117319,15293,3675
32,blackhole,2,CNN-LSTM,0.7194719471947194,15293,3675
32,blackhole,2,TCN,0.8373879641485276,15293,3675
32,blackhole,2,Transformer,0.7270718232044199,15293,3675
32,blackhole,3,LR,0.3961005643919959,15121,3847
32,blackhole,3,RF,0.4,15121,3847
32,blackhole,3,1D-CNN,0.7505551443375277,15121,3847
32,blackhole,3,LSTM,0.7081272084805653,15121,3847
32,blackhole,3,GRU,0.7224982256919802,15121,3847
32,blackhole,3,BiLSTM,0.7151681537405626,15121,3847
32,blackhole,3,CNN-LSTM,0.8392415498763396,15121,3847
32,blackhole,3,TCN,0.760180995475113,15121,3847
32,blackhole,3,Transformer,0.7658321060382917,15121,3847
32,blackhole,4,LR,0.17654808959156787,15146,3822
32,blackhole,4,RF,0.2028206850235057,15146,3822
32,blackhole,4,1D-CNN,0.2861788617886179,15146,3822
32,blackhole,4,LSTM,0.29545454545454547,15146,3822
32,blackhole,4,GRU,0.42105263157894735,15146,3822
32,blackhole,4,BiLSTM,0.3372641509433963,15146,3822
32,blackhole,4,CNN-LSTM,0.24251069900142652,15146,3822
32,blackhole,4,TCN,0.2576361221779549,15146,3822
32,blackhole,4,Transformer,0.2884927066450567,15146,3822
32,decrease,0,LR,0.6024878312601407,23119,5746
32,decrease,0,RF,1.0,23119,5746
32,decrease,0,1D-CNN,0.6241225271218889,23119,5746
32,decrease,0,LSTM,0.7088781830695113,23119,5746
32,decrease,0,GRU,0.5663366336633664,23119,5746
32,decrease,0,BiLSTM,0.6702002355712603,23119,5746
32,decrease,0,CNN-LSTM,0.6029173419773095,23119,5746
32,decrease,0,TCN,0.5464190981432361,23119,5746
32,decrease,0,Transformer,0.6277153558052434,23119,5746
32,decrease,1,LR,0.9169960474308301,23031,5834
32,decrease,1,RF,0.9906272530641673,23031,5834
32,decrease,1,1D-CNN,0.8907894736842106,23031,5834
32,decrease,1,LSTM,0.9169675090252708,23031,5834
32,decrease,1,GRU,0.8657718120805369,23031,5834
32,decrease,1,BiLSTM,0.8062455642299502,23031,5834
32,decrease,1,CNN-LSTM,0.8031723143475126,23031,5834
32,decrease,1,TCN,0.8865435356200527,23031,5834
32,decrease,1,Transformer,0.8891910265125764,23031,5834
32,decrease,2,LR,0.9364833462432225,23116,5749
32,decrease,2,RF,1.0,23116,5749
32,decrease,2,1D-CNN,0.8738884397736459,23116,5749
32,decrease,2,LSTM,0.8375571250519319,23116,5749
32,decrease,2,GRU,0.8870326173428797,23116,5749
32,decrease,2,BiLSTM,0.8899483512117601,23116,5749
32,decrease,2,CNN-LSTM,0.8563241915677445,23116,5749
32,decrease,2,TCN,0.9066147859922179,23116,5749
32,decrease,2,Transformer,0.8134296642583935,23116,5749
32,decrease,3,LR,0.9198966408268733,23092,5773
32,decrease,3,RF,1.0,23092,5773
32,decrease,3,1D-CNN,0.8556806550665301,23092,5773
32,decrease,3,LSTM,0.8620689655172413,23092,5773
32,decrease,3,GRU,0.8649746192893402,23092,5773
32,decrease,3,BiLSTM,0.8635437881873727,23092,5773
32,decrease,3,CNN-LSTM,0.8553846153846154,23092,5773
32,decrease,3,TCN,0.8545081967213114,23092,5773
32,decrease,3,Transformer,0.8600612870275791,23092,5773
32,decrease,4,LR,0.6930492135971588,23102,5763
32,decrease,4,RF,0.9993577392421323,23102,5763
32,decrease,4,1D-CNN,0.8652561247216035,23102,5763
32,decrease,4,LSTM,0.8349514563106796,23102,5763
32,decrease,4,GRU,0.8664058133035216,23102,5763
32,decrease,4,BiLSTM,0.8744343891402715,23102,5763
32,decrease,4,CNN-LSTM,0.8374439461883407,23102,5763
32,decrease,4,TCN,0.8421052631578947,23102,5763
32,decrease,4,Transformer,0.797338792221085,23102,5763
32,dis,0,LR,0.9840123775141827,23148,5767
32,dis,0,RF,0.9866117404737385,23148,5767
32,dis,0,1D-CNN,0.9707724425887264,23148,5767
32,dis,0,LSTM,0.9432624113475178,23148,5767
32,dis,0,GRU,0.9057142857142858,23148,5767
32,dis,0,BiLSTM,0.9420600858369098,23148,5767
32,dis,0,CNN-LSTM,0.9261241970021413,23148,5767
32,dis,0,TCN,0.9703896103896105,23148,5767
32,dis,0,Transformer,0.9497907949790795,23148,5767
32,dis,1,LR,0.9891919711785898,23080,5835
32,dis,1,RF,0.9907120743034055,23080,5835
32,dis,1,1D-CNN,0.9743331655762456,23080,5835
32,dis,1,LSTM,0.9933299127757824,23080,5835
32,dis,1,GRU,0.9901910170366546,23080,5835
32,dis,1,BiLSTM,0.9933367503844183,23080,5835
32,dis,1,CNN-LSTM,0.9786347055758207,23080,5835
32,dis,1,TCN,0.9813084112149533,23080,5835
32,dis,1,Transformer,0.9320773425880019,23080,5835
32,dis,2,LR,0.9771126760563381,23155,5760
32,dis,2,RF,0.9795918367346939,23155,5760
32,dis,2,1D-CNN,0.9928952042628775,23155,5760
32,dis,2,LSTM,0.986737400530504,23155,5760
32,dis,2,GRU,0.9893617021276596,23155,5760
32,dis,2,BiLSTM,0.9841269841269842,23155,5760
32,dis,2,CNN-LSTM,0.9858657243816256,23155,5760
32,dis,2,TCN,0.9858657243816256,23155,5760
32,dis,2,Transformer,0.9884853852967228,23155,5760
32,dis,3,LR,0.9867291178766588,23136,5779
32,dis,3,RF,0.9842271293375394,23136,5779
32,dis,3,1D-CNN,0.9858490566037735,23136,5779
32,dis,3,LSTM,0.9502852485737571,23136,5779
32,dis,3,GRU,0.9866247049567269,23136,5779
32,dis,3,BiLSTM,0.9818181818181818,23136,5779
32,dis,3,CNN-LSTM,0.951993490642799,23136,5779
32,dis,3,TCN,0.9811320754716981,23136,5779
32,dis,3,Transformer,0.9797191887675507,23136,5779
32,dis,4,LR,0.9882232462877624,23141,5774
32,dis,4,RF,0.9881382155750387,23141,5774
32,dis,4,1D-CNN,0.9860896445131374,23141,5774
32,dis,4,LSTM,0.985611510791367,23141,5774
32,dis,4,GRU,0.9917780061664954,23141,5774
32,dis,4,BiLSTM,0.9887983706720977,23141,5774
32,dis,4,CNN-LSTM,0.9876670092497432,23141,5774
32,dis,4,TCN,0.9803108808290156,23141,5774
32,dis,4,Transformer,0.9794450154162384,23141,5774
32,flooding,0,LR,1.0,23012,5838
32,flooding,0,RF,0.9990800367985281,23012,5838
32,flooding,0,1D-CNN,1.0,23012,5838
32,flooding,0,LSTM,0.998158379373849,23012,5838
32,flooding,0,GRU,1.0,23012,5838
32,flooding,0,BiLSTM,0.9917808219178083,23012,5838
32,flooding,0,CNN-LSTM,0.9990800367985281,23012,5838
32,flooding,0,TCN,1.0,23012,5838
32,flooding,0,Transformer,0.995417048579285,23012,5838
32,flooding,1,LR,0.9984591679506933,23244,5606
32,flooding,1,RF,0.9989743589743589,23244,5606
32,flooding,1,1D-CNN,0.9974293059125964,23244,5606
32,flooding,1,LSTM,0.9969135802469136,23244,5606
32,flooding,1,GRU,0.9969135802469136,23244,5606
32,flooding,1,BiLSTM,0.9963973237261967,23244,5606
32,flooding,1,CNN-LSTM,0.9974293059125964,23244,5606
32,flooding,1,TCN,0.9974293059125964,23244,5606
32,flooding,1,Transformer,0.9974293059125964,23244,5606
32,flooding,2,LR,0.9988165680473373,23194,5656
32,flooding,2,RF,0.9976359338061466,23194,5656
32,flooding,2,1D-CNN,0.9988165680473373,23194,5656
32,flooding,2,LSTM,0.9976303317535545,23194,5656
32,flooding,2,GRU,0.9976303317535545,23194,5656
32,flooding,2,BiLSTM,0.9976303317535545,23194,5656
32,flooding,2,CNN-LSTM,0.9988165680473373,23194,5656
32,flooding,2,TCN,0.9988165680473373,23194,5656
32,flooding,2,Transformer,0.9988165680473373,23194,5656
32,flooding,3,LR,0.9994921279837481,22928,5922
32,flooding,3,RF,1.0,22928,5922
32,flooding,3,1D-CNN,0.9984748347737672,22928,5922
32,flooding,3,LSTM,0.9974554707379135,22928,5922
32,flooding,3,GRU,0.9979674796747968,22928,5922
32,flooding,3,BiLSTM,0.9979654120040692,22928,5922
32,flooding,3,CNN-LSTM,0.9984748347737672,22928,5922
32,flooding,3,TCN,0.9984748347737672,22928,5922
32,flooding,3,Transformer,0.9979736575481256,22928,5922
32,flooding,4,LR,0.9988071570576541,23022,5828
32,flooding,4,RF,1.0,23022,5828
32,flooding,4,1D-CNN,0.9972144846796657,23022,5828
32,flooding,4,LSTM,0.996012759170654,23022,5828
32,flooding,4,GRU,0.9968127490039841,23022,5828
32,flooding,4,BiLSTM,0.9968127490039841,23022,5828
32,flooding,4,CNN-LSTM,0.9972144846796657,23022,5828
32,flooding,4,TCN,0.9976114649681528,23022,5828
32,flooding,4,Transformer,0.9984089101034208,23022,5828
32,shared-slot,0,LR,0.040920716112531966,21580,5629
32,shared-slot,0,RF,0.026315789473684206,21580,5629
32,shared-slot,0,1D-CNN,0.29772329246935203,21580,5629
32,shared-slot,0,LSTM,0.14915254237288134,21580,5629
32,shared-slot,0,GRU,0.19013237063778582,21580,5629
32,shared-slot,0,BiLSTM,0.2352941176470588,21580,5629
32,shared-slot,0,CNN-LSTM,0.20996441281138792,21580,5629
32,shared-slot,0,TCN,0.22108843537414966,21580,5629
32,shared-slot,0,Transformer,0.16080402010050251,21580,5629
32,shared-slot,1,LR,0.07394843962008142,21603,5606
32,shared-slot,1,RF,0.16733067729083664,21603,5606
32,shared-slot,1,1D-CNN,0.40778923253150057,21603,5606
32,shared-slot,1,LSTM,0.21044176706827306,21603,5606
32,shared-slot,1,GRU,0.19068736141906872,21603,5606
32,shared-slot,1,BiLSTM,0.1288659793814433,21603,5606
32,shared-slot,1,CNN-LSTM,0.2611832611832612,21603,5606
32,shared-slot,1,TCN,0.4512338425381903,21603,5606
32,shared-slot,1,Transformer,0.1726315789473684,21603,5606
32,shared-slot,2,LR,0.21596606247589664,22178,5031
32,shared-slot,2,RF,0.08353808353808354,22178,5031
32,shared-slot,2,1D-CNN,0.1507823613086771,22178,5031
32,shared-slot,2,LSTM,0.15384615384615385,22178,5031
32,shared-slot,2,GRU,0.19889502762430936,22178,5031
32,shared-slot,2,BiLSTM,0.19181286549707602,22178,5031
32,shared-slot,2,CNN-LSTM,0.12327044025157233,22178,5031
32,shared-slot,2,TCN,0.0551301684532925,22178,5031
32,shared-slot,2,Transformer,0.10341951626355295,22178,5031
32,shared-slot,3,LR,0.11139800811508668,21452,5757
32,shared-slot,3,RF,0.10106382978723404,21452,5757
32,shared-slot,3,1D-CNN,0.35145631067961164,21452,5757
32,shared-slot,3,LSTM,0.23262411347517734,21452,5757
32,shared-slot,3,GRU,0.2899190581309787,21452,5757
32,shared-slot,3,BiLSTM,0.24979591836734694,21452,5757
32,shared-slot,3,CNN-LSTM,0.061514195583596214,21452,5757
32,shared-slot,3,TCN,0.287240356083086,21452,5757
32,shared-slot,3,Transformer,0.1877309682187731,21452,5757
32,shared-slot,4,LR,0.13144682793245094,22023,5186
32,shared-slot,4,RF,0.11335012594458437,22023,5186
32,shared-slot,4,1D-CNN,0.22123893805309736,22023,5186
32,shared-slot,4,LSTM,0.17597765363128492,22023,5186
32,shared-slot,4,GRU,0.06427688504326329,22023,5186
32,shared-slot,4,BiLSTM,0.2274741506646972,22023,5186
32,shared-slot,4,CNN-LSTM,0.22695035460992907,22023,5186
32,shared-slot,4,TCN,0.15625,22023,5186
32,shared-slot,4,Transformer,0.292604501607717,22023,5186
32,slot-exhaustion,0,LR,0.9979035639412999,22993,5638
32,slot-exhaustion,0,RF,0.9993021632937892,22993,5638
32,slot-exhaustion,0,1D-CNN,0.9827228749136144,22993,5638
32,slot-exhaustion,0,LSTM,0.9853249475890986,22993,5638
32,slot-exhaustion,0,GRU,0.9923130677847659,22993,5638
32,slot-exhaustion,0,BiLSTM,0.9881367759944173,22993,5638
32,slot-exhaustion,0,CNN-LSTM,0.9944055944055943,22993,5638
32,slot-exhaustion,0,TCN,0.9902370990237099,22993,5638
32,slot-exhaustion,0,Transformer,0.9979035639412999,22993,5638
32,slot-exhaustion,1,LR,0.9987341772151899,22967,5664
32,slot-exhaustion,1,RF,0.9987341772151899,22967,5664
32,slot-exhaustion,1,1D-CNN,0.9961928934010154,22967,5664
32,slot-exhaustion,1,LSTM,0.9942784488239034,22967,5664
32,slot-exhaustion,1,GRU,0.9949238578680203,22967,5664
32,slot-exhaustion,1,BiLSTM,0.9955555555555555,22967,5664
32,slot-exhaustion,1,CNN-LSTM,0.9974651457541192,22967,5664
32,slot-exhaustion,1,TCN,0.9949431099873578,22967,5664
32,slot-exhaustion,1,Transformer,0.9981000633312223,22967,5664
32,slot-exhaustion,2,LR,0.9970149253731343,22950,5681
32,slot-exhaustion,2,RF,0.9976133651551313,22950,5681
32,slot-exhaustion,2,1D-CNN,0.9946140035906643,22950,5681
32,slot-exhaustion,2,LSTM,0.9934092270820851,22950,5681
32,slot-exhaustion,2,GRU,0.9940119760479043,22950,5681
32,slot-exhaustion,2,BiLSTM,0.9940119760479043,22950,5681
32,slot-exhaustion,2,CNN-LSTM,0.9952153110047847,22950,5681
32,slot-exhaustion,2,TCN,0.9934406678592725,22950,5681
32,slot-exhaustion,2,Transformer,0.9970149253731343,22950,5681
32,slot-exhaustion,3,LR,0.9989059080962801,22854,5777
32,slot-exhaustion,3,RF,0.9961811238406982,22854,5777
32,slot-exhaustion,3,1D-CNN,0.9928453494771602,22854,5777
32,slot-exhaustion,3,LSTM,0.9934210526315789,22854,5777
32,slot-exhaustion,3,GRU,0.9939527212754261,22854,5777
32,slot-exhaustion,3,BiLSTM,0.9737283398546673,22854,5777
32,slot-exhaustion,3,CNN-LSTM,0.9961643835616438,22854,5777
32,slot-exhaustion,3,TCN,0.9922907488986785,22854,5777
32,slot-exhaustion,3,Transformer,0.9989059080962801,22854,5777
32,slot-exhaustion,4,LR,0.9985795454545454,22760,5871
32,slot-exhaustion,4,RF,0.9985795454545454,22760,5871
32,slot-exhaustion,4,1D-CNN,0.9971550497866287,22760,5871
32,slot-exhaustion,4,LSTM,0.9942938659058488,22760,5871
32,slot-exhaustion,4,GRU,0.9950177935943061,22760,5871
32,slot-exhaustion,4,BiLSTM,0.9942938659058488,22760,5871
32,slot-exhaustion,4,CNN-LSTM,0.9929178470254958,22760,5871
32,slot-exhaustion,4,TCN,0.9971550497866287,22760,5871
32,slot-exhaustion,4,Transformer,0.9985795454545454,22760,5871
32,timekeep,0,LR,0.49251004749725974,22679,5720
32,timekeep,0,RF,0.5602795573675016,22679,5720
32,timekeep,0,1D-CNN,0.8373893805309734,22679,5720
32,timekeep,0,LSTM,0.8819250139899272,22679,5720
32,timekeep,0,GRU,0.9174418604651162,22679,5720
32,timekeep,0,BiLSTM,0.8627218934911242,22679,5720
32,timekeep,0,CNN-LSTM,0.8297988036976618,22679,5720
32,timekeep,0,TCN,0.8399348887683125,22679,5720
32,timekeep,0,Transformer,0.8522601984564498,22679,5720
32,timekeep,1,LR,0.3604597701149425,22773,5626
32,timekeep,1,RF,0.2806520198440822,22773,5626
32,timekeep,1,1D-CNN,0.7266828872668288,22773,5626
32,timekeep,1,LSTM,0.8279835390946503,22773,5626
32,timekeep,1,GRU,0.93598233995585,22773,5626
32,timekeep,1,BiLSTM,0.7535545023696683,22773,5626
32,timekeep,1,CNN-LSTM,0.800658978583196,22773,5626
32,timekeep,1,TCN,0.7237615449202353,22773,5626
32,timekeep,1,Transformer,0.5820105820105821,22773,5626
32,timekeep,2,LR,0.4071677451468392,22742,5657
32,timekeep,2,RF,0.30677587490692476,22742,5657
32,timekeep,2,1D-CNN,0.8667820069204152,22742,5657
32,timekeep,2,LSTM,0.9170464904284412,22742,5657
32,timekeep,2,GRU,0.9492753623188407,22742,5657
32,timekeep,2,BiLSTM,0.8346613545816733,22742,5657
32,timekeep,2,CNN-LSTM,0.9311246730601569,22742,5657
32,timekeep,2,TCN,0.8995305164319248,22742,5657
32,timekeep,2,Transformer,0.8090671316477769,22742,5657
32,timekeep,3,LR,0.3843017329255861,22800,5599
32,timekeep,3,RF,0.3776768332251784,22800,5599
32,timekeep,3,1D-CNN,0.7495711835334476,22800,5599
32,timekeep,3,LSTM,0.7713787085514835,22800,5599
32,timekeep,3,GRU,0.744954128440367,22800,5599
32,timekeep,3,BiLSTM,0.7421383647798743,22800,5599
32,timekeep,3,CNN-LSTM,0.7337602927721867,22800,5599
32,timekeep,3,TCN,0.7106690777576853,22800,5599
32,timekeep,3,Transformer,0.737471952131638,22800,5599
32,timekeep,4,LR,0.5848354792560801,22602,5797
32,timekeep,4,RF,0.32468145351580935,22602,5797
32,timekeep,4,1D-CNN,0.8671439936356404,22602,5797
32,timekeep,4,LSTM,0.8448275862068966,22602,5797
32,timekeep,4,GRU,0.880952380952381,22602,5797
32,timekeep,4,BiLSTM,0.86582894203486,22602,5797
32,timekeep,4,CNN-LSTM,0.7994869602394186,22602,5797
32,timekeep,4,TCN,0.8541176470588235,22602,5797
32,timekeep,4,Transformer,0.8400785854616896,22602,5797
64,blackhole,0,LR,0.29577464788732394,13317,3371
64,blackhole,0,RF,0.26419213973799127,13317,3371
64,blackhole,0,1D-CNN,0.7151956323930847,13317,3371
64,blackhole,0,LSTM,0.7254545454545455,13317,3371
64,blackhole,0,GRU,0.7093333333333335,13317,3371
64,blackhole,0,BiLSTM,0.7766599597585514,13317,3371
64,blackhole,0,CNN-LSTM,0.700614574187884,13317,3371
64,blackhole,0,TCN,0.698181818181818,13317,3371
64,blackhole,0,Transformer,0.723404255319149,13317,3371
64,blackhole,1,LR,0.276595744680851,13694,2994
64,blackhole,1,RF,0.4027777777777778,13694,2994
64,blackhole,1,1D-CNN,0.77116704805492,13694,2994
64,blackhole,1,LSTM,0.6221248630887185,13694,2994
64,blackhole,1,GRU,0.6960167714884695,13694,2994
64,blackhole,1,BiLSTM,0.7321814254859611,13694,2994
64,blackhole,1,CNN-LSTM,0.63671875,13694,2994
64,blackhole,1,TCN,0.723404255319149,13694,2994
64,blackhole,1,Transformer,0.7560137457044673,13694,2994
64,blackhole,2,LR,0.49092849519743864,13303,3385
64,blackhole,2,RF,0.4038709677419354,13303,3385
64,blackhole,2,1D-CNN,0.7520091848450058,13303,3385
64,blackhole,2,LSTM,0.8095854922279793,13303,3385
64,blackhole,2,GRU,0.8795411089866156,13303,3385
64,blackhole,2,BiLSTM,0.760548523206751,13303,3385
64,blackhole,2,CNN-LSTM,0.8227383863080685,13303,3385
64,blackhole,2,TCN,0.7361524717093507,13303,3385
64,blackhole,2,Transformer,0.8043217286914767,13303,3385
64,blackhole,3,LR,0.3961538461538462,13454,3234
64,blackhole,3,RF,0.34698521046643915,13454,3234
64,blackhole,3,1D-CNN,0.7633928571428573,13454,3234
64,blackhole,3,LSTM,0.7173169062286106,13454,3234
64,blackhole,3,GRU,0.7835497835497837,13454,3234
64,blackhole,3,BiLSTM,0.7925093632958801,13454,3234
64,blackhole,3,CNN-LSTM,0.8398406374501992,13454,3234
64,blackhole,3,TCN,0.7439471753484959,13454,3234
64,blackhole,3,Transformer,0.74294670846395,13454,3234
64,blackhole,4,LR,0.3047001620745543,12984,3704
64,blackhole,4,RF,0.18445896877269427,12984,3704
64,blackhole,4,1D-CNN,0.5748633879781421,12984,3704
64,blackhole,4,LSTM,0.5829787234042554,12984,3704
64,blackhole,4,GRU,0.5906040268456376,12984,3704
64,blackhole,4,BiLSTM,0.6404624277456648,12984,3704
64,blackhole,4,CNN-LSTM,0.6013363028953229,12984,3704
64,blackhole,4,TCN,0.5325077399380803,12984,3704
64,blackhole,4,Transformer,0.5501551189245087,12984,3704
64,decrease,0,LR,0.6705258080077182,21166,5299
64,decrease,0,RF,1.0,21166,5299
64,decrease,0,1D-CNN,0.7663209273947529,21166,5299
64,decrease,0,LSTM,0.6766917293233082,21166,5299
64,decrease,0,GRU,0.676872607982504,21166,5299
64,decrease,0,BiLSTM,0.7044093630919978,21166,5299
64,decrease,0,CNN-LSTM,0.6623049823855057,21166,5299
64,decrease,0,TCN,0.6887182516243355,21166,5299
64,decrease,0,Transformer,0.8081534772182255,21166,5299
64,decrease,1,LR,0.9955277280858675,21256,5209
64,decrease,1,RF,0.993688007213706,21256,5209
64,decrease,1,1D-CNN,0.9408424041646948,21256,5209
64,decrease,1,LSTM,0.9133171912832929,21256,5209
64,decrease,1,GRU,0.9280920421860019,21256,5209
64,decrease,1,BiLSTM,0.9416785206258891,21256,5209
64,decrease,1,CNN-LSTM,0.9281609195402298,21256,5209
64,decrease,1,TCN,0.9135082604470358,21256,5209
64,decrease,1,Transformer,0.9279538904899135,21256,5209
64,decrease,2,LR,0.8871595330739299,21053,5412
64,decrease,2,RF,1.0,21053,5412
64,decrease,2,1D-CNN,0.8513030148185999,21053,5412
64,decrease,2,LSTM,0.8515665125834617,21053,5412
64,decrease,2,GRU,0.8124330117899249,21053,5412
64,decrease,2,BiLSTM,0.8505154639175257,21053,5412
64,decrease,2,CNN-LSTM,0.8496932515337422,21053,5412
64,decrease,2,TCN,0.8505392912172572,21053,5412
64,decrease,2,Transformer,0.8141202426916713,21053,5412
64,decrease,3,LR,0.9588550983899821,21188,5277
64,decrease,3,RF,1.0,21188,5277
64,decrease,3,1D-CNN,0.8959156785243741,21188,5277
64,decrease,3,LSTM,0.9045751633986928,21188,5277
64,decrease,3,GRU,0.8976377952755906,21188,5277
64,decrease,3,BiLSTM,0.8616010854816823,21188,5277
64,decrease,3,CNN-LSTM,0.8973684210526316,21188,5277
64,decrease,3,TCN,0.9088541666666667,21188,5277
64,decrease,3,Transformer,0.9109811565951916,21188,5277
64,decrease,4,LR,0.71284046692607,21197,5268
64,decrease,4,RF,0.9990029910269193,21197,5268
64,decrease,4,1D-CNN,0.5778853914447135,21197,5268
64,decrease,4,LSTM,0.5224232887490164,21197,5268
64,decrease,4,GRU,0.6630944407233759,21197,5268
64,decrease,4,BiLSTM,0.5442922374429223,21197,5268
64,decrease,4,CNN-LSTM,0.48842777334397447,21197,5268
64,decrease,4,TCN,0.5591739475774423,21197,5268
64,decrease,4,Transformer,0.40449438202247184,21197,5268
64,dis,0,LR,0.9813486370157818,21258,5257
64,dis,0,RF,0.9891696750902527,21258,5257
64,dis,0,1D-CNN,0.992080633549316,21258,5257
64,dis,0,LSTM,0.9676470588235293,21258,5257
64,dis,0,GRU,0.9822064056939502,21258,5257
64,dis,0,BiLSTM,0.969208211143695,21258,5257
64,dis,0,CNN-LSTM,0.9841040462427746,21258,5257
64,dis,0,TCN,0.9906542056074766,21258,5257
64,dis,0,Transformer,0.9920920201294032,21258,5257
64,dis,1,LR,0.9910233393177738,21244,5271
64,dis,1,RF,0.9910071942446044,21244,5271
64,dis,1,1D-CNN,0.9667250437828371,21244,5271
64,dis,1,LSTM,0.9919571045576406,21244,5271
64,dis,1,GRU,0.9937219730941704,21244,5271
64,dis,1,BiLSTM,0.9928443649373883,21244,5271
64,dis,1,CNN-LSTM,0.9919571045576406,21244,5271
64,dis,1,TCN,0.9901345291479821,21244,5271
64,dis,1,Transformer,0.9634369287020109,21244,5271
64,dis,2,LR,0.9849306811332127,21233,5282
64,dis,2,RF,0.9872804360993337,21233,5282
64,dis,2,1D-CNN,0.9719169719169719,21233,5282
64,dis,2,LSTM,0.9878934624697336,21233,5282
64,dis,2,GRU,0.9660284126003706,21233,5282
64,dis,2,BiLSTM,0.9647495361781075,21233,5282
64,dis,2,CNN-LSTM,0.972341733251383,21233,5282
64,dis,2,TCN,0.9699570815450644,21233,5282
64,dis,2,Transformer,0.9266457680250784,21233,5282
64,dis,3,LR,0.985632183908046,21144,5371
64,dis,3,RF,0.9848156182212581,21144,5371
64,dis,3,1D-CNN,0.9790915645277578,21144,5371
64,dis,3,LSTM,0.9892008639308856,21144,5371
64,dis,3,GRU,0.9921033740129217,21144,5371
64,dis,3,BiLSTM,0.9892627057981389,21144,5371
64,dis,3,CNN-LSTM,0.989971346704871,21144,5371
64,dis,3,TCN,0.9871611982881597,21144,5371
64,dis,3,Transformer,0.9572649572649574,21144,5371
64,dis,4,LR,0.9896296296296295,21181,5334
64,dis,4,RF,0.9880507841672891,21181,5334
64,dis,4,1D-CNN,0.9910714285714286,21181,5334
64,dis,4,LSTM,0.9884801189149015,21181,5334
64,dis,4,GRU,0.9933184855233852,21181,5334
64,dis,4,BiLSTM,0.9933135215453195,21181,5334
64,dis,4,CNN-LSTM,0.9936967000370783,21181,5334
64,dis,4,TCN,0.9888309754281459,21181,5334
64,dis,4,Transformer,0.9748816891153986,21181,5334
64,flooding,0,LR,0.9988221436984689,21108,5342
64,flooding,0,RF,1.0,21108,5342
64,flooding,0,1D-CNN,1.0,21108,5342
64,flooding,0,LSTM,0.9988221436984689,21108,5342
64,flooding,0,GRU,0.9953051643192488,21108,5342
64,flooding,0,BiLSTM,0.9988249118683901,21108,5342
64,flooding,0,CNN-LSTM,0.9988249118683901,21108,5342
64,flooding,0,TCN,1.0,21108,5342
64,flooding,0,Transformer,1.0,21108,5342
64,flooding,1,LR,1.0,21281,5169
64,flooding,1,RF,0.9992800575953923,21281,5169
64,flooding,1,1D-CNN,0.9971098265895955,21281,5169
64,flooding,1,LSTM,0.9963846710050615,21281,5169
64,flooding,1,GRU,0.9971098265895955,21281,5169
64,flooding,1,BiLSTM,0.9971098265895955,21281,5169
64,flooding,1,CNN-LSTM,0.9971098265895955,21281,5169
64,flooding,1,TCN,0.9949604031677466,21281,5169
64,flooding,1,Transformer,0.994269340974212,21281,5169
64,flooding,2,LR,0.9993935718617344,21224,5226
64,flooding,2,RF,0.9987878787878788,21224,5226
64,flooding,2,1D-CNN,0.9987864077669902,21224,5226
64,flooding,2,LSTM,0.9963547995139732,21224,5226
64,flooding,2,GRU,0.9975728155339806,21224,5226
64,flooding,2,BiLSTM,0.9981785063752276,21224,5226
64,flooding,2,CNN-LSTM,0.998180715585203,21224,5226
64,flooding,2,TCN,0.9987864077669902,21224,5226
64,flooding,2,Transformer,0.9981829194427619,21224,5226
64,flooding,3,LR,0.9989733059548256,21239,5211
64,flooding,3,RF,0.9994869163673679,21239,5211
64,flooding,3,1D-CNN,0.9984591679506933,21239,5211
64,flooding,3,LSTM,0.9974293059125964,21239,5211
64,flooding,3,GRU,0.9974293059125964,21239,5211
64,flooding,3,BiLSTM,0.9974293059125964,21239,5211
64,flooding,3,CNN-LSTM,0.9989733059548256,21239,5211
64,flooding,3,TCN,0.9989733059548256,21239,5211
64,flooding,3,Transformer,0.9948822927328557,21239,5211
64,flooding,4,LR,0.9988137603795968,20948,5502
64,flooding,4,RF,0.9992094861660079,20948,5502
64,flooding,4,1D-CNN,0.9976265822784811,20948,5502
64,flooding,4,LSTM,0.9968304278922345,20948,5502
64,flooding,4,GRU,0.9972277227722772,20948,5502
64,flooding,4,BiLSTM,0.9972277227722772,20948,5502
64,flooding,4,CNN-LSTM,0.9960474308300395,20948,5502
64,flooding,4,TCN,0.9968379446640316,20948,5502
64,flooding,4,Transformer,0.9992094861660079,20948,5502
64,shared-slot,0,LR,0.08175182481751825,20129,4680
64,shared-slot,0,RF,0.1643835616438356,20129,4680
64,shared-slot,0,1D-CNN,0.17725258493353027,20129,4680
64,shared-slot,0,LSTM,0.1440922190201729,20129,4680
64,shared-slot,0,GRU,0.22971741112123972,20129,4680
64,shared-slot,0,BiLSTM,0.10772833723653397,20129,4680
64,shared-slot,0,CNN-LSTM,0.055232558139534885,20129,4680
64,shared-slot,0,TCN,0.08118081180811809,20129,4680
64,shared-slot,0,Transformer,0.13202933985330076,20129,4680
64,shared-slot,1,LR,0.1588089330024814,19990,4819
64,shared-slot,1,RF,0.18538324420677363,19990,4819
64,shared-slot,1,1D-CNN,0.19448476052249639,19990,4819
64,shared-slot,1,LSTM,0.2154828411811652,19990,4819
64,shared-slot,1,GRU,0.25515463917525777,19990,4819
64,shared-slot,1,BiLSTM,0.13183730715287517,19990,4819
64,shared-slot,1,CNN-LSTM,0.30166503428011754,19990,4819
64,shared-slot,1,TCN,0.14891611687087655,19990,4819
64,shared-slot,1,Transformer,0.09398496240601505,19990,4819
64,shared-slot,2,LR,0.04921394395078605,19733,5076
64,shared-slot,2,RF,0.07266121707538602,19733,5076
64,shared-slot,2,1D-CNN,0.2850877192982456,19733,5076
64,shared-slot,2,LSTM,0.05555555555555556,19733,5076
64,shared-slot,2,GRU,0.1432791728212703,19733,5076
64,shared-slot,2,BiLSTM,0.1257606490872211,19733,5076
64,shared-slot,2,CNN-LSTM,0.1921259842519685,19733,5076
64,shared-slot,2,TCN,0.13206046141607,19733,5076
64,shared-slot,2,Transformer,0.12362030905077262,19733,5076
64,shared-slot,3,LR,0.13266696955929122,19644,5165
64,shared-slot,3,RF,0.18789144050104384,19644,5165
64,shared-slot,3,1D-CNN,0.28975853455453787,19644,5165
64,shared-slot,3,LSTM,0.16472114137483787,19644,5165
64,shared-slot,3,GRU,0.20882852292020374,19644,5165
64,shared-slot,3,BiLSTM,0.24521072796934865,19644,5165
64,shared-slot,3,CNN-LSTM,0.208955223880597,19644,5165
64,shared-slot,3,TCN,0.37985865724381634,19644,5165
64,shared-slot,3,Transformer,0.1804123711340206,19644,5165
64,shared-slot,4,LR,0.06534823731728288,19740,5069
64,shared-slot,4,RF,0.14583333333333331,19740,5069
64,shared-slot,4,1D-CNN,0.2270742358078603,19740,5069
64,shared-slot,4,LSTM,0.15192743764172337,19740,5069
64,shared-slot,4,GRU,0.13898305084745763,19740,5069
64,shared-slot,4,BiLSTM,0.04063604240282685,19740,5069
64,shared-slot,4,CNN-LSTM,0.20760534429599178,19740,5069
64,shared-slot,4,TCN,0.13762486126526083,19740,5069
64,shared-slot,4,Transformer,0.2127371273712737,19740,5069
64,slot-exhaustion,0,LR,0.9988412514484357,21146,5085
64,slot-exhaustion,0,RF,1.0,21146,5085
64,slot-exhaustion,0,1D-CNN,0.9941927990708478,21146,5085
64,slot-exhaustion,0,LSTM,0.9872832369942195,21146,5085
64,slot-exhaustion,0,GRU,0.9884259259259259,21146,5085
64,slot-exhaustion,0,BiLSTM,0.9815668202764978,21146,5085
64,slot-exhaustion,0,CNN-LSTM,0.9801169590643275,21146,5085
64,slot-exhaustion,0,TCN,0.9585666293393057,21146,5085
64,slot-exhaustion,0,Transformer,0.9976798143851509,21146,5085
64,slot-exhaustion,1,LR,0.9980806142034548,21053,5178
64,slot-exhaustion,1,RF,0.9985597695631301,21053,5178
64,slot-exhaustion,1,1D-CNN,0.9932950191570882,21053,5178
64,slot-exhaustion,1,LSTM,0.9951876804619827,21053,5178
64,slot-exhaustion,1,GRU,0.9951876804619827,21053,5178
64,slot-exhaustion,1,BiLSTM,0.9947038998555608,21053,5178
64,slot-exhaustion,1,CNN-LSTM,0.9961501443695862,21053,5178
64,slot-exhaustion,1,TCN,0.9947191550648105,21053,5178
64,slot-exhaustion,1,Transformer,0.9985597695631301,21053,5178
64,slot-exhaustion,2,LR,0.9970326409495549,20985,5246
64,slot-exhaustion,2,RF,0.9535603715170279,20985,5246
64,slot-exhaustion,2,1D-CNN,0.9928486293206198,20985,5246
64,slot-exhaustion,2,LSTM,0.9928486293206198,20985,5246
64,slot-exhaustion,2,GRU,0.9928486293206198,20985,5246
64,slot-exhaustion,2,BiLSTM,0.9928486293206198,20985,5246
64,slot-exhaustion,2,CNN-LSTM,0.9934484812388327,20985,5246
64,slot-exhaustion,2,TCN,0.9946460440214159,20985,5246
64,slot-exhaustion,2,Transformer,0.9970326409495549,20985,5246
64,slot-exhaustion,3,LR,0.9982195845697329,20767,5464
64,slot-exhaustion,3,RF,0.9964454976303317,20767,5464
64,slot-exhaustion,3,1D-CNN,0.9976190476190476,20767,5464
64,slot-exhaustion,3,LSTM,0.9928909952606635,20767,5464
64,slot-exhaustion,3,GRU,0.9952267303102625,20767,5464
64,slot-exhaustion,3,BiLSTM,0.9946524064171122,20767,5464
64,slot-exhaustion,3,CNN-LSTM,0.995840760546643,20767,5464
64,slot-exhaustion,3,TCN,0.9982153480071385,20767,5464
64,slot-exhaustion,3,Transformer,0.9994058229352347,20767,5464
64,slot-exhaustion,4,LR,0.9981191222570532,20973,5258
64,slot-exhaustion,4,RF,0.9981191222570532,20973,5258
64,slot-exhaustion,4,1D-CNN,0.9956002514142049,20973,5258
64,slot-exhaustion,4,LSTM,0.9937027707808564,20973,5258
64,slot-exhaustion,4,GRU,0.9949685534591194,20973,5258
64,slot-exhaustion,4,BiLSTM,0.9949685534591194,20973,5258
64,slot-exhaustion,4,CNN-LSTM,0.9956057752667922,20973,5258
64,slot-exhaustion,4,TCN,0.9949685534591194,20973,5258
64,slot-exhaustion,4,Transformer,0.9981191222570532,20973,5258
64,timekeep,0,LR,0.5007575757575757,20764,5251
64,timekeep,0,RF,0.5971128608923885,20764,5251
64,timekeep,0,1D-CNN,0.8553846153846154,20764,5251
64,timekeep,0,LSTM,0.8328611898016997,20764,5251
64,timekeep,0,GRU,0.9264978381717108,20764,5251
64,timekeep,0,BiLSTM,0.9109826589595376,20764,5251
64,timekeep,0,CNN-LSTM,0.8788405797101451,20764,5251
64,timekeep,0,TCN,0.8683151236342725,20764,5251
64,timekeep,0,Transformer,0.842165242165242,20764,5251
64,timekeep,1,LR,0.4152114862242918,20616,5399
64,timekeep,1,RF,0.2920302501454334,20616,5399
64,timekeep,1,1D-CNN,0.7453416149068323,20616,5399
64,timekeep,1,LSTM,0.730251609128145,20616,5399
64,timekeep,1,GRU,0.7749077490774907,20616,5399
64,timekeep,1,BiLSTM,0.8279506752789195,20616,5399
64,timekeep,1,CNN-LSTM,0.6895657809462088,20616,5399
64,timekeep,1,TCN,0.5870307167235496,20616,5399
64,timekeep,1,Transformer,0.7743362831858407,20616,5399
64,timekeep,2,LR,0.508994708994709,21056,4959
64,timekeep,2,RF,0.49674902470741217,21056,4959
64,timekeep,2,1D-CNN,0.7843426883308715,21056,4959
64,timekeep,2,LSTM,0.7960618846694797,21056,4959
64,timekeep,2,GRU,0.8771466314398944,21056,4959
64,timekeep,2,BiLSTM,0.8080808080808082,21056,4959
64,timekeep,2,CNN-LSTM,0.7938371239911959,21056,4959
64,timekeep,2,TCN,0.7374830852503383,21056,4959
64,timekeep,2,Transformer,0.8165517241379311,21056,4959
64,timekeep,3,LR,0.3507795100222717,20856,5159
64,timekeep,3,RF,0.23344370860927152,20856,5159
64,timekeep,3,1D-CNN,0.7060133630289532,20856,5159
64,timekeep,3,LSTM,0.651219512195122,20856,5159
64,timekeep,3,GRU,0.9495192307692307,20856,5159
64,timekeep,3,BiLSTM,0.8365714285714286,20856,5159
64,timekeep,3,CNN-LSTM,0.7682119205298014,20856,5159
64,timekeep,3,TCN,0.68937875751503,20856,5159
64,timekeep,3,Transformer,0.6545039908779932,20856,5159
64,timekeep,4,LR,0.5995068686157098,20768,5247
64,timekeep,4,RF,0.4995150339476236,20768,5247
64,timekeep,4,1D-CNN,0.9543193125282678,20768,5247
64,timekeep,4,LSTM,0.9639084507042255,20768,5247
64,timekeep,4,GRU,0.9848484848484849,20768,5247
64,timekeep,4,BiLSTM,0.9815564552406658,20768,5247
64,timekeep,4,CNN-LSTM,0.9812164579606439,20768,5247
64,timekeep,4,TCN,0.9570835256114444,20768,5247
64,timekeep,4,Transformer,0.938134810710988,20768,5247
