W,attack,fold,model,params,serialized_bytes,train_s,infer_s,n_test
16,blackhole,0,LR,,856,0.022399425506591797,0.00041365623474121094,4470
16,blackhole,0,RF,,2035252,0.2279818058013916,0.023438453674316406,4470
16,blackhole,0,GBoost,,128889,2.104032516479492,0.0018506050109863281,4470
16,blackhole,0,XGBoost,,151636,0.05695748329162598,0.001222848892211914,4470
16,blackhole,0,LightGBM,,348864,0.07831573486328125,0.0024001598358154297,4470
16,blackhole,0,DT,,15777,0.05620837211608887,0.00030994415283203125,4470
16,blackhole,0,SVM,,939912,2.7590363025665283,0.9963207244873047,4470
16,blackhole,0,kNN,,1191149,0.0012156963348388672,0.11759495735168457,4470
16,blackhole,0,MLP,,24828,11.029195547103882,0.0013921260833740234,4470
16,blackhole,0,NB,,1127,0.004862546920776367,0.0011429786682128906,4470
16,blackhole,0,1D-CNN,9505.0,41164,1.6637108325958252,0.015712499618530273,4470
16,blackhole,0,LSTM,12913.0,54673,1.3521993160247803,0.012680292129516602,4470
16,blackhole,0,GRU,9697.0,41855,3.2195804119110107,0.02235126495361328,4470
16,blackhole,0,BiLSTM,25825.0,107698,2.698079824447632,0.036363840103149414,4470
16,blackhole,0,CNN-LSTM,21361.0,89484,2.058213710784912,0.020319461822509766,4470
16,blackhole,0,TCN,16465.0,69795,1.6032259464263916,0.01626276969909668,4470
16,blackhole,0,Transformer,38833.0,168425,14.684550762176514,0.07576370239257812,4470
16,blackhole,1,LR,,856,0.03663325309753418,0.0003294944763183594,3614
16,blackhole,1,RF,,1921284,0.24163460731506348,0.022902488708496094,3614
16,blackhole,1,GBoost,,129033,2.2269723415374756,0.0016705989837646484,3614
16,blackhole,1,XGBoost,,150956,0.044600486755371094,0.0010852813720703125,3614
16,blackhole,1,LightGBM,,348742,0.08023667335510254,0.002173185348510742,3614
16,blackhole,1,DT,,11777,0.059175729751586914,0.00030684471130371094,3614
16,blackhole,1,SVM,,954264,2.9721579551696777,0.7437455654144287,3614
16,blackhole,1,kNN,,1256205,0.0010724067687988281,0.07514142990112305,3614
16,blackhole,1,MLP,,24828,11.605441093444824,0.0034172534942626953,3614
16,blackhole,1,NB,,1127,0.005311250686645508,0.0008337497711181641,3614
16,blackhole,1,1D-CNN,9505.0,41164,1.191892147064209,0.008149862289428711,3614
16,blackhole,1,LSTM,12913.0,54686,1.4344377517700195,0.008912801742553711,3614
16,blackhole,1,GRU,9697.0,41855,4.024100065231323,0.020580768585205078,3614
16,blackhole,1,BiLSTM,25825.0,107698,3.2311928272247314,0.02548360824584961,3614
16,blackhole,1,CNN-LSTM,21361.0,89484,2.3598461151123047,0.016199827194213867,3614
16,blackhole,1,TCN,16465.0,69795,1.7572028636932373,0.013032913208007812,3614
16,blackhole,1,Transformer,38833.0,168425,15.836115837097168,0.04899120330810547,3614
16,blackhole,2,LR,,856,0.03154635429382324,0.00036454200744628906,4213
16,blackhole,2,RF,,2072879,0.21637868881225586,0.023085355758666992,4213
16,blackhole,2,GBoost,,129321,2.1481993198394775,0.0021011829376220703,4213
16,blackhole,2,XGBoost,,151228,0.388308048248291,0.023537158966064453,4213
16,blackhole,2,LightGBM,,348738,0.0677025318145752,0.00235748291015625,4213
16,blackhole,2,DT,,18497,0.0534970760345459,0.0004260540008544922,4213
16,blackhole,2,SVM,,962532,2.92948579788208,0.8728351593017578,4213
16,blackhole,2,kNN,,1210681,0.0012440681457519531,0.08973407745361328,4213
16,blackhole,2,MLP,,24829,12.224396228790283,0.0012767314910888672,4213
16,blackhole,2,NB,,1127,0.003734588623046875,0.0008230209350585938,4213
16,blackhole,2,1D-CNN,9505.0,41164,1.2322018146514893,0.0102386474609375,4213
16,blackhole,2,LSTM,12913.0,54686,1.4105594158172607,0.012441635131835938,4213
16,blackhole,2,GRU,9697.0,41855,3.497127056121826,0.018631458282470703,4213
16,blackhole,2,BiLSTM,25825.0,107719,2.8663623332977295,0.030913829803466797,4213
16,blackhole,2,CNN-LSTM,21361.0,89484,2.191314220428467,0.018406391143798828,4213
16,blackhole,2,TCN,16465.0,69795,1.5814568996429443,0.01568007469177246,4213
16,blackhole,2,Transformer,38833.0,168425,14.336377620697021,0.06644177436828613,4213
16,blackhole,3,LR,,856,0.026323556900024414,0.00030112266540527344,3817
16,blackhole,3,RF,,1790211,0.2232816219329834,0.02309131622314453,3817
16,blackhole,3,GBoost,,130185,2.2188732624053955,0.0017211437225341797,3817
16,blackhole,3,XGBoost,,153880,0.04418301582336426,0.0011494159698486328,3817
16,blackhole,3,LightGBM,,349081,0.07358813285827637,0.0023806095123291016,3817
16,blackhole,3,DT,,10817,0.05889725685119629,0.0004105567932128906,3817
16,blackhole,3,SVM,,940068,2.923211097717285,0.7703878879547119,3817
16,blackhole,3,kNN,,1240777,0.0010485649108886719,0.09082293510437012,3817
16,blackhole,3,MLP,,24829,11.401768445968628,0.0011792182922363281,3817
16,blackhole,3,NB,,1127,0.004823923110961914,0.0008378028869628906,3817
16,blackhole,3,1D-CNN,9505.0,41164,1.1963119506835938,0.009372234344482422,3817
16,blackhole,3,LSTM,12913.0,54699,1.420686960220337,0.011494159698486328,3817
16,blackhole,3,GRU,9697.0,41855,3.819810390472412,0.016681909561157227,3817
16,blackhole,3,BiLSTM,25825.0,107778,2.8131918907165527,0.02793574333190918,3817
16,blackhole,3,CNN-LSTM,21361.0,89484,2.2035436630249023,0.017900466918945312,3817
16,blackhole,3,TCN,16465.0,69795,1.7296147346496582,0.01367044448852539,3817
16,blackhole,3,Transformer,38833.0,168425,14.281555891036987,0.06112957000732422,3817
16,blackhole,4,LR,,856,0.029678821563720703,0.0003705024719238281,4020
16,blackhole,4,RF,,2027738,0.22979402542114258,0.02299976348876953,4020
16,blackhole,4,GBoost,,130329,2.1794960498809814,0.001722097396850586,4020
16,blackhole,4,XGBoost,,154288,0.039391517639160156,0.0011355876922607422,4020
16,blackhole,4,LightGBM,,348006,0.07584285736083984,0.0028333663940429688,4020
16,blackhole,4,DT,,15137,0.057143449783325195,0.0002617835998535156,4020
16,blackhole,4,SVM,,1028832,3.1018426418304443,0.8878457546234131,4020
16,blackhole,4,kNN,,1225349,0.0009300708770751953,0.08905649185180664,4020
16,blackhole,4,MLP,,24829,11.011905193328857,0.0012714862823486328,4020
16,blackhole,4,NB,,1127,0.003724813461303711,0.0007889270782470703,4020
16,blackhole,4,1D-CNN,9505.0,41164,1.2235908508300781,0.01025843620300293,4020
16,blackhole,4,LSTM,12913.0,54686,1.420919418334961,0.01177668571472168,4020
16,blackhole,4,GRU,9697.0,41855,3.1922390460968018,0.019449472427368164,4020
16,blackhole,4,BiLSTM,25825.0,107757,2.7367095947265625,0.030199050903320312,4020
16,blackhole,4,CNN-LSTM,21361.0,89484,3.04504132270813,0.01884317398071289,4020
16,blackhole,4,TCN,16465.0,69795,1.624922752380371,0.014131546020507812,4020
16,blackhole,4,Transformer,38833.0,168425,14.434335470199585,0.05851340293884277,4020
16,decrease,0,LR,,856,0.12160801887512207,0.0005950927734375,5943
16,decrease,0,RF,,649835,0.22158217430114746,0.02310013771057129,5943
16,decrease,0,GBoost,,122697,2.808631181716919,0.002607583999633789,5943
16,decrease,0,XGBoost,,88651,0.04923295974731445,0.001178741455078125,5943
16,decrease,0,LightGBM,,357022,0.0688321590423584,0.0025696754455566406,5943
16,decrease,0,DT,,2977,0.034715890884399414,0.0004420280456542969,5943
16,decrease,0,SVM,,155067,0.6294348239898682,0.1949481964111328,5943
16,decrease,0,kNN,,1833957,0.0010726451873779297,0.15111398696899414,5943
16,decrease,0,MLP,,20514,4.163277626037598,0.0017821788787841797,5943
16,decrease,0,NB,,1127,0.006284475326538086,0.001398324966430664,5943
16,decrease,0,1D-CNN,9505.0,41164,1.8565170764923096,0.014813661575317383,5943
16,decrease,0,LSTM,12913.0,54697,2.179248094558716,0.017302274703979492,5943
16,decrease,0,GRU,9697.0,41855,6.1642560958862305,0.03240847587585449,5943
16,decrease,0,BiLSTM,25825.0,107736,4.210915803909302,0.04760146141052246,5943
16,decrease,0,CNN-LSTM,21361.0,89484,3.2273435592651367,0.027241945266723633,5943
16,decrease,0,TCN,16465.0,69795,2.509530782699585,0.021726131439208984,5943
16,decrease,0,Transformer,38833.0,168425,22.259296894073486,0.13152384757995605,5943
16,decrease,1,LR,,856,0.049918174743652344,0.0005223751068115234,6093
16,decrease,1,RF,,652718,0.21930360794067383,0.022957801818847656,6093
16,decrease,1,GBoost,,122985,2.8776655197143555,0.0031478404998779297,6093
16,decrease,1,XGBoost,,88379,0.04394888877868652,0.005353689193725586,6093
16,decrease,1,LightGBM,,360688,0.07413172721862793,0.002680063247680664,6093
16,decrease,1,DT,,2977,0.034929752349853516,0.000553131103515625,6093
16,decrease,1,SVM,,195783,0.8237526416778564,0.25334787368774414,6093
16,decrease,1,kNN,,1822557,0.0013914108276367188,0.14719939231872559,6093
16,decrease,1,MLP,,20799,5.075998544692993,0.0016014575958251953,6093
16,decrease,1,NB,,1127,0.008376598358154297,0.0015192031860351562,6093
16,decrease,1,1D-CNN,9505.0,41164,1.8988347053527832,0.014578819274902344,6093
16,decrease,1,LSTM,12913.0,54708,2.2844765186309814,0.018901348114013672,6093
16,decrease,1,GRU,9697.0,41855,6.292797088623047,0.0790250301361084,6093
16,decrease,1,BiLSTM,25825.0,107736,6.026998996734619,0.07776284217834473,6093
16,decrease,1,CNN-LSTM,21361.0,89484,5.579233884811401,0.02915644645690918,6093
16,decrease,1,TCN,16465.0,69795,5.946939706802368,0.02315831184387207,6093
16,decrease,1,Transformer,38833.0,168425,22.477672338485718,0.12345671653747559,6093
16,decrease,2,LR,,856,0.04560446739196777,0.0005402565002441406,6035
16,decrease,2,RF,,838031,0.2204136848449707,0.023169994354248047,6035
16,decrease,2,GBoost,,122841,2.8721063137054443,0.002844572067260742,6035
16,decrease,2,XGBoost,,88854,0.03796052932739258,0.00116729736328125,6035
16,decrease,2,LightGBM,,360293,0.07143878936767578,0.002515554428100586,6035
16,decrease,2,DT,,2497,0.02810215950012207,0.00029468536376953125,6035
16,decrease,2,SVM,,191883,0.8044497966766357,0.24650144577026367,6035
16,decrease,2,kNN,,1826965,0.0013065338134765625,0.14715075492858887,6035
16,decrease,2,MLP,,20515,4.008471250534058,0.0016579627990722656,6035
16,decrease,2,NB,,1127,0.011154651641845703,0.0015239715576171875,6035
16,decrease,2,1D-CNN,9505.0,41164,1.6841614246368408,0.015097856521606445,6035
16,decrease,2,LSTM,12913.0,54708,2.1586008071899414,0.01782822608947754,6035
16,decrease,2,GRU,9697.0,41855,5.314093112945557,0.03211212158203125,6035
16,decrease,2,BiLSTM,25825.0,107717,4.226125955581665,0.05134177207946777,6035
16,decrease,2,CNN-LSTM,21361.0,89484,3.223203182220459,0.027544498443603516,6035
16,decrease,2,TCN,16465.0,69795,2.4983692169189453,0.023004770278930664,6035
16,decrease,2,Transformer,38833.0,168425,23.725558519363403,0.24444842338562012,6035
16,decrease,3,LR,,856,0.08295083045959473,0.0006513595581054688,6049
16,decrease,3,RF,,667918,0.3028676509857178,0.023155927658081055,6049
16,decrease,3,GBoost,,123705,2.8202102184295654,0.002656221389770508,6049
16,decrease,3,XGBoost,,88648,0.03554391860961914,0.00115203857421875,6049
16,decrease,3,LightGBM,,358298,0.07593584060668945,0.002776622772216797,6049
16,decrease,3,DT,,2817,0.034258365631103516,0.00039196014404296875,6049
16,decrease,3,SVM,,162243,0.6693744659423828,0.21715021133422852,6049
16,decrease,3,kNN,,1825901,0.0011029243469238281,0.14994382858276367,6049
16,decrease,3,MLP,,20229,3.4589972496032715,0.0016090869903564453,6049
16,decrease,3,NB,,1127,0.006348848342895508,0.007695436477661133,6049
16,decrease,3,1D-CNN,9505.0,41164,1.71038818359375,0.01580667495727539,6049
16,decrease,3,LSTM,12913.0,54708,2.223184585571289,0.017619848251342773,6049
16,decrease,3,GRU,9697.0,41855,5.2775092124938965,0.03167152404785156,6049
16,decrease,3,BiLSTM,25825.0,107778,4.212159633636475,0.04427814483642578,6049
16,decrease,3,CNN-LSTM,21361.0,89484,5.276639461517334,0.027621984481811523,6049
16,decrease,3,TCN,16465.0,69795,2.445753335952759,0.02228069305419922,6049
16,decrease,3,Transformer,38833.0,168425,21.810830116271973,0.12389326095581055,6049
16,decrease,4,LR,,856,0.04665994644165039,0.0005419254302978516,5945
16,decrease,4,RF,,761367,0.20874595642089844,0.023468494415283203,5945
16,decrease,4,GBoost,,82953,1.580251932144165,0.0018215179443359375,5945
16,decrease,4,XGBoost,,85373,0.03589224815368652,0.0011532306671142578,5945
16,decrease,4,LightGBM,,150638,0.060126304626464844,0.003462076187133789,5945
16,decrease,4,DT,,2497,0.02405071258544922,0.00031638145446777344,5945
16,decrease,4,SVM,,215595,0.9165334701538086,0.27214503288269043,5945
16,decrease,4,kNN,,1833805,0.0013818740844726562,0.1487412452697754,5945
16,decrease,4,MLP,,20629,4.24753212928772,0.0015544891357421875,5945
16,decrease,4,NB,,1127,0.007383108139038086,0.001306772232055664,5945
16,decrease,4,1D-CNN,9505.0,41164,1.6423683166503906,0.01465296745300293,5945
16,decrease,4,LSTM,12913.0,54697,2.129218578338623,0.019053936004638672,5945
16,decrease,4,GRU,9697.0,41855,5.2795491218566895,0.030804157257080078,5945
16,decrease,4,BiLSTM,25825.0,107759,4.288465976715088,0.047524213790893555,5945
16,decrease,4,CNN-LSTM,21361.0,89484,3.1904983520507812,0.0287168025970459,5945
16,decrease,4,TCN,16465.0,69795,2.4990718364715576,0.02099323272705078,5945
16,decrease,4,Transformer,38833.0,168425,22.279875993728638,0.10429692268371582,5945
16,dis,0,LR,,856,0.03871035575866699,0.0005307197570800781,6059
16,dis,0,RF,,1386124,0.24472713470458984,0.023073196411132812,6059
16,dis,0,GBoost,,123993,2.912449359893799,0.0026214122772216797,6059
16,dis,0,XGBoost,,136061,0.04371285438537598,0.0013453960418701172,6059
16,dis,0,LightGBM,,352390,0.067413330078125,0.002408266067504883,6059
16,dis,0,DT,,6497,0.06563186645507812,0.0003848075866699219,6059
16,dis,0,SVM,,190323,0.7915911674499512,0.24457979202270508,6059
16,dis,0,kNN,,1828941,0.0013136863708496094,0.15488648414611816,6059
16,dis,0,MLP,,20933,4.62181544303894,0.0018107891082763672,6059
16,dis,0,NB,,1127,0.006232738494873047,0.0013475418090820312,6059
16,dis,0,1D-CNN,9505.0,41164,1.7365608215332031,0.014109134674072266,6059
16,dis,0,LSTM,12913.0,54697,2.0691423416137695,0.021532297134399414,6059
16,dis,0,GRU,9697.0,41855,5.0954718589782715,0.03154468536376953,6059
16,dis,0,BiLSTM,25825.0,107759,4.071393251419067,0.05297088623046875,6059
16,dis,0,CNN-LSTM,21361.0,89484,3.118872880935669,0.03041386604309082,6059
16,dis,0,TCN,16465.0,69795,2.4426207542419434,0.021475553512573242,6059
16,dis,0,Transformer,38833.0,168425,21.94391107559204,0.12072181701660156,6059
16,dis,1,LR,,856,0.03708148002624512,0.0005388259887695312,6053
16,dis,1,RF,,1564907,0.23900771141052246,0.023068904876708984,6053
16,dis,1,GBoost,,121977,2.891918659210205,0.0027570724487304688,6053
16,dis,1,XGBoost,,130888,0.044504404067993164,0.0013594627380371094,6053
16,dis,1,LightGBM,,352441,0.06961989402770996,0.002481222152709961,6053
16,dis,1,DT,,7617,0.06427669525146484,0.0004010200500488281,6053
16,dis,1,SVM,,199683,0.8371102809906006,0.25728797912597656,6053
16,dis,1,kNN,,1829397,0.0012841224670410156,0.1470954418182373,6053
16,dis,1,MLP,,20933,4.602522850036621,0.0018382072448730469,6053
16,dis,1,NB,,1127,0.005873918533325195,0.0013353824615478516,6053
16,dis,1,1D-CNN,9505.0,41164,1.7383410930633545,0.015189886093139648,6053
16,dis,1,LSTM,12913.0,54697,2.278939723968506,0.021906375885009766,6053
16,dis,1,GRU,9697.0,41855,5.222431421279907,0.03172874450683594,6053
16,dis,1,BiLSTM,25825.0,107757,4.139631986618042,0.057550668716430664,6053
16,dis,1,CNN-LSTM,21361.0,89484,3.1501197814941406,0.030739307403564453,6053
16,dis,1,TCN,16465.0,69795,2.4292986392974854,0.021895647048950195,6053
16,dis,1,Transformer,38833.0,168425,22.188851356506348,0.11551475524902344,6053
16,dis,2,LR,,856,0.03518271446228027,0.0005121231079101562,6036
16,dis,2,RF,,1619147,0.24408602714538574,0.02315688133239746,6036
16,dis,2,GBoost,,129609,2.9673354625701904,0.0027875900268554688,6036
16,dis,2,XGBoost,,135722,0.05081510543823242,0.0014121532440185547,6036
16,dis,2,LightGBM,,352694,0.07227182388305664,0.0026624202728271484,6036
16,dis,2,DT,,8737,0.06151127815246582,0.0003972053527832031,6036
16,dis,2,SVM,,201243,0.8423287868499756,0.2582283020019531,6036
16,dis,2,kNN,,1830689,0.0013585090637207031,0.14731168746948242,6036
16,dis,2,MLP,,20970,5.306878566741943,0.001851797103881836,6036
16,dis,2,NB,,1127,0.005755186080932617,0.001332998275756836,6036
16,dis,2,1D-CNN,9505.0,41164,1.672903299331665,0.014946460723876953,6036
16,dis,2,LSTM,12913.0,54710,2.1668522357940674,0.01783156394958496,6036
16,dis,2,GRU,9697.0,41855,5.156826019287109,0.031208515167236328,6036
16,dis,2,BiLSTM,25825.0,107738,4.090926647186279,0.04889965057373047,6036
16,dis,2,CNN-LSTM,21361.0,89484,3.1679131984710693,0.027738094329833984,6036
16,dis,2,TCN,16465.0,69795,2.357160806655884,0.022058486938476562,6036
16,dis,2,Transformer,38833.0,168425,18.58007574081421,0.10993409156799316,6036
16,dis,3,LR,,856,0.039476871490478516,0.0004379749298095703,6014
16,dis,3,RF,,1461662,0.2347259521484375,0.023173093795776367,6014
16,dis,3,GBoost,,123561,2.910573959350586,0.0025942325592041016,6014
16,dis,3,XGBoost,,134567,0.053757667541503906,0.0013515949249267578,6014
16,dis,3,LightGBM,,352882,0.0697011947631836,0.0024652481079101562,6014
16,dis,3,DT,,7777,0.05704212188720703,0.0003857612609863281,6014
16,dis,3,SVM,,198747,0.8120300769805908,0.25217437744140625,6014
16,dis,3,kNN,,1832361,0.0013051033020019531,0.14412856101989746,6014
16,dis,3,MLP,,20970,4.650376558303833,0.0018017292022705078,6014
16,dis,3,NB,,1127,0.006221294403076172,0.0013523101806640625,6014
16,dis,3,1D-CNN,9505.0,41164,1.7281086444854736,0.014210700988769531,6014
16,dis,3,LSTM,12913.0,54721,2.0995473861694336,0.021368026733398438,6014
16,dis,3,GRU,9697.0,41855,5.164268255233765,0.03473997116088867,6014
16,dis,3,BiLSTM,25825.0,107757,4.203904390335083,0.05236220359802246,6014
16,dis,3,CNN-LSTM,21361.0,89484,3.301267385482788,0.030762910842895508,6014
16,dis,3,TCN,16465.0,69795,2.5521979331970215,0.02104663848876953,6014
16,dis,3,Transformer,38833.0,168425,22.40314793586731,0.11245512962341309,6014
16,dis,4,LR,,856,0.04856586456298828,0.0005400180816650391,5953
16,dis,4,RF,,1601707,0.23861980438232422,0.02290797233581543,5953
16,dis,4,GBoost,,121401,2.9082448482513428,0.002750873565673828,5953
16,dis,4,XGBoost,,133070,0.048066139221191406,0.0014984607696533203,5953
16,dis,4,LightGBM,,352689,0.07623529434204102,0.0023164749145507812,5953
16,dis,4,DT,,7777,0.04719662666320801,0.0003044605255126953,5953
16,dis,4,SVM,,186735,0.7602603435516357,0.2345895767211914,5953
16,dis,4,kNN,,1836997,0.0013098716735839844,0.14202356338500977,5953
16,dis,4,MLP,,20705,3.9695873260498047,0.0017704963684082031,5953
16,dis,4,NB,,1127,0.0054972171783447266,0.0012869834899902344,5953
16,dis,4,1D-CNN,9505.0,41164,1.7282915115356445,0.01473855972290039,5953
16,dis,4,LSTM,12913.0,54721,2.1029114723205566,0.02080845832824707,5953
16,dis,4,GRU,9697.0,41855,5.127362251281738,0.03225898742675781,5953
16,dis,4,BiLSTM,25825.0,107757,4.1249213218688965,0.05150127410888672,5953
16,dis,4,CNN-LSTM,21361.0,89484,3.018615961074829,0.029265880584716797,5953
16,dis,4,TCN,16465.0,69795,2.2578961849212646,0.020815372467041016,5953
16,dis,4,Transformer,38833.0,168425,20.291570901870728,0.10686945915222168,5953
16,flooding,0,LR,,856,0.10655045509338379,0.0006265640258789062,6013
16,flooding,0,RF,,584706,0.21282649040222168,0.023051738739013672,6013
16,flooding,0,GBoost,,125001,2.9146997928619385,0.0022356510162353516,6013
16,flooding,0,XGBoost,,91652,0.03611397743225098,0.0011401176452636719,6013
16,flooding,0,LightGBM,,356755,0.0698702335357666,0.002753734588623047,6013
16,flooding,0,DT,,3297,0.0363154411315918,0.0002942085266113281,6013
16,flooding,0,SVM,,70359,0.29413270950317383,0.09177184104919434,6013
16,flooding,0,kNN,,1827497,0.0013282299041748047,0.14772748947143555,6013
16,flooding,0,MLP,,19711,1.4973392486572266,0.0017666816711425781,6013
16,flooding,0,NB,,1127,0.005904436111450195,0.0013668537139892578,6013
16,flooding,0,1D-CNN,9505.0,41164,1.7302172183990479,0.014953136444091797,6013
16,flooding,0,LSTM,12913.0,54721,2.1717255115509033,0.01802802085876465,6013
16,flooding,0,GRU,9697.0,41855,5.115414381027222,0.031707763671875,6013
16,flooding,0,BiLSTM,25825.0,107738,4.102497577667236,0.04551076889038086,6013
16,flooding,0,CNN-LSTM,21361.0,89484,3.100015163421631,0.0279843807220459,6013
16,flooding,0,TCN,16465.0,69795,2.4158401489257812,0.021240949630737305,6013
16,flooding,0,Transformer,38833.0,168425,22.19425106048584,0.10686397552490234,6013
16,flooding,1,LR,,856,0.02684807777404785,0.00041866302490234375,5918
16,flooding,1,RF,,576054,0.20909380912780762,0.023097991943359375,5918
16,flooding,1,GBoost,,126009,2.9342703819274902,0.0021800994873046875,5918
16,flooding,1,XGBoost,,92132,0.03607511520385742,0.0011837482452392578,5918
16,flooding,1,LightGBM,,354645,0.06078648567199707,0.002550363540649414,5918
16,flooding,1,DT,,3137,0.04170703887939453,0.0002872943878173828,5918
16,flooding,1,SVM,,65202,0.27445101737976074,0.08081746101379395,5918
16,flooding,1,kNN,,1834717,0.0010280609130859375,0.14610528945922852,5918
16,flooding,1,MLP,,19691,1.4633715152740479,0.0017728805541992188,5918
16,flooding,1,NB,,1127,0.005695343017578125,0.0012869834899902344,5918
16,flooding,1,1D-CNN,9505.0,41164,1.709852933883667,0.014426469802856445,5918
16,flooding,1,LSTM,12913.0,54721,2.075258255004883,0.016957998275756836,5918
16,flooding,1,GRU,9697.0,41855,4.884210824966431,0.03158092498779297,5918
16,flooding,1,BiLSTM,25825.0,107738,4.083693504333496,0.043474674224853516,5918
16,flooding,1,CNN-LSTM,21361.0,89484,3.087996244430542,0.0271453857421875,5918
16,flooding,1,TCN,16465.0,69795,2.4441750049591064,0.020544052124023438,5918
16,flooding,1,Transformer,38833.0,168425,21.876429557800293,0.10879921913146973,5918
16,flooding,2,LR,,856,0.02615809440612793,0.00054168701171875,6023
16,flooding,2,RF,,550318,0.20807814598083496,0.023126840591430664,6023
16,flooding,2,GBoost,,124281,2.8856287002563477,0.002268075942993164,6023
16,flooding,2,XGBoost,,91852,0.03341555595397949,0.0011315345764160156,6023
16,flooding,2,LightGBM,,351236,0.06009340286254883,0.002740621566772461,6023
16,flooding,2,DT,,3137,0.035614728927612305,0.0003058910369873047,6023
16,flooding,2,SVM,,68019,0.28293943405151367,0.08883881568908691,6023
16,flooding,2,kNN,,1826737,0.0013093948364257812,0.14781689643859863,6023
16,flooding,2,MLP,,19673,1.3816280364990234,0.0018384456634521484,6023
16,flooding,2,NB,,1127,0.005510091781616211,0.0012836456298828125,6023
16,flooding,2,1D-CNN,9505.0,41164,1.7300419807434082,0.015227794647216797,6023
16,flooding,2,LSTM,12913.0,54708,2.047759532928467,0.02160048484802246,6023
16,flooding,2,GRU,9697.0,41855,5.113239288330078,0.031236648559570312,6023
16,flooding,2,BiLSTM,25825.0,107738,4.07091212272644,0.04454684257507324,6023
16,flooding,2,CNN-LSTM,21361.0,89484,3.0867440700531006,0.027534961700439453,6023
16,flooding,2,TCN,16465.0,69795,2.407379150390625,0.022465944290161133,6023
16,flooding,2,Transformer,38833.0,168425,21.935680389404297,0.1149454116821289,6023
16,flooding,3,LR,,856,0.025716781616210938,0.0005140304565429688,5874
16,flooding,3,RF,,551058,0.1973106861114502,0.022998332977294922,5874
16,flooding,3,GBoost,,108585,2.7878715991973877,0.0023674964904785156,5874
16,flooding,3,XGBoost,,86401,0.03187680244445801,0.0011036396026611328,5874
16,flooding,3,LightGBM,,353486,0.07525277137756348,0.003298044204711914,5874
16,flooding,3,DT,,2657,0.03363680839538574,0.0002989768981933594,5874
16,flooding,3,SVM,,69579,0.3068370819091797,0.08881855010986328,5874
16,flooding,3,kNN,,1838061,0.0011556148529052734,0.14690494537353516,5874
16,flooding,3,MLP,,19692,1.4468209743499756,0.0017685890197753906,5874
16,flooding,3,NB,,1127,0.0052983760833740234,0.0012760162353515625,5874
16,flooding,3,1D-CNN,9505.0,41164,1.722996473312378,0.014701128005981445,5874
16,flooding,3,LSTM,12913.0,54708,2.08968186378479,0.01706409454345703,5874
16,flooding,3,GRU,9697.0,41855,5.156535625457764,0.03088855743408203,5874
16,flooding,3,BiLSTM,25825.0,107736,4.167046546936035,0.0428614616394043,5874
16,flooding,3,CNN-LSTM,21361.0,89484,3.0918333530426025,0.027184486389160156,5874
16,flooding,3,TCN,16465.0,69795,2.449537992477417,0.020812034606933594,5874
16,flooding,3,Transformer,38833.0,168425,21.975666761398315,0.10525345802307129,5874
16,flooding,4,LR,,856,0.027543306350708008,0.0004870891571044922,6222
16,flooding,4,RF,,487405,0.21194839477539062,0.023081302642822266,6222
16,flooding,4,GBoost,,122265,2.746283531188965,0.002234220504760742,6222
16,flooding,4,XGBoost,,89744,0.0395963191986084,0.0011758804321289062,6222
16,flooding,4,LightGBM,,301893,0.061058998107910156,0.0031566619873046875,6222
16,flooding,4,DT,,2657,0.024643898010253906,0.0002903938293457031,6222
16,flooding,4,SVM,,62550,0.2656426429748535,0.08137965202331543,6222
16,flooding,4,kNN,,1811613,0.0012760162353515625,0.16318464279174805,6222
16,flooding,4,MLP,,19691,1.4369263648986816,0.0018529891967773438,6222
16,flooding,4,NB,,1127,0.005649089813232422,0.0013320446014404297,6222
16,flooding,4,1D-CNN,9505.0,41164,1.7195932865142822,0.014903545379638672,6222
16,flooding,4,LSTM,12913.0,54708,2.0372726917266846,0.01798391342163086,6222
16,flooding,4,GRU,9697.0,41855,5.015601634979248,0.03202939033508301,6222
16,flooding,4,BiLSTM,25825.0,107717,4.050717353820801,0.05043292045593262,6222
16,flooding,4,CNN-LSTM,21361.0,89484,3.070082426071167,0.028786420822143555,6222
16,flooding,4,TCN,16465.0,69795,2.418304920196533,0.021815776824951172,6222
16,flooding,4,Transformer,38833.0,168425,21.815170764923096,0.11082291603088379,6222
16,shared-slot,0,LR,,856,0.028192520141601562,0.0005102157592773438,5384
16,shared-slot,0,RF,,1690824,0.28460049629211426,0.02313709259033203,5384
16,shared-slot,0,GBoost,,135522,2.716933250427246,0.00222015380859375,5384
16,shared-slot,0,XGBoost,,153064,0.08075380325317383,0.0013842582702636719,5384
16,shared-slot,0,LightGBM,,349365,0.07339668273925781,0.002775430679321289,5384
16,shared-slot,0,DT,,10497,0.0455629825592041,0.0004830360412597656,5384
16,shared-slot,0,SVM,,874236,3.5399558544158936,1.0078120231628418,5384
16,shared-slot,0,kNN,,1750585,0.0013468265533447266,0.12661051750183105,5384
16,shared-slot,0,MLP,,24639,14.162292957305908,0.0015060901641845703,5384
16,shared-slot,0,NB,,1127,0.0050923824310302734,0.001028299331665039,5384
16,shared-slot,0,1D-CNN,9505.0,41164,1.6217610836029053,0.012856721878051758,5384
16,shared-slot,0,LSTM,12913.0,54708,1.9915835857391357,0.0166318416595459,5384
16,shared-slot,0,GRU,9697.0,41855,4.751227617263794,0.027952194213867188,5384
16,shared-slot,0,BiLSTM,25825.0,107738,3.927462100982666,0.04213690757751465,5384
16,shared-slot,0,CNN-LSTM,21361.0,89484,2.9530627727508545,0.02493119239807129,5384
16,shared-slot,0,TCN,16465.0,69795,2.3313610553741455,0.019086837768554688,5384
16,shared-slot,0,Transformer,38833.0,168425,20.9992253780365,0.09314918518066406,5384
16,shared-slot,1,LR,,856,0.02877020835876465,0.0004811286926269531,5698
16,shared-slot,1,RF,,2116897,0.24088382720947266,0.022853612899780273,5698
16,shared-slot,1,GBoost,,135810,2.675612449645996,0.0020308494567871094,5698
16,shared-slot,1,XGBoost,,152993,0.04385638236999512,0.001352071762084961,5698
16,shared-slot,1,LightGBM,,349621,0.06851744651794434,0.0028984546661376953,5698
16,shared-slot,1,DT,,16257,0.05579018592834473,0.0003719329833984375,5698
16,shared-slot,1,SVM,,960504,3.8092551231384277,1.169945240020752,5698
16,shared-slot,1,kNN,,1726721,0.0013327598571777344,0.13571453094482422,5698
16,shared-slot,1,MLP,,24183,12.100870609283447,0.0015423297882080078,5698
16,shared-slot,1,NB,,1127,0.005283355712890625,0.0010769367218017578,5698
16,shared-slot,1,1D-CNN,9505.0,41164,1.6497209072113037,0.0158843994140625,5698
16,shared-slot,1,LSTM,12913.0,54708,1.934051275253296,0.01697063446044922,5698
16,shared-slot,1,GRU,9697.0,41855,4.670210599899292,0.031273603439331055,5698
16,shared-slot,1,BiLSTM,25825.0,107738,3.825111150741577,0.04580044746398926,5698
16,shared-slot,1,CNN-LSTM,21361.0,89484,2.903449296951294,0.03430795669555664,5698
16,shared-slot,1,TCN,16465.0,69795,2.3044378757476807,0.02150130271911621,5698
16,shared-slot,1,Transformer,38833.0,168425,20.80519390106201,0.0937039852142334,5698
16,shared-slot,2,LR,,856,0.026589632034301758,0.00052642822265625,5766
16,shared-slot,2,RF,,1835983,0.22002243995666504,0.023056507110595703,5766
16,shared-slot,2,GBoost,,135810,2.6734585762023926,0.002118349075317383,5766
16,shared-slot,2,XGBoost,,155375,0.04415488243103027,0.0013341903686523438,5766
16,shared-slot,2,LightGBM,,349362,0.06897711753845215,0.002725839614868164,5766
16,shared-slot,2,DT,,13537,0.05852317810058594,0.0003769397735595703,5766
16,shared-slot,2,SVM,,915888,3.6464998722076416,1.12884521484375,5766
16,shared-slot,2,kNN,,1721553,0.0013282299041748047,0.13541269302368164,5766
16,shared-slot,2,MLP,,24581,13.025741338729858,0.0015757083892822266,5766
16,shared-slot,2,NB,,1127,0.005663156509399414,0.0012497901916503906,5766
16,shared-slot,2,1D-CNN,9505.0,41164,1.6109673976898193,0.014816999435424805,5766
16,shared-slot,2,LSTM,12913.0,54708,1.8689119815826416,0.017993688583374023,5766
16,shared-slot,2,GRU,9697.0,41855,4.107475280761719,0.0290224552154541,5766
16,shared-slot,2,BiLSTM,25825.0,107738,3.5563321113586426,0.04737401008605957,5766
16,shared-slot,2,CNN-LSTM,21361.0,89484,2.6601126194000244,0.026966333389282227,5766
16,shared-slot,2,TCN,16465.0,69795,2.1046738624572754,0.020905256271362305,5766
16,shared-slot,2,Transformer,38833.0,168425,17.315666675567627,0.11028122901916504,5766
16,shared-slot,3,LR,,856,0.020335912704467773,0.0003917217254638672,5764
16,shared-slot,3,RF,,2199185,0.23485469818115234,0.022928237915039062,5764
16,shared-slot,3,GBoost,,135666,2.6765739917755127,0.0021538734436035156,5764
16,shared-slot,3,XGBoost,,158436,0.0443873405456543,0.0013375282287597656,5764
16,shared-slot,3,LightGBM,,349655,0.0730886459350586,0.0027933120727539062,5764
16,shared-slot,3,DT,,17857,0.05270886421203613,0.0003819465637207031,5764
16,shared-slot,3,SVM,,963468,3.8609681129455566,1.1848764419555664,5764
16,shared-slot,3,kNN,,1721705,0.0013234615325927734,0.13416576385498047,5764
16,shared-slot,3,MLP,,24828,13.590086698532104,0.0014944076538085938,5764
16,shared-slot,3,NB,,1127,0.005692243576049805,0.0012786388397216797,5764
16,shared-slot,3,1D-CNN,9505.0,41164,1.601001501083374,0.014213800430297852,5764
16,shared-slot,3,LSTM,12913.0,54708,1.9814214706420898,0.016788721084594727,5764
16,shared-slot,3,GRU,9697.0,41855,4.337677001953125,0.02986288070678711,5764
16,shared-slot,3,BiLSTM,25825.0,107757,3.910886764526367,0.04618716239929199,5764
16,shared-slot,3,CNN-LSTM,21361.0,89484,2.9079782962799072,0.03360557556152344,5764
16,shared-slot,3,TCN,16465.0,69795,2.3256680965423584,0.022126436233520508,5764
16,shared-slot,3,Transformer,38833.0,168425,20.71716284751892,0.09555172920227051,5764
16,shared-slot,4,LR,,856,0.029367685317993164,0.0004143714904785156,5797
16,shared-slot,4,RF,,2112740,0.24077820777893066,0.023198366165161133,5797
16,shared-slot,4,GBoost,,135666,2.674961566925049,0.002161741256713867,5797
16,shared-slot,4,XGBoost,,154764,0.043486595153808594,0.0013294219970703125,5797
16,shared-slot,4,LightGBM,,349768,0.07087826728820801,0.0028929710388183594,5797
16,shared-slot,4,DT,,16417,0.05185675621032715,0.0003211498260498047,5797
16,shared-slot,4,SVM,,833676,3.3553590774536133,1.0643126964569092,5797
16,shared-slot,4,kNN,,1719197,0.0013370513916015625,0.13690495491027832,5797
16,shared-slot,4,MLP,,24221,12.053941249847412,0.0015401840209960938,5797
16,shared-slot,4,NB,,1127,0.0052356719970703125,0.0012581348419189453,5797
16,shared-slot,4,1D-CNN,9505.0,41164,1.6538052558898926,0.016419410705566406,5797
16,shared-slot,4,LSTM,12913.0,54708,1.9604320526123047,0.01782536506652832,5797
16,shared-slot,4,GRU,9697.0,41855,4.772599458694458,0.03367471694946289,5797
16,shared-slot,4,BiLSTM,25825.0,107736,3.6750667095184326,0.04545736312866211,5797
16,shared-slot,4,CNN-LSTM,21361.0,89484,2.9192557334899902,0.03435087203979492,5797
16,shared-slot,4,TCN,16465.0,69795,2.2967865467071533,0.030893564224243164,5797
16,shared-slot,4,Transformer,38833.0,168425,20.555585384368896,0.11464643478393555,5797
16,slot-exhaustion,0,LR,,856,0.030155658721923828,0.0005166530609130859,5773
16,slot-exhaustion,0,RF,,1015972,0.221390962600708,0.022762775421142578,5773
16,slot-exhaustion,0,GBoost,,126873,2.76125168800354,0.0025320053100585938,5773
16,slot-exhaustion,0,XGBoost,,106644,0.040862321853637695,0.002427816390991211,5773
16,slot-exhaustion,0,LightGBM,,356211,0.06468057632446289,0.002226591110229492,5773
16,slot-exhaustion,0,DT,,5857,0.038492441177368164,0.00040721893310546875,5773
16,slot-exhaustion,0,SVM,,80967,0.3516678810119629,0.09845709800720215,5773
16,slot-exhaustion,0,kNN,,1829093,0.0012874603271484375,0.14049220085144043,5773
16,slot-exhaustion,0,MLP,,19805,1.7490839958190918,0.0018062591552734375,5773
16,slot-exhaustion,0,NB,,1127,0.005585670471191406,0.0012733936309814453,5773
16,slot-exhaustion,0,1D-CNN,9505.0,41164,1.7260003089904785,0.014839649200439453,5773
16,slot-exhaustion,0,LSTM,12913.0,54708,2.074064254760742,0.017062902450561523,5773
16,slot-exhaustion,0,GRU,9697.0,41855,5.094990491867065,0.030641794204711914,5773
16,slot-exhaustion,0,BiLSTM,25825.0,107717,4.075671672821045,0.046608924865722656,5773
16,slot-exhaustion,0,CNN-LSTM,21361.0,89484,3.0884358882904053,0.026672840118408203,5773
16,slot-exhaustion,0,TCN,16465.0,69795,2.4153409004211426,0.020577192306518555,5773
16,slot-exhaustion,0,Transformer,38833.0,168425,22.087591886520386,0.10581302642822266,5773
16,slot-exhaustion,1,LR,,856,0.029110431671142578,0.0004916191101074219,5829
16,slot-exhaustion,1,RF,,1059673,0.21948671340942383,0.023017406463623047,5829
16,slot-exhaustion,1,GBoost,,126729,2.7736892700195312,0.002754688262939453,5829
16,slot-exhaustion,1,XGBoost,,105958,0.046379804611206055,0.0012960433959960938,5829
16,slot-exhaustion,1,LightGBM,,355705,0.061841487884521484,0.002297639846801758,5829
16,slot-exhaustion,1,DT,,6497,0.036306142807006836,0.00033473968505859375,5829
16,slot-exhaustion,1,SVM,,73635,0.32795238494873047,0.09009599685668945,5829
16,slot-exhaustion,1,kNN,,1824837,0.0011096000671386719,0.14269399642944336,5829
16,slot-exhaustion,1,MLP,,19711,1.4966113567352295,0.0017316341400146484,5829
16,slot-exhaustion,1,NB,,1127,0.005274057388305664,0.001272439956665039,5829
16,slot-exhaustion,1,1D-CNN,9505.0,41164,1.7012665271759033,0.01474761962890625,5829
16,slot-exhaustion,1,LSTM,12913.0,54721,2.0669541358947754,0.020422697067260742,5829
16,slot-exhaustion,1,GRU,9697.0,41855,5.151415586471558,0.03316164016723633,5829
16,slot-exhaustion,1,BiLSTM,25825.0,107738,4.069981575012207,0.054451942443847656,5829
16,slot-exhaustion,1,CNN-LSTM,21361.0,89484,3.071861505508423,0.037200927734375,5829
16,slot-exhaustion,1,TCN,16465.0,69795,2.410956382751465,0.02285933494567871,5829
16,slot-exhaustion,1,Transformer,38833.0,168425,21.7349214553833,0.09773063659667969,5829
16,slot-exhaustion,2,LR,,856,0.029245615005493164,0.0005161762237548828,6063
16,slot-exhaustion,2,RF,,1023827,0.22559070587158203,0.023008346557617188,6063
16,slot-exhaustion,2,GBoost,,127593,2.746105670928955,0.002652883529663086,6063
16,slot-exhaustion,2,XGBoost,,108344,0.039782047271728516,0.0013082027435302734,6063
16,slot-exhaustion,2,LightGBM,,355536,0.0655355453491211,0.0023272037506103516,6063
16,slot-exhaustion,2,DT,,6017,0.04073047637939453,0.00031495094299316406,6063
16,slot-exhaustion,2,SVM,,73791,0.3326084613800049,0.09386491775512695,6063
16,slot-exhaustion,2,kNN,,1807053,0.0013813972473144531,0.15913033485412598,6063
16,slot-exhaustion,2,MLP,,19730,1.5241925716400146,0.0018584728240966797,6063
16,slot-exhaustion,2,NB,,1127,0.0053632259368896484,0.0011179447174072266,6063
16,slot-exhaustion,2,1D-CNN,9505.0,41164,1.7016026973724365,0.014215230941772461,6063
16,slot-exhaustion,2,LSTM,12913.0,54721,2.0539708137512207,0.02131056785583496,6063
16,slot-exhaustion,2,GRU,9697.0,41855,5.115814447402954,0.031600236892700195,6063
16,slot-exhaustion,2,BiLSTM,25825.0,107738,4.037520408630371,0.0568697452545166,6063
16,slot-exhaustion,2,CNN-LSTM,21361.0,89484,3.090759754180908,0.03052544593811035,6063
16,slot-exhaustion,2,TCN,16465.0,69795,2.4070487022399902,0.02204728126525879,6063
16,slot-exhaustion,2,Transformer,38833.0,168425,21.83938717842102,0.1197059154510498,6063
16,slot-exhaustion,3,LR,,856,0.029846668243408203,0.0005300045013427734,6156
16,slot-exhaustion,3,RF,,914532,0.20978379249572754,0.022997379302978516,6156
16,slot-exhaustion,3,GBoost,,106425,2.6285369396209717,0.0026712417602539062,6156
16,slot-exhaustion,3,XGBoost,,101806,0.04098224639892578,0.0013401508331298828,6156
16,slot-exhaustion,3,LightGBM,,355689,0.05635523796081543,0.0021097660064697266,6156
16,slot-exhaustion,3,DT,,5057,0.038269758224487305,0.0003445148468017578,6156
16,slot-exhaustion,3,SVM,,68643,0.31302595138549805,0.08842325210571289,6156
16,slot-exhaustion,3,kNN,,1799985,0.0009572505950927734,0.15218830108642578,6156
16,slot-exhaustion,3,MLP,,19710,1.460630178451538,0.0017786026000976562,6156
16,slot-exhaustion,3,NB,,1127,0.00512242317199707,0.001142740249633789,6156
16,slot-exhaustion,3,1D-CNN,9505.0,41164,1.6973021030426025,0.016643762588500977,6156
16,slot-exhaustion,3,LSTM,12913.0,54721,2.0687315464019775,0.017435312271118164,6156
16,slot-exhaustion,3,GRU,9697.0,41855,5.0274481773376465,0.025863170623779297,6156
16,slot-exhaustion,3,BiLSTM,25825.0,107738,4.102802038192749,0.05050539970397949,6156
16,slot-exhaustion,3,CNN-LSTM,21361.0,89484,3.0702614784240723,0.035900115966796875,6156
16,slot-exhaustion,3,TCN,16465.0,69795,2.412172794342041,0.024222850799560547,6156
16,slot-exhaustion,3,Transformer,38833.0,168425,21.591076612472534,0.11794114112854004,6156
16,slot-exhaustion,4,LR,,856,0.030382633209228516,0.0005114078521728516,6010
16,slot-exhaustion,4,RF,,957412,0.22069692611694336,0.023089170455932617,6010
16,slot-exhaustion,4,GBoost,,126873,2.7443594932556152,0.0028312206268310547,6010
16,slot-exhaustion,4,XGBoost,,106844,0.04109954833984375,0.0013093948364257812,6010
16,slot-exhaustion,4,LightGBM,,356617,0.07164502143859863,0.0022428035736083984,6010
16,slot-exhaustion,4,DT,,6177,0.03974032402038574,0.00033736228942871094,6010
16,slot-exhaustion,4,SVM,,74571,0.33690738677978516,0.0939035415649414,6010
16,slot-exhaustion,4,kNN,,1811081,0.0012812614440917969,0.15995526313781738,6010
16,slot-exhaustion,4,MLP,,19888,1.9038927555084229,0.0017998218536376953,6010
16,slot-exhaustion,4,NB,,1127,0.005503416061401367,0.001299142837524414,6010
16,slot-exhaustion,4,1D-CNN,9505.0,41164,1.568352460861206,0.014211416244506836,6010
16,slot-exhaustion,4,LSTM,12913.0,54721,1.9529812335968018,0.0172884464263916,6010
16,slot-exhaustion,4,GRU,9697.0,41855,4.397442579269409,0.02457880973815918,6010
16,slot-exhaustion,4,BiLSTM,25825.0,107738,3.850557565689087,0.04434013366699219,6010
16,slot-exhaustion,4,CNN-LSTM,21361.0,89484,2.881709575653076,0.027193069458007812,6010
16,slot-exhaustion,4,TCN,16465.0,69795,2.2472240924835205,0.02214789390563965,6010
16,slot-exhaustion,4,Transformer,38833.0,168425,18.18411087989807,0.10789990425109863,6010
16,timekeep,0,LR,,856,0.030094385147094727,0.000518798828125,5960
16,timekeep,0,RF,,2738182,0.2603950500488281,0.023125171661376953,5960
16,timekeep,0,GBoost,,135666,2.7987887859344482,0.0037271976470947266,5960
16,timekeep,0,XGBoost,,154968,0.046407222747802734,0.0013580322265625,5960
16,timekeep,0,LightGBM,,350102,0.0695340633392334,0.0029821395874023438,5960
16,timekeep,0,DT,,27940,0.07621574401855469,0.00041031837463378906,5960
16,timekeep,0,SVM,,864876,3.8595035076141357,1.0969884395599365,5960
16,timekeep,0,kNN,,1796641,0.0010929107666015625,0.14532804489135742,5960
16,timekeep,0,MLP,,22775,9.08735704421997,0.0016052722930908203,5960
16,timekeep,0,NB,,1127,0.005314826965332031,0.0012900829315185547,5960
16,timekeep,0,1D-CNN,9505.0,41164,1.7285265922546387,0.014532804489135742,5960
16,timekeep,0,LSTM,12913.0,54721,2.010889768600464,0.017102956771850586,5960
16,timekeep,0,GRU,9697.0,41855,5.091531276702881,0.031485795974731445,5960
16,timekeep,0,BiLSTM,25825.0,107759,3.964855909347534,0.047449588775634766,5960
16,timekeep,0,CNN-LSTM,21361.0,89484,2.859443187713623,0.027712345123291016,5960
16,timekeep,0,TCN,16465.0,69795,2.3237531185150146,0.02277398109436035,5960
16,timekeep,0,Transformer,38833.0,168425,21.56571865081787,0.12369561195373535,5960
16,timekeep,1,LR,,856,0.03185534477233887,0.0005795955657958984,6090
16,timekeep,1,RF,,2397159,0.2585117816925049,0.023340463638305664,6090
16,timekeep,1,GBoost,,135810,2.7547945976257324,0.0036296844482421875,6090
16,timekeep,1,XGBoost,,154084,0.04749798774719238,0.0013682842254638672,6090
16,timekeep,1,LightGBM,,350451,0.07322168350219727,0.003216266632080078,6090
16,timekeep,1,DT,,30340,0.07462024688720703,0.000545501708984375,6090
16,timekeep,1,SVM,,924000,4.111860275268555,1.200486183166504,6090
16,timekeep,1,kNN,,1786761,0.0013649463653564453,0.14958834648132324,6090
16,timekeep,1,MLP,,22357,7.905944347381592,0.00159454345703125,6090
16,timekeep,1,NB,,1127,0.0055310726165771484,0.0013620853424072266,6090
16,timekeep,1,1D-CNN,9505.0,41164,1.6918237209320068,0.016879796981811523,6090
16,timekeep,1,LSTM,12913.0,54697,2.0349152088165283,0.01765918731689453,6090
16,timekeep,1,GRU,9697.0,41855,4.946960926055908,0.025872468948364258,6090
16,timekeep,1,BiLSTM,25825.0,107738,4.119506359100342,0.04387235641479492,6090
16,timekeep,1,CNN-LSTM,21361.0,89484,3.0642590522766113,0.03492116928100586,6090
16,timekeep,1,TCN,16465.0,69795,2.388469934463501,0.03243398666381836,6090
16,timekeep,1,Transformer,38833.0,168425,21.406869649887085,0.10837388038635254,6090
16,timekeep,2,LR,,856,0.027969837188720703,0.0005261898040771484,5796
16,timekeep,2,RF,,2844772,0.253277063369751,0.022719144821166992,5796
16,timekeep,2,GBoost,,135090,2.8132405281066895,0.0033867359161376953,5796
16,timekeep,2,XGBoost,,157278,0.047989606857299805,0.001363992691040039,5796
16,timekeep,2,LightGBM,,350942,0.07948088645935059,0.002893686294555664,5796
16,timekeep,2,DT,,33060,0.07789325714111328,0.0004086494445800781,5796
16,timekeep,2,SVM,,843660,3.8232901096343994,1.0448603630065918,5796
16,timekeep,2,kNN,,1809105,0.0010876655578613281,0.13944506645202637,5796
16,timekeep,2,MLP,,23554,11.02339220046997,0.0014979839324951172,5796
16,timekeep,2,NB,,1127,0.0053119659423828125,0.0012922286987304688,5796
16,timekeep,2,1D-CNN,9505.0,41164,1.7147204875946045,0.014303207397460938,5796
16,timekeep,2,LSTM,12913.0,54686,2.0746960639953613,0.016976118087768555,5796
16,timekeep,2,GRU,9697.0,41855,5.035661458969116,0.030166149139404297,5796
16,timekeep,2,BiLSTM,25825.0,107759,4.1494364738464355,0.046309709548950195,5796
16,timekeep,2,CNN-LSTM,21361.0,89484,3.101405620574951,0.026827573776245117,5796
16,timekeep,2,TCN,16465.0,69795,2.434079647064209,0.02220320701599121,5796
16,timekeep,2,Transformer,38833.0,168425,21.85662269592285,0.10460352897644043,5796
16,timekeep,3,LR,,856,0.02908039093017578,0.00045371055603027344,5734
16,timekeep,3,RF,,2790194,0.27217864990234375,0.02341938018798828,5734
16,timekeep,3,GBoost,,135378,2.830641031265259,0.0034542083740234375,5734
16,timekeep,3,XGBoost,,157960,0.04696512222290039,0.0013647079467773438,5734
16,timekeep,3,LightGBM,,350804,0.07632684707641602,0.0030012130737304688,5734
16,timekeep,3,DT,,33060,0.07913565635681152,0.0004596710205078125,5734
16,timekeep,3,SVM,,929460,4.144477844238281,1.1406536102294922,5734
16,timekeep,3,kNN,,1813817,0.0013899803161621094,0.14667797088623047,5734
16,timekeep,3,MLP,,23004,9.727919340133667,0.0015594959259033203,5734
16,timekeep,3,NB,,1127,0.005767345428466797,0.001323699951171875,5734
16,timekeep,3,1D-CNN,9505.0,41164,1.7732415199279785,0.014426708221435547,5734
16,timekeep,3,LSTM,12913.0,54708,2.065685510635376,0.0203859806060791,5734
16,timekeep,3,GRU,9697.0,41855,5.130638599395752,0.02972865104675293,5734
16,timekeep,3,BiLSTM,25825.0,107759,4.1498517990112305,0.0536341667175293,5734
16,timekeep,3,CNN-LSTM,21361.0,89484,3.151930332183838,0.029032230377197266,5734
16,timekeep,3,TCN,16465.0,69795,2.442600727081299,0.021595478057861328,5734
16,timekeep,3,Transformer,38833.0,168425,22.07027530670166,0.10300660133361816,5734
16,timekeep,4,LR,,856,0.03268289566040039,0.0005271434783935547,6011
16,timekeep,4,RF,,2381470,0.24306440353393555,0.02309131622314453,6011
16,timekeep,4,GBoost,,135378,2.777841329574585,0.0035424232482910156,6011
16,timekeep,4,XGBoost,,153948,0.04748725891113281,0.0013687610626220703,6011
16,timekeep,4,LightGBM,,350484,0.08491730690002441,0.0030214786529541016,6011
16,timekeep,4,DT,,27300,0.07745575904846191,0.00047397613525390625,6011
16,timekeep,4,SVM,,882348,3.9310011863708496,1.1341886520385742,6011
16,timekeep,4,kNN,,1792765,0.0013706684112548828,0.14734148979187012,6011
16,timekeep,4,MLP,,23270,10.292044162750244,0.001573324203491211,6011
16,timekeep,4,NB,,1127,0.00551152229309082,0.0013685226440429688,6011
16,timekeep,4,1D-CNN,9505.0,41164,1.6740026473999023,0.015433311462402344,6011
16,timekeep,4,LSTM,12913.0,54708,2.0460867881774902,0.021055221557617188,6011
16,timekeep,4,GRU,9697.0,41855,5.165497541427612,0.0318453311920166,6011
16,timekeep,4,BiLSTM,25825.0,107759,4.0504961013793945,0.05589771270751953,6011
16,timekeep,4,CNN-LSTM,21361.0,89484,3.149111270904541,0.03027200698852539,6011
16,timekeep,4,TCN,16465.0,69795,2.3906171321868896,0.022410154342651367,6011
16,timekeep,4,Transformer,38833.0,168425,18.1070876121521,0.10461616516113281,6011
