model,attack,attackers,detected,detection_rate,median_delay_s,mean_delay_s,p90_delay_s
1D-CNN (W=16),6P,30,30,1.0,12.0,12.9,21.2
1D-CNN (W=16),AppFlood,30,30,1.0,0.0,3.7,11.0
1D-CNN (W=16),Blackhole,30,26,0.867,134.5,285.4,578.0
1D-CNN (W=16),DIS,30,30,1.0,29.0,50.4,83.1
1D-CNN (W=16),Decrease,30,25,0.833,0.0,13.7,13.4
1D-CNN (W=16),Desync,30,24,0.8,21.0,258.6,596.4
1D-CNN (W=16),Shared,30,24,0.8,11.0,572.5,1975.0
LR (per-record),6P,30,30,1.0,9.0,7.7,15.1
LR (per-record),AppFlood,30,30,1.0,0.0,3.3,9.2
LR (per-record),Blackhole,30,29,0.967,220.0,411.1,1102.6
LR (per-record),DIS,30,30,1.0,46.5,54.2,89.2
LR (per-record),Decrease,30,29,0.967,0.0,78.8,230.6
LR (per-record),Desync,30,29,0.967,124.0,432.7,1292.8
LR (per-record),Shared,30,21,0.7,276.0,569.5,1414.0
