attack,model,group,onset_s,detected,delay_s,attacker_records
Blackhole,LR (per-record),21core|2,1376,True,1369.0,210
Blackhole,LR (per-record),21core|3,1348,True,14.0,280
Blackhole,LR (per-record),21core|4,1363,True,0.0,260
Blackhole,LR (per-record),21core|7,1388,True,223.0,207
Blackhole,LR (per-record),21core|8,1366,True,409.0,187
Blackhole,LR (per-record),21edge|14,2657,False,,77
Blackhole,LR (per-record),21edge|15,1358,True,40.0,206
Blackhole,LR (per-record),21edge|18,1364,True,1814.0,137
Blackhole,LR (per-record),21edge|19,2698,True,516.0,44
Blackhole,LR (per-record),21edge|20,1358,True,219.0,239
Blackhole,LR (per-record),21mid|10,1356,True,215.0,212
Blackhole,LR (per-record),21mid|12,1452,True,114.0,231
Blackhole,LR (per-record),21mid|13,1470,True,128.0,183
Blackhole,LR (per-record),21mid|6,1357,True,603.0,284
Blackhole,LR (per-record),21mid|9,1354,True,269.0,266
Blackhole,LR (per-record),31core|10,1368,True,38.0,236
Blackhole,LR (per-record),31core|2,1367,True,0.0,167
Blackhole,LR (per-record),31core|3,1363,True,0.0,231
Blackhole,LR (per-record),31core|4,1355,True,343.0,270
Blackhole,LR (per-record),31core|9,1461,True,161.0,162
Blackhole,LR (per-record),31edge|22,1357,True,220.0,209
Blackhole,LR (per-record),31edge|24,1365,True,0.0,97
Blackhole,LR (per-record),31edge|25,1356,True,1902.0,187
Blackhole,LR (per-record),31edge|27,1364,True,1036.0,147
Blackhole,LR (per-record),31edge|29,1353,True,44.0,85
Blackhole,LR (per-record),31mid|12,1354,True,31.0,247
Blackhole,LR (per-record),31mid|13,1353,True,1011.0,242
Blackhole,LR (per-record),31mid|16,1366,True,413.0,255
Blackhole,LR (per-record),31mid|18,1474,True,465.0,230
Blackhole,LR (per-record),31mid|21,1701,True,325.0,56
Blackhole,1D-CNN (W=16),21core|2,1376,True,553.0,210
Blackhole,1D-CNN (W=16),21core|3,1348,True,14.0,280
Blackhole,1D-CNN (W=16),21core|4,1363,True,5.0,260
Blackhole,1D-CNN (W=16),21core|7,1388,True,0.0,207
Blackhole,1D-CNN (W=16),21core|8,1366,True,409.0,187
Blackhole,1D-CNN (W=16),21edge|14,2657,False,,77
Blackhole,1D-CNN (W=16),21edge|15,1358,True,0.0,206
Blackhole,1D-CNN (W=16),21edge|18,1364,True,1780.0,137
Blackhole,1D-CNN (W=16),21edge|19,2698,False,,44
Blackhole,1D-CNN (W=16),21edge|20,1358,True,219.0,239
Blackhole,1D-CNN (W=16),21mid|10,1356,True,7.0,212
Blackhole,1D-CNN (W=16),21mid|12,1452,True,118.0,231
Blackhole,1D-CNN (W=16),21mid|13,1470,True,128.0,183
Blackhole,1D-CNN (W=16),21mid|6,1357,True,603.0,284
Blackhole,1D-CNN (W=16),21mid|9,1354,True,269.0,266
Blackhole,1D-CNN (W=16),31core|10,1368,True,145.0,236
Blackhole,1D-CNN (W=16),31core|2,1367,True,6.0,167
Blackhole,1D-CNN (W=16),31core|3,1363,True,0.0,231
Blackhole,1D-CNN (W=16),31core|4,1355,True,0.0,270
Blackhole,1D-CNN (W=16),31core|9,1461,True,165.0,162
Blackhole,1D-CNN (W=16),31edge|22,1357,True,23.0,209
Blackhole,1D-CNN (W=16),31edge|24,1365,True,0.0,97
Blackhole,1D-CNN (W=16),31edge|25,1356,True,1912.0,187
Blackhole,1D-CNN (W=16),31edge|27,1364,False,,147
Blackhole,1D-CNN (W=16),31edge|29,1353,True,294.0,85
Blackhole,1D-CNN (W=16),31mid|12,1354,True,0.0,247
Blackhole,1D-CNN (W=16),31mid|13,1353,False,,242
Blackhole,1D-CNN (W=16),31mid|16,1366,True,413.0,255
Blackhole,1D-CNN (W=16),31mid|18,1474,True,141.0,230
Blackhole,1D-CNN (W=16),31mid|21,1701,True,216.0,56
Decrease,LR (per-record),21core|2,1351,True,91.0,285
Decrease,LR (per-record),21core|3,1355,True,0.0,279
Decrease,LR (per-record),21core|4,1355,True,188.0,276
Decrease,LR (per-record),21core|7,1357,True,33.0,273
Decrease,LR (per-record),21core|8,1369,True,0.0,287
Decrease,LR (per-record),21edge|14,1354,True,574.0,280
Decrease,LR (per-record),21edge|15,1350,True,23.0,280
Decrease,LR (per-record),21edge|18,1358,True,0.0,272
Decrease,LR (per-record),21edge|19,1358,True,0.0,282
Decrease,LR (per-record),21edge|20,1379,True,0.0,277
Decrease,LR (per-record),21mid|10,1353,True,20.0,279
Decrease,LR (per-record),21mid|12,1358,True,0.0,279
Decrease,LR (per-record),21mid|13,1363,True,0.0,278
Decrease,LR (per-record),21mid|6,1355,True,401.0,279
Decrease,LR (per-record),21mid|9,1354,True,0.0,277
Decrease,LR (per-record),31core|10,1352,True,0.0,285
Decrease,LR (per-record),31core|2,1356,True,900.0,278
Decrease,LR (per-record),31core|3,1356,False,,286
Decrease,LR (per-record),31core|4,1348,True,48.0,276
Decrease,LR (per-record),31core|9,1364,True,0.0,276
Decrease,LR (per-record),31edge|22,1358,True,0.0,278
Decrease,LR (per-record),31edge|24,1362,True,0.0,276
Decrease,LR (per-record),31edge|25,1363,True,0.0,272
Decrease,LR (per-record),31edge|27,1351,True,0.0,280
Decrease,LR (per-record),31edge|29,1361,True,7.0,283
Decrease,LR (per-record),31mid|12,1356,True,0.0,273
Decrease,LR (per-record),31mid|13,2218,True,0.0,168
Decrease,LR (per-record),31mid|16,1364,True,0.0,285
Decrease,LR (per-record),31mid|18,1353,True,0.0,287
Decrease,LR (per-record),31mid|21,1360,True,0.0,278
Decrease,1D-CNN (W=16),21core|2,1351,False,,285
Decrease,1D-CNN (W=16),21core|3,1355,True,0.0,279
Decrease,1D-CNN (W=16),21core|4,1355,True,6.0,276
Decrease,1D-CNN (W=16),21core|7,1357,True,0.0,273
Decrease,1D-CNN (W=16),21core|8,1369,True,0.0,287
Decrease,1D-CNN (W=16),21edge|14,1354,False,,280
Decrease,1D-CNN (W=16),21edge|15,1350,True,11.0,280
Decrease,1D-CNN (W=16),21edge|18,1358,True,15.0,272
Decrease,1D-CNN (W=16),21edge|19,1358,True,0.0,282
Decrease,1D-CNN (W=16),21edge|20,1379,True,7.0,277
Decrease,1D-CNN (W=16),21mid|10,1353,True,0.0,279
Decrease,1D-CNN (W=16),21mid|12,1358,True,9.0,279
Decrease,1D-CNN (W=16),21mid|13,1363,True,0.0,278
Decrease,1D-CNN (W=16),21mid|6,1355,False,,279
Decrease,1D-CNN (W=16),21mid|9,1354,True,7.0,277
Decrease,1D-CNN (W=16),31core|10,1352,True,0.0,285
Decrease,1D-CNN (W=16),31core|2,1356,True,0.0,278
Decrease,1D-CNN (W=16),31core|3,1356,False,,286
Decrease,1D-CNN (W=16),31core|4,1348,True,0.0,276
Decrease,1D-CNN (W=16),31core|9,1364,True,0.0,276
Decrease,1D-CNN (W=16),31edge|22,1358,True,0.0,278
Decrease,1D-CNN (W=16),31edge|24,1362,True,0.0,276
Decrease,1D-CNN (W=16),31edge|25,1363,True,0.0,272
Decrease,1D-CNN (W=16),31edge|27,1351,False,,280
Decrease,1D-CNN (W=16),31edge|29,1361,True,236.0,283
Decrease,1D-CNN (W=16),31mid|12,1356,True,0.0,273
Decrease,1D-CNN (W=16),31mid|13,2218,True,0.0,168
Decrease,1D-CNN (W=16),31mid|16,1364,True,0.0,285
Decrease,1D-CNN (W=16),31mid|18,1353,True,52.0,287
Decrease,1D-CNN (W=16),31mid|21,1360,True,0.0,278
DIS,LR (per-record),21core|2,1355,True,36.0,282
DIS,LR (per-record),21core|3,1360,True,122.0,283
DIS,LR (per-record),21core|4,1349,True,75.0,282
DIS,LR (per-record),21core|7,1354,True,55.0,278
DIS,LR (per-record),21core|8,1352,True,28.0,278
DIS,LR (per-record),21edge|14,1356,True,19.0,281
DIS,LR (per-record),21edge|15,1352,True,16.0,278
DIS,LR (per-record),21edge|16,1347,True,29.0,287
DIS,LR (per-record),21edge|19,1357,True,29.0,281
DIS,LR (per-record),21edge|21,1359,True,86.0,265
DIS,LR (per-record),21mid|10,1362,True,62.0,277
DIS,LR (per-record),21mid|12,1350,True,19.0,282
DIS,LR (per-record),21mid|13,1351,True,20.0,280
DIS,LR (per-record),21mid|6,1365,True,68.0,270
DIS,LR (per-record),21mid|9,1358,True,15.0,276
DIS,LR (per-record),31core|2,1360,True,118.0,280
DIS,LR (per-record),31core|4,1351,True,37.0,285
DIS,LR (per-record),31core|5,1353,True,170.0,275
DIS,LR (per-record),31core|7,1353,True,41.0,277
DIS,LR (per-record),31core|9,1362,True,19.0,283
DIS,LR (per-record),31edge|22,1357,True,84.0,277
DIS,LR (per-record),31edge|23,1369,True,58.0,285
DIS,LR (per-record),31edge|24,1353,True,31.0,282
DIS,LR (per-record),31edge|29,1353,True,49.0,283
DIS,LR (per-record),31edge|30,1352,True,34.0,275
DIS,LR (per-record),31mid|12,1357,True,75.0,275
DIS,LR (per-record),31mid|13,1351,True,44.0,287
DIS,LR (per-record),31mid|14,1997,True,72.0,190
DIS,LR (per-record),31mid|20,1362,True,58.0,284
DIS,LR (per-record),31mid|21,1363,True,56.0,284
DIS,1D-CNN (W=16),21core|2,1355,True,47.0,282
DIS,1D-CNN (W=16),21core|3,1360,True,28.0,283
DIS,1D-CNN (W=16),21core|4,1349,True,25.0,282
DIS,1D-CNN (W=16),21core|7,1354,True,70.0,278
DIS,1D-CNN (W=16),21core|8,1352,True,28.0,278
DIS,1D-CNN (W=16),21edge|14,1356,True,19.0,281
DIS,1D-CNN (W=16),21edge|15,1352,True,16.0,278
DIS,1D-CNN (W=16),21edge|16,1347,True,29.0,287
DIS,1D-CNN (W=16),21edge|19,1357,True,16.0,281
DIS,1D-CNN (W=16),21edge|21,1359,True,59.0,265
DIS,1D-CNN (W=16),21mid|10,1362,True,20.0,277
DIS,1D-CNN (W=16),21mid|12,1350,True,19.0,282
DIS,1D-CNN (W=16),21mid|13,1351,True,29.0,280
DIS,1D-CNN (W=16),21mid|6,1365,True,58.0,270
DIS,1D-CNN (W=16),21mid|9,1358,True,15.0,276
DIS,1D-CNN (W=16),31core|2,1360,True,231.0,280
DIS,1D-CNN (W=16),31core|4,1351,True,47.0,285
DIS,1D-CNN (W=16),31core|5,1353,True,165.0,275
DIS,1D-CNN (W=16),31core|7,1353,True,29.0,277
DIS,1D-CNN (W=16),31core|9,1362,True,19.0,283
DIS,1D-CNN (W=16),31edge|22,1357,True,236.0,277
DIS,1D-CNN (W=16),31edge|23,1369,True,29.0,285
DIS,1D-CNN (W=16),31edge|24,1353,True,31.0,282
DIS,1D-CNN (W=16),31edge|29,1353,True,24.0,283
DIS,1D-CNN (W=16),31edge|30,1352,True,34.0,275
DIS,1D-CNN (W=16),31mid|12,1357,True,49.0,275
DIS,1D-CNN (W=16),31mid|13,1351,True,29.0,287
DIS,1D-CNN (W=16),31mid|14,1997,True,22.0,190
DIS,1D-CNN (W=16),31mid|20,1362,True,74.0,284
DIS,1D-CNN (W=16),31mid|21,1363,True,16.0,284
AppFlood,LR (per-record),21core|2,1368,True,0.0,276
AppFlood,LR (per-record),21core|3,1368,True,0.0,286
AppFlood,LR (per-record),21core|4,1371,True,21.0,289
AppFlood,LR (per-record),21core|7,1355,True,11.0,275
AppFlood,LR (per-record),21core|8,1366,True,0.0,280
AppFlood,LR (per-record),21edge|14,1353,True,7.0,287
AppFlood,LR (per-record),21edge|15,1362,True,0.0,276
AppFlood,LR (per-record),21edge|18,1367,True,0.0,280
AppFlood,LR (per-record),21edge|19,1361,True,0.0,277
AppFlood,LR (per-record),21edge|20,1727,True,0.0,237
AppFlood,LR (per-record),21mid|10,1360,True,7.0,283
AppFlood,LR (per-record),21mid|12,1355,True,0.0,287
AppFlood,LR (per-record),21mid|13,1362,True,0.0,283
AppFlood,LR (per-record),21mid|6,1355,True,0.0,279
AppFlood,LR (per-record),21mid|9,1355,True,6.0,280
AppFlood,LR (per-record),31core|10,1360,True,0.0,281
AppFlood,LR (per-record),31core|2,1357,True,0.0,288
AppFlood,LR (per-record),31core|3,1352,True,0.0,276
AppFlood,LR (per-record),31core|4,1361,True,0.0,280
AppFlood,LR (per-record),31core|9,1357,True,6.0,275
AppFlood,LR (per-record),31edge|22,1361,True,0.0,282
AppFlood,LR (per-record),31edge|24,1366,True,0.0,281
AppFlood,LR (per-record),31edge|25,1354,True,4.0,281
AppFlood,LR (per-record),31edge|27,1354,True,9.0,287
AppFlood,LR (per-record),31edge|29,1362,True,11.0,272
AppFlood,LR (per-record),31mid|12,1363,True,0.0,280
AppFlood,LR (per-record),31mid|13,1360,True,0.0,285
AppFlood,LR (per-record),31mid|16,1360,True,9.0,277
AppFlood,LR (per-record),31mid|18,1355,True,8.0,278
AppFlood,LR (per-record),31mid|21,1358,True,0.0,275
AppFlood,1D-CNN (W=16),21core|2,1368,True,5.0,276
AppFlood,1D-CNN (W=16),21core|3,1368,True,0.0,286
AppFlood,1D-CNN (W=16),21core|4,1371,True,0.0,289
AppFlood,1D-CNN (W=16),21core|7,1355,True,11.0,275
AppFlood,1D-CNN (W=16),21core|8,1366,True,0.0,280
AppFlood,1D-CNN (W=16),21edge|14,1353,True,7.0,287
AppFlood,1D-CNN (W=16),21edge|15,1362,True,11.0,276
AppFlood,1D-CNN (W=16),21edge|18,1367,True,0.0,280
AppFlood,1D-CNN (W=16),21edge|19,1361,True,0.0,277
AppFlood,1D-CNN (W=16),21edge|20,1727,True,0.0,237
AppFlood,1D-CNN (W=16),21mid|10,1360,True,0.0,283
AppFlood,1D-CNN (W=16),21mid|12,1355,True,0.0,287
AppFlood,1D-CNN (W=16),21mid|13,1362,True,0.0,283
AppFlood,1D-CNN (W=16),21mid|6,1355,True,0.0,279
AppFlood,1D-CNN (W=16),21mid|9,1355,True,6.0,280
AppFlood,1D-CNN (W=16),31core|10,1360,True,0.0,281
AppFlood,1D-CNN (W=16),31core|2,1357,True,0.0,288
AppFlood,1D-CNN (W=16),31core|3,1352,True,12.0,276
AppFlood,1D-CNN (W=16),31core|4,1361,True,5.0,280
AppFlood,1D-CNN (W=16),31core|9,1357,True,6.0,275
AppFlood,1D-CNN (W=16),31edge|22,1361,True,0.0,282
AppFlood,1D-CNN (W=16),31edge|24,1366,True,0.0,281
AppFlood,1D-CNN (W=16),31edge|25,1354,True,11.0,281
AppFlood,1D-CNN (W=16),31edge|27,1354,True,9.0,287
AppFlood,1D-CNN (W=16),31edge|29,1362,True,11.0,272
AppFlood,1D-CNN (W=16),31mid|12,1363,True,0.0,280
AppFlood,1D-CNN (W=16),31mid|13,1360,True,0.0,285
AppFlood,1D-CNN (W=16),31mid|16,1360,True,9.0,277
AppFlood,1D-CNN (W=16),31mid|18,1355,True,8.0,278
AppFlood,1D-CNN (W=16),31mid|21,1358,True,0.0,275
Shared,LR (per-record),21core|2,1359,False,,104
Shared,LR (per-record),21core|3,1363,False,,100
Shared,LR (per-record),21core|4,1359,True,1111.0,87
Shared,LR (per-record),21core|7,1352,True,0.0,53
Shared,LR (per-record),21core|8,1351,True,938.0,24
Shared,LR (per-record),21edge|14,1352,True,1058.0,102
Shared,LR (per-record),21edge|15,1353,True,1847.0,103
Shared,LR (per-record),21edge|16,1363,False,,103
Shared,LR (per-record),21edge|19,1368,True,1180.0,88
Shared,LR (per-record),21edge|21,1357,False,,108
Shared,LR (per-record),21mid|10,1360,True,85.0,145
Shared,LR (per-record),21mid|12,1356,True,1414.0,109
Shared,LR (per-record),21mid|13,1350,True,276.0,83
Shared,LR (per-record),21mid|6,1369,True,162.0,28
Shared,LR (per-record),21mid|9,1360,True,312.0,212
Shared,LR (per-record),31core|2,1357,False,,284
Shared,LR (per-record),31core|4,1359,True,0.0,120
Shared,LR (per-record),31core|5,1360,True,161.0,78
Shared,LR (per-record),31core|7,1364,True,185.0,111
Shared,LR (per-record),31core|9,1356,True,378.0,23
Shared,LR (per-record),31edge|22,1359,True,1677.0,271
Shared,LR (per-record),31edge|23,1348,False,,61
Shared,LR (per-record),31edge|24,1361,True,242.0,107
Shared,LR (per-record),31edge|29,1350,False,,28
Shared,LR (per-record),31edge|30,1366,False,,100
Shared,LR (per-record),31mid|12,1355,True,0.0,179
Shared,LR (per-record),31mid|13,1353,True,0.0,107
Shared,LR (per-record),31mid|14,1356,True,933.0,101
Shared,LR (per-record),31mid|20,1349,True,0.0,105
Shared,LR (per-record),31mid|21,1365,False,,192
Shared,1D-CNN (W=16),21core|2,1359,False,,104
Shared,1D-CNN (W=16),21core|3,1363,True,0.0,100
Shared,1D-CNN (W=16),21core|4,1359,False,,87
Shared,1D-CNN (W=16),21core|7,1352,False,,53
Shared,1D-CNN (W=16),21core|8,1351,True,0.0,24
Shared,1D-CNN (W=16),21edge|14,1352,True,6.0,102
Shared,1D-CNN (W=16),21edge|15,1353,True,1501.0,103
Shared,1D-CNN (W=16),21edge|16,1363,True,0.0,103
Shared,1D-CNN (W=16),21edge|19,1368,True,0.0,88
Shared,1D-CNN (W=16),21edge|21,1357,False,,108
Shared,1D-CNN (W=16),21mid|10,1360,True,0.0,145
Shared,1D-CNN (W=16),21mid|12,1356,True,5.0,109
Shared,1D-CNN (W=16),21mid|13,1350,True,1440.0,83
Shared,1D-CNN (W=16),21mid|6,1369,True,6.0,28
Shared,1D-CNN (W=16),21mid|9,1360,True,725.0,212
Shared,1D-CNN (W=16),31core|2,1357,True,60.0,284
Shared,1D-CNN (W=16),31core|4,1359,True,2116.0,120
Shared,1D-CNN (W=16),31core|5,1360,True,2108.0,78
Shared,1D-CNN (W=16),31core|7,1364,True,0.0,111
Shared,1D-CNN (W=16),31core|9,1356,False,,23
Shared,1D-CNN (W=16),31edge|22,1359,True,11.0,271
Shared,1D-CNN (W=16),31edge|23,1348,True,7.0,61
Shared,1D-CNN (W=16),31edge|24,1361,True,1987.0,107
Shared,1D-CNN (W=16),31edge|29,1350,True,1482.0,28
Shared,1D-CNN (W=16),31edge|30,1366,True,1947.0,100
Shared,1D-CNN (W=16),31mid|12,1355,True,7.0,179
Shared,1D-CNN (W=16),31mid|13,1353,True,309.0,107
Shared,1D-CNN (W=16),31mid|14,1356,False,,101
Shared,1D-CNN (W=16),31mid|20,1349,True,12.0,105
Shared,1D-CNN (W=16),31mid|21,1365,True,11.0,192
6P,LR (per-record),21core|2,1351,True,15.0,283
6P,LR (per-record),21core|3,1359,True,4.0,285
6P,LR (per-record),21core|4,1359,True,8.0,281
6P,LR (per-record),21core|7,1354,True,11.0,276
6P,LR (per-record),21core|8,1354,True,11.0,280
6P,LR (per-record),21edge|14,1364,True,0.0,268
6P,LR (per-record),21edge|15,1355,True,7.0,283
6P,LR (per-record),21edge|18,1361,True,16.0,273
6P,LR (per-record),21edge|19,1366,True,10.0,273
6P,LR (per-record),21edge|20,1360,True,12.0,279
6P,LR (per-record),21mid|10,1357,True,10.0,286
6P,LR (per-record),21mid|12,1357,True,5.0,283
6P,LR (per-record),21mid|13,1357,True,9.0,278
6P,LR (per-record),21mid|6,1361,True,0.0,273
6P,LR (per-record),21mid|9,1352,True,8.0,285
6P,LR (per-record),31core|10,1363,True,0.0,283
6P,LR (per-record),31core|2,1367,True,9.0,272
6P,LR (per-record),31core|3,1352,True,9.0,283
6P,LR (per-record),31core|4,1358,True,10.0,278
6P,LR (per-record),31core|9,1359,True,9.0,277
6P,LR (per-record),31edge|22,1361,True,6.0,279
6P,LR (per-record),31edge|24,3380,True,0.0,30
6P,LR (per-record),31edge|25,1358,True,19.0,288
6P,LR (per-record),31edge|27,1361,True,20.0,280
6P,LR (per-record),31edge|29,2313,True,9.0,156
6P,LR (per-record),31mid|12,1361,True,4.0,284
6P,LR (per-record),31mid|13,2010,True,9.0,193
6P,LR (per-record),31mid|16,1361,True,0.0,279
6P,LR (per-record),31mid|18,1359,True,0.0,287
6P,LR (per-record),31mid|21,1354,True,0.0,279
6P,1D-CNN (W=16),21core|2,1351,True,15.0,283
6P,1D-CNN (W=16),21core|3,1359,True,20.0,285
6P,1D-CNN (W=16),21core|4,1359,True,8.0,281
6P,1D-CNN (W=16),21core|7,1354,True,11.0,276
6P,1D-CNN (W=16),21core|8,1354,True,11.0,280
6P,1D-CNN (W=16),21edge|14,1364,True,7.0,268
6P,1D-CNN (W=16),21edge|15,1355,True,7.0,283
6P,1D-CNN (W=16),21edge|18,1361,True,23.0,273
6P,1D-CNN (W=16),21edge|19,1366,True,18.0,273
6P,1D-CNN (W=16),21edge|20,1360,True,12.0,279
6P,1D-CNN (W=16),21mid|10,1357,True,10.0,286
6P,1D-CNN (W=16),21mid|12,1357,True,13.0,283
6P,1D-CNN (W=16),21mid|13,1357,True,9.0,278
6P,1D-CNN (W=16),21mid|6,1361,True,7.0,273
6P,1D-CNN (W=16),21mid|9,1352,True,14.0,285
6P,1D-CNN (W=16),31core|10,1363,True,0.0,283
6P,1D-CNN (W=16),31core|2,1367,True,19.0,272
6P,1D-CNN (W=16),31core|3,1352,True,9.0,283
6P,1D-CNN (W=16),31core|4,1358,True,21.0,278
6P,1D-CNN (W=16),31core|9,1359,True,17.0,277
6P,1D-CNN (W=16),31edge|22,1361,True,12.0,279
6P,1D-CNN (W=16),31edge|24,3380,True,10.0,30
6P,1D-CNN (W=16),31edge|25,1358,True,28.0,288
6P,1D-CNN (W=16),31edge|27,1361,True,29.0,280
6P,1D-CNN (W=16),31edge|29,2313,True,14.0,156
6P,1D-CNN (W=16),31mid|12,1361,True,13.0,284
6P,1D-CNN (W=16),31mid|13,2010,True,18.0,193
6P,1D-CNN (W=16),31mid|16,1361,True,0.0,279
6P,1D-CNN (W=16),31mid|18,1359,True,11.0,287
6P,1D-CNN (W=16),31mid|21,1354,True,0.0,279
Desync,LR (per-record),21core|2,1360,True,0.0,280
Desync,LR (per-record),21core|3,1358,True,21.0,273
Desync,LR (per-record),21core|4,1351,True,1979.0,288
Desync,LR (per-record),21core|7,1363,True,28.0,287
Desync,LR (per-record),21core|8,1361,True,209.0,279
Desync,LR (per-record),21edge|14,1357,True,326.0,278
Desync,LR (per-record),21edge|15,1362,True,32.0,281
Desync,LR (per-record),21edge|16,1360,True,1257.0,280
Desync,LR (per-record),21edge|19,1349,True,527.0,274
Desync,LR (per-record),21edge|21,1364,False,,287
Desync,LR (per-record),21mid|10,1366,True,221.0,285
Desync,LR (per-record),21mid|12,1371,True,428.0,277
Desync,LR (per-record),21mid|13,1355,True,58.0,282
Desync,LR (per-record),21mid|6,1363,True,31.0,285
Desync,LR (per-record),21mid|9,1368,True,349.0,282
Desync,LR (per-record),31core|2,1363,True,1922.0,288
Desync,LR (per-record),31core|4,1359,True,36.0,278
Desync,LR (per-record),31core|5,1364,True,21.0,280
Desync,LR (per-record),31core|7,1349,True,492.0,282
Desync,LR (per-record),31core|9,1353,True,62.0,277
Desync,LR (per-record),31edge|22,1354,True,124.0,275
Desync,LR (per-record),31edge|23,1361,True,39.0,286
Desync,LR (per-record),31edge|24,1357,True,1436.0,276
Desync,LR (per-record),31edge|29,1355,True,657.0,279
Desync,LR (per-record),31edge|30,1350,True,1019.0,285
Desync,LR (per-record),31mid|12,1361,True,93.0,282
Desync,LR (per-record),31mid|13,1363,True,98.0,279
Desync,LR (per-record),31mid|14,1888,True,82.0,188
Desync,LR (per-record),31mid|20,1351,True,0.0,220
Desync,LR (per-record),31mid|21,1352,True,1001.0,255
Desync,1D-CNN (W=16),21core|2,1360,True,627.0,280
Desync,1D-CNN (W=16),21core|3,1358,True,97.0,273
Desync,1D-CNN (W=16),21core|4,1351,False,,288
Desync,1D-CNN (W=16),21core|7,1363,True,6.0,287
Desync,1D-CNN (W=16),21core|8,1361,True,0.0,279
Desync,1D-CNN (W=16),21edge|14,1357,True,1942.0,278
Desync,1D-CNN (W=16),21edge|15,1362,True,10.0,281
Desync,1D-CNN (W=16),21edge|16,1360,False,,280
Desync,1D-CNN (W=16),21edge|19,1349,True,2102.0,274
Desync,1D-CNN (W=16),21edge|21,1364,True,461.0,287
Desync,1D-CNN (W=16),21mid|10,1366,True,23.0,285
Desync,1D-CNN (W=16),21mid|12,1371,False,,277
Desync,1D-CNN (W=16),21mid|13,1355,True,6.0,282
Desync,1D-CNN (W=16),21mid|6,1363,True,63.0,285
Desync,1D-CNN (W=16),21mid|9,1368,True,0.0,282
Desync,1D-CNN (W=16),31core|2,1363,False,,288
Desync,1D-CNN (W=16),31core|4,1359,True,22.0,278
Desync,1D-CNN (W=16),31core|5,1364,True,100.0,280
Desync,1D-CNN (W=16),31core|7,1349,True,90.0,282
Desync,1D-CNN (W=16),31core|9,1353,False,,277
Desync,1D-CNN (W=16),31edge|22,1354,True,20.0,275
Desync,1D-CNN (W=16),31edge|23,1361,True,5.0,286
Desync,1D-CNN (W=16),31edge|24,1357,True,0.0,276
Desync,1D-CNN (W=16),31edge|29,1355,True,525.0,279
Desync,1D-CNN (W=16),31edge|30,1350,False,,285
Desync,1D-CNN (W=16),31mid|12,1361,True,0.0,282
Desync,1D-CNN (W=16),31mid|13,1363,True,4.0,279
Desync,1D-CNN (W=16),31mid|14,1888,True,10.0,188
Desync,1D-CNN (W=16),31mid|20,1351,True,10.0,220
Desync,1D-CNN (W=16),31mid|21,1352,True,84.0,255
